DEBUG:selenium.webdriver.common.selenium_manager:Selenium Manager binary found at: /Users/korobkin/Library/Python/3.9/lib/python/site-packages/selenium/webdriver/common/macos/selenium-manager
DEBUG:selenium.webdriver.common.selenium_manager:Executing process: /Users/korobkin/Library/Python/3.9/lib/python/site-packages/selenium/webdriver/common/macos/selenium-manager --browser chrome --debug --language-binding python --output json
DEBUG:selenium.webdriver.common.selenium_manager:Sending stats to Plausible: Props { browser: "chrome", browser_version: "", os: "macos", arch: "x86_64", lang: "python", selenium_version: "4.36" }
DEBUG:selenium.webdriver.common.selenium_manager:chromedriver not found in PATH
DEBUG:selenium.webdriver.common.selenium_manager:chrome detected at /Applications/Google Chrome.app/Contents/MacOS/Google Chrome
DEBUG:selenium.webdriver.common.selenium_manager:Running command: /Applications/Google\ Chrome.app/Contents/MacOS/Google\ Chrome --version
DEBUG:selenium.webdriver.common.selenium_manager:Output: "Google Chrome 142.0.7444.176 "
DEBUG:selenium.webdriver.common.selenium_manager:Detected browser: chrome 142.0.7444.176
DEBUG:selenium.webdriver.common.selenium_manager:Discovering versions from https://googlechromelabs.github.io/chrome-for-testing/known-good-versions-with-downloads.json
DEBUG:selenium.webdriver.common.selenium_manager:Required driver: chromedriver 142.0.7444.175
DEBUG:selenium.webdriver.common.selenium_manager:chromedriver 142.0.7444.175 already in the cache
DEBUG:selenium.webdriver.common.selenium_manager:Driver path: /Users/korobkin/.cache/selenium/chromedriver/mac-x64/142.0.7444.175/chromedriver
DEBUG:selenium.webdriver.common.selenium_manager:Browser path: /Applications/Google Chrome.app/Contents/MacOS/Google Chrome
DEBUG:selenium.webdriver.common.service:Started executable: `/Users/korobkin/.cache/selenium/chromedriver/mac-x64/142.0.7444.175/chromedriver` in a child process with pid: 47735 using 0 to output -3
DEBUG:selenium.webdriver.remote.remote_connection:POST http://localhost:58271/session {'capabilities': {'firstMatch': [{}], 'alwaysMatch': {'browserName': 'chrome', 'pageLoadStrategy': <PageLoadStrategy.normal: 'normal'>, 'browserVersion': None, 'goog:chromeOptions': {'extensions': [], 'binary': '/Applications/Google Chrome.app/Contents/MacOS/Google Chrome', 'args': []}}}}
DEBUG:urllib3.connectionpool:Starting new HTTP connection (1): localhost:58271
DEBUG:urllib3.connectionpool:http://localhost:58271 "POST /session HTTP/1.1" 200 0
DEBUG:selenium.webdriver.remote.remote_connection:Remote response: status=200 | data={"value":{"capabilities":{"acceptInsecureCerts":false,"browserName":"chrome","browserVersion":"142.0.7444.176","chrome":{"chromedriverVersion":"142.0.7444.175 (302067f14a4ea3f42001580e6101fa25ed343445-refs/branch-heads/7444@{#2749})","userDataDir":"/var/folders/xq/k28hhdp52nsbf92tjy5nm6940000gn/T/.org.chromium.Chromium.scoped_dir.jCNIZN"},"fedcm:accounts":true,"goog:chromeOptions":{"debuggerAddress":"localhost:58282"},"goog:processID":47737,"networkConnectionEnabled":false,"pageLoadStrategy":"normal","platformName":"mac","proxy":{},"setWindowRect":true,"strictFileInteractability":false,"timeouts":{"implicit":0,"pageLoad":300000,"script":30000},"unhandledPromptBehavior":"dismiss and notify","webauthn:extension:credBlob":true,"webauthn:extension:largeBlob":true,"webauthn:extension:minPinLength":true,"webauthn:extension:prf":true,"webauthn:virtualAuthenticators":true},"sessionId":"036014fca830ce6ce137981b0a166e41"}} | headers=HTTPHeaderDict({'Content-Length': '926', 'Content-Type': 'application/json; charset=utf-8', 'cache-control': 'no-cache'})
DEBUG:selenium.webdriver.remote.remote_connection:Finished Request
INFO:my_logger:parsing start
DEBUG:asyncio:Using selector: KqueueSelector
INFO:telethon.network.mtprotosender:Connecting to 149.154.167.51:443/TcpFull...
DEBUG:telethon.network.mtprotosender:Connection attempt 1...
DEBUG:telethon.network.mtprotosender:Connection success!
DEBUG:telethon.network.mtprotosender:New auth_key attempt 1...
DEBUG:telethon.network.mtprotosender:auth_key generation success!
DEBUG:telethon.network.mtprotosender:Starting send loop
DEBUG:telethon.network.mtprotosender:Starting receive loop
INFO:telethon.network.mtprotosender:Connection to 149.154.167.51:443/TcpFull complete!
DEBUG:telethon.network.mtprotosender:Waiting for messages to send...
DEBUG:telethon.extensions.messagepacker:Assigned msg_id = 7578971951729262796 to InvokeWithLayerRequest (108a068b0)
DEBUG:telethon.network.mtprotosender:Encrypting 1 message(s) in 80 bytes for sending
DEBUG:telethon.network.mtprotosender:Encrypted messages put in a queue to be sent
DEBUG:telethon.network.mtprotosender:Waiting for messages to send...
DEBUG:telethon.network.mtprotosender:Receiving items from the network...
DEBUG:telethon.network.mtprotosender:Handling bad salt for message 7578971951729262796
DEBUG:telethon.network.mtprotosender:1 message(s) will be resent
DEBUG:telethon.network.mtprotosender:Receiving items from the network...
DEBUG:telethon.extensions.messagepacker:Assigned msg_id = 7578971951814302888 to InvokeWithLayerRequest (108a068b0)
DEBUG:telethon.network.mtprotosender:Encrypting 1 message(s) in 80 bytes for sending
DEBUG:telethon.network.mtprotosender:Encrypted messages put in a queue to be sent
DEBUG:telethon.network.mtprotosender:Waiting for messages to send...
DEBUG:telethon.extensions.messagepacker:Assigned msg_id = 7578971951819502320 to MsgsAck (108a06700)
DEBUG:telethon.network.mtprotosender:Encrypting 1 message(s) in 36 bytes for sending
DEBUG:telethon.network.mtprotosender:Encrypted messages put in a queue to be sent
DEBUG:telethon.network.mtprotosender:Waiting for messages to send...
DEBUG:telethon.network.mtprotosender:Handling container
DEBUG:telethon.network.mtprotosender:Handling new session created
DEBUG:telethon.network.mtprotosender:Handling acknowledge for [7578971951814302888]
DEBUG:telethon.network.mtprotosender:Receiving items from the network...
DEBUG:telethon.network.mtprotosender:Handling RPC result for message 7578971951814302888
DEBUG:telethon.network.mtprotosender:Receiving items from the network...
DEBUG:telethon.extensions.messagepacker:Assigned msg_id = 7578971951949021784 to GetUsersRequest (108a06a00)
DEBUG:telethon.network.mtprotosender:Encrypting 1 message(s) in 32 bytes for sending
DEBUG:telethon.network.mtprotosender:Encrypted messages put in a queue to be sent
DEBUG:telethon.network.mtprotosender:Waiting for messages to send...
DEBUG:telethon.extensions.messagepacker:Assigned msg_id = 7578971951952470272 to MsgsAck (108a06910)
DEBUG:telethon.network.mtprotosender:Encrypting 1 message(s) in 60 bytes for sending
DEBUG:telethon.network.mtprotosender:Encrypted messages put in a queue to be sent
DEBUG:telethon.network.mtprotosender:Waiting for messages to send...
DEBUG:telethon.network.mtprotosender:Handling RPC result for message 7578971951949021784
DEBUG:telethon.network.mtprotosender:Receiving items from the network...
DEBUG:telethon.extensions.messagepacker:Assigned msg_id = 7578971952078934160 to MsgsAck (108a06be0)
DEBUG:telethon.network.mtprotosender:Encrypting 1 message(s) in 36 bytes for sending
DEBUG:telethon.network.mtprotosender:Encrypted messages put in a queue to be sent
DEBUG:telethon.network.mtprotosender:Waiting for messages to send...
DEBUG:telethon.extensions.messagepacker:Assigned msg_id = 7578971952081946816 to MsgsAck (108a06940)
DEBUG:telethon.network.mtprotosender:Encrypting 1 message(s) in 36 bytes for sending
DEBUG:telethon.network.mtprotosender:Encrypted messages put in a queue to be sent
DEBUG:telethon.network.mtprotosender:Waiting for messages to send...
DEBUG:telethon.extensions.messagepacker:Assigned msg_id = 7578971952088906732 to GetUsersRequest (108a273d0)
DEBUG:telethon.network.mtprotosender:Encrypting 1 message(s) in 32 bytes for sending
DEBUG:telethon.network.mtprotosender:Encrypted messages put in a queue to be sent
DEBUG:telethon.network.mtprotosender:Waiting for messages to send...
DEBUG:telethon.network.mtprotosender:Handling RPC result for message 7578971952088906732
DEBUG:telethon.network.mtprotosender:Receiving items from the network...
DEBUG:telethon.extensions.messagepacker:Assigned msg_id = 7578971952183330980 to MsgsAck (108a27160)
DEBUG:telethon.network.mtprotosender:Encrypting 1 message(s) in 36 bytes for sending
DEBUG:telethon.network.mtprotosender:Encrypted messages put in a queue to be sent
DEBUG:telethon.network.mtprotosender:Waiting for messages to send...
DEBUG:telethon.extensions.messagepacker:Assigned msg_id = 7578971952186734644 to MsgsAck (108a06ca0)
DEBUG:telethon.network.mtprotosender:Encrypting 1 message(s) in 36 bytes for sending
DEBUG:selenium.webdriver.common.selenium_manager:Selenium Manager binary found at: /Users/korobkin/Library/Python/3.9/lib/python/site-packages/selenium/webdriver/common/macos/selenium-manager
DEBUG:selenium.webdriver.common.selenium_manager:Executing process: /Users/korobkin/Library/Python/3.9/lib/python/site-packages/selenium/webdriver/common/macos/selenium-manager --browser chrome --debug --language-binding python --output json
DEBUG:selenium.webdriver.common.selenium_manager:chromedriver not found in PATH
DEBUG:selenium.webdriver.common.selenium_manager:chrome detected at /Applications/Google Chrome.app/Contents/MacOS/Google Chrome
DEBUG:selenium.webdriver.common.selenium_manager:Running command: /Applications/Google\ Chrome.app/Contents/MacOS/Google\ Chrome --version
DEBUG:selenium.webdriver.common.selenium_manager:Output: "Google Chrome 142.0.7444.176 "
DEBUG:selenium.webdriver.common.selenium_manager:Detected browser: chrome 142.0.7444.176
DEBUG:selenium.webdriver.common.selenium_manager:Required driver: chromedriver 142.0.7444.175
DEBUG:selenium.webdriver.common.selenium_manager:chromedriver 142.0.7444.175 already in the cache
DEBUG:selenium.webdriver.common.selenium_manager:Driver path: /Users/korobkin/.cache/selenium/chromedriver/mac-x64/142.0.7444.175/chromedriver
DEBUG:selenium.webdriver.common.selenium_manager:Browser path: /Applications/Google Chrome.app/Contents/MacOS/Google Chrome
DEBUG:selenium.webdriver.common.service:Started executable: `/Users/korobkin/.cache/selenium/chromedriver/mac-x64/142.0.7444.175/chromedriver` in a child process with pid: 47901 using 0 to output -3
DEBUG:selenium.webdriver.remote.remote_connection:POST http://localhost:58308/session {'capabilities': {'firstMatch': [{}], 'alwaysMatch': {'browserName': 'chrome', 'pageLoadStrategy': <PageLoadStrategy.normal: 'normal'>, 'browserVersion': None, 'goog:chromeOptions': {'extensions': [], 'binary': '/Applications/Google Chrome.app/Contents/MacOS/Google Chrome', 'args': []}}}}
DEBUG:urllib3.connectionpool:Starting new HTTP connection (1): localhost:58308
DEBUG:urllib3.connectionpool:http://localhost:58308 "POST /session HTTP/1.1" 200 0
DEBUG:selenium.webdriver.remote.remote_connection:Remote response: status=200 | data={"value":{"capabilities":{"acceptInsecureCerts":false,"browserName":"chrome","browserVersion":"142.0.7444.176","chrome":{"chromedriverVersion":"142.0.7444.175 (302067f14a4ea3f42001580e6101fa25ed343445-refs/branch-heads/7444@{#2749})","userDataDir":"/var/folders/xq/k28hhdp52nsbf92tjy5nm6940000gn/T/.org.chromium.Chromium.scoped_dir.yry7nV"},"fedcm:accounts":true,"goog:chromeOptions":{"debuggerAddress":"localhost:58319"},"goog:processID":47903,"networkConnectionEnabled":false,"pageLoadStrategy":"normal","platformName":"mac","proxy":{},"setWindowRect":true,"strictFileInteractability":false,"timeouts":{"implicit":0,"pageLoad":300000,"script":30000},"unhandledPromptBehavior":"dismiss and notify","webauthn:extension:credBlob":true,"webauthn:extension:largeBlob":true,"webauthn:extension:minPinLength":true,"webauthn:extension:prf":true,"webauthn:virtualAuthenticators":true},"sessionId":"9efa3d2f4272e41bfdaa6763fa32ef42"}} | headers=HTTPHeaderDict({'Content-Length': '926', 'Content-Type': 'application/json; charset=utf-8', 'cache-control': 'no-cache'})
DEBUG:selenium.webdriver.remote.remote_connection:Finished Request
INFO:my_logger:parsing start
DEBUG:asyncio:Using selector: KqueueSelector
INFO:telethon.network.mtprotosender:Connecting to 149.154.167.51:443/TcpFull...
DEBUG:telethon.network.mtprotosender:Connection attempt 1...
DEBUG:telethon.network.mtprotosender:Connection success!
DEBUG:telethon.network.mtprotosender:Starting send loop
DEBUG:telethon.network.mtprotosender:Starting receive loop
INFO:telethon.network.mtprotosender:Connection to 149.154.167.51:443/TcpFull complete!
DEBUG:telethon.network.mtprotosender:Waiting for messages to send...
DEBUG:telethon.extensions.messagepacker:Assigned msg_id = 7578972563391733340 to InvokeWithLayerRequest (1086a6700)
DEBUG:telethon.network.mtprotosender:Encrypting 1 message(s) in 80 bytes for sending
DEBUG:telethon.network.mtprotosender:Encrypted messages put in a queue to be sent
DEBUG:telethon.network.mtprotosender:Waiting for messages to send...
DEBUG:telethon.network.mtprotosender:Receiving items from the network...
DEBUG:telethon.network.mtprotosender:Handling bad salt for message 7578972563391733340
DEBUG:telethon.network.mtprotosender:1 message(s) will be resent
DEBUG:telethon.network.mtprotosender:Receiving items from the network...
DEBUG:telethon.extensions.messagepacker:Assigned msg_id = 7578972563484077624 to InvokeWithLayerRequest (1086a6700)
DEBUG:telethon.network.mtprotosender:Encrypting 1 message(s) in 80 bytes for sending
DEBUG:telethon.network.mtprotosender:Encrypted messages put in a queue to be sent
DEBUG:telethon.network.mtprotosender:Waiting for messages to send...
DEBUG:telethon.extensions.messagepacker:Assigned msg_id = 7578972563488013440 to MsgsAck (1086a6820)
DEBUG:telethon.network.mtprotosender:Encrypting 1 message(s) in 36 bytes for sending
DEBUG:telethon.network.mtprotosender:Encrypted messages put in a queue to be sent
DEBUG:telethon.network.mtprotosender:Waiting for messages to send...
DEBUG:telethon.network.mtprotosender:Handling container
DEBUG:telethon.network.mtprotosender:Handling new session created
DEBUG:telethon.network.mtprotosender:Handling acknowledge for [7578972563484077624]
DEBUG:telethon.network.mtprotosender:Receiving items from the network...
DEBUG:telethon.network.mtprotosender:Handling RPC result for message 7578972563484077624
DEBUG:telethon.network.mtprotosender:Receiving items from the network...
DEBUG:telethon.extensions.messagepacker:Assigned msg_id = 7578972564999090368 to GetUsersRequest (1086a6d60)
DEBUG:telethon.network.mtprotosender:Encrypting 1 message(s) in 32 bytes for sending
DEBUG:telethon.network.mtprotosender:Encrypted messages put in a queue to be sent
DEBUG:telethon.network.mtprotosender:Waiting for messages to send...
DEBUG:telethon.extensions.messagepacker:Assigned msg_id = 7578972565003770048 to MsgsAck (1086a6790)
DEBUG:telethon.network.mtprotosender:Encrypting 1 message(s) in 60 bytes for sending
DEBUG:telethon.network.mtprotosender:Encrypted messages put in a queue to be sent
DEBUG:telethon.network.mtprotosender:Waiting for messages to send...
DEBUG:telethon.network.mtprotosender:Handling RPC result for message 7578972564999090368
DEBUG:telethon.network.mtprotosender:Receiving items from the network...
DEBUG:telethon.extensions.messagepacker:Assigned msg_id = 7578972565393145732 to MsgsAck (1086a6ac0)
DEBUG:telethon.network.mtprotosender:Encrypting 1 message(s) in 36 bytes for sending
DEBUG:telethon.network.mtprotosender:Encrypted messages put in a queue to be sent
DEBUG:telethon.network.mtprotosender:Waiting for messages to send...
DEBUG:telethon.extensions.messagepacker:Assigned msg_id = 7578972565401598148 to MsgsAck (1086a6d00)
DEBUG:telethon.network.mtprotosender:Encrypting 1 message(s) in 36 bytes for sending
DEBUG:telethon.network.mtprotosender:Encrypted messages put in a queue to be sent
DEBUG:telethon.network.mtprotosender:Waiting for messages to send...
DEBUG:telethon.extensions.messagepacker:Assigned msg_id = 7578972565413389376 to GetUsersRequest (1086c9040)
DEBUG:telethon.network.mtprotosender:Encrypting 1 message(s) in 32 bytes for sending
DEBUG:telethon.network.mtprotosender:Encrypted messages put in a queue to be sent
DEBUG:telethon.network.mtprotosender:Waiting for messages to send...
DEBUG:telethon.network.mtprotosender:Handling RPC result for message 7578972565413389376
DEBUG:telethon.network.mtprotosender:Receiving items from the network...
DEBUG:telethon.extensions.messagepacker:Assigned msg_id = 7578972565538806132 to MsgsAck (1086a6be0)
DEBUG:telethon.network.mtprotosender:Encrypting 1 message(s) in 36 bytes for sending
DEBUG:telethon.network.mtprotosender:Encrypted messages put in a queue to be sent
DEBUG:telethon.network.mtprotosender:Waiting for messages to send...
DEBUG:telethon.extensions.messagepacker:Assigned msg_id = 7578972565542282276 to MsgsAck (1086a6e80)
DEBUG:telethon.network.mtprotosender:Encrypting 1 message(s) in 36 bytes for sending
DEBUG:telethon.network.mtprotosender:Encrypted messages put in a queue to be sent
DEBUG:telethon.network.mtprotosender:Waiting for messages to send...
DEBUG:telethon.extensions.messagepacker:Assigned msg_id = 7578972656294839244 to SendCodeRequest (1086a6a90)
DEBUG:telethon.network.mtprotosender:Encrypting 1 message(s) in 80 bytes for sending
DEBUG:telethon.network.mtprotosender:Encrypted messages put in a queue to be sent
DEBUG:telethon.network.mtprotosender:Waiting for messages to send...
DEBUG:telethon.network.mtprotosender:Handling RPC result for message 7578972656294839244
DEBUG:telethon.network.mtprotosender:Receiving items from the network...
DEBUG:telethon.extensions.messagepacker:Assigned msg_id = 7578972694953524592 to GetUsersRequest (1086c9490)
DEBUG:telethon.network.mtprotosender:Encrypting 1 message(s) in 32 bytes for sending
DEBUG:telethon.network.mtprotosender:Encrypted messages put in a queue to be sent
DEBUG:telethon.network.mtprotosender:Waiting for messages to send...
DEBUG:telethon.extensions.messagepacker:Assigned msg_id = 7578972694963973048 to MsgsAck (1086a6be0)
DEBUG:telethon.network.mtprotosender:Encrypting 1 message(s) in 36 bytes for sending
DEBUG:telethon.network.mtprotosender:Encrypted messages put in a queue to be sent
DEBUG:telethon.network.mtprotosender:Waiting for messages to send...
DEBUG:telethon.network.mtprotosender:Handling RPC result for message 7578972694953524592
DEBUG:telethon.network.mtprotosender:Receiving items from the network...
DEBUG:telethon.extensions.messagepacker:Assigned msg_id = 7578972695188689232 to MsgsAck (1086c9730)
DEBUG:telethon.network.mtprotosender:Encrypting 1 message(s) in 36 bytes for sending
DEBUG:telethon.network.mtprotosender:Encrypted messages put in a queue to be sent
DEBUG:telethon.network.mtprotosender:Waiting for messages to send...
DEBUG:telethon.extensions.messagepacker:Assigned msg_id = 7578972695193689348 to MsgsAck (1086a6850)
DEBUG:telethon.network.mtprotosender:Encrypting 1 message(s) in 36 bytes for sending
DEBUG:telethon.network.mtprotosender:Encrypted messages put in a queue to be sent
DEBUG:telethon.network.mtprotosender:Waiting for messages to send...
DEBUG:telethon.extensions.messagepacker:Assigned msg_id = 7578972695200952532 to SignInRequest (1086a6dc0)
DEBUG:telethon.network.mtprotosender:Encrypting 1 message(s) in 64 bytes for sending
DEBUG:telethon.network.mtprotosender:Encrypted messages put in a queue to be sent
DEBUG:telethon.network.mtprotosender:Waiting for messages to send...
DEBUG:telethon.network.mtprotosender:Handling RPC result for message 7578972695200952532
DEBUG:telethon.network.mtprotosender:Receiving items from the network...
DEBUG:telethon.extensions.messagepacker:Assigned msg_id = 7578972695361701012 to MsgsAck (1086c95b0)
DEBUG:telethon.network.mtprotosender:Encrypting 1 message(s) in 36 bytes for sending
DEBUG:telethon.network.mtprotosender:Encrypted messages put in a queue to be sent
DEBUG:telethon.network.mtprotosender:Waiting for messages to send...
DEBUG:telethon.extensions.messagepacker:Assigned msg_id = 7578972695364652636 to MsgsAck (1086c98b0)
DEBUG:telethon.network.mtprotosender:Encrypting 1 message(s) in 36 bytes for sending
DEBUG:telethon.network.mtprotosender:Encrypted messages put in a queue to be sent
DEBUG:telethon.network.mtprotosender:Waiting for messages to send...
DEBUG:telethon.extensions.messagepacker:Assigned msg_id = 7578972761214857140 to GetUsersRequest (1086c9850)
DEBUG:telethon.network.mtprotosender:Encrypting 1 message(s) in 32 bytes for sending
DEBUG:telethon.network.mtprotosender:Encrypted messages put in a queue to be sent
DEBUG:telethon.network.mtprotosender:Waiting for messages to send...
DEBUG:telethon.network.mtprotosender:Handling RPC result for message 7578972761214857140
DEBUG:telethon.network.mtprotosender:Receiving items from the network...
DEBUG:telethon.extensions.messagepacker:Assigned msg_id = 7578972761403144872 to MsgsAck (1086c9af0)
DEBUG:telethon.network.mtprotosender:Encrypting 1 message(s) in 36 bytes for sending
DEBUG:telethon.network.mtprotosender:Encrypted messages put in a queue to be sent
DEBUG:telethon.network.mtprotosender:Waiting for messages to send...
DEBUG:telethon.extensions.messagepacker:Assigned msg_id = 7578972761405948676 to MsgsAck (1086c9a30)
DEBUG:telethon.network.mtprotosender:Encrypting 1 message(s) in 36 bytes for sending
DEBUG:telethon.network.mtprotosender:Encrypted messages put in a queue to be sent
DEBUG:telethon.network.mtprotosender:Waiting for messages to send...
DEBUG:telethon.extensions.messagepacker:Assigned msg_id = 7578972761409249344 to GetPasswordRequest (1086c97f0)
DEBUG:telethon.network.mtprotosender:Encrypting 1 message(s) in 20 bytes for sending
DEBUG:telethon.network.mtprotosender:Encrypted messages put in a queue to be sent
DEBUG:telethon.network.mtprotosender:Waiting for messages to send...
DEBUG:telethon.network.mtprotosender:Handling RPC result for message 7578972761409249344
DEBUG:telethon.network.mtprotosender:Receiving items from the network...
DEBUG:telethon.extensions.messagepacker:Assigned msg_id = 7578972762881781616 to CheckPasswordRequest (1086a6d60)
DEBUG:telethon.network.mtprotosender:Encrypting 1 message(s) in 328 bytes for sending
DEBUG:telethon.network.mtprotosender:Encrypted messages put in a queue to be sent
DEBUG:telethon.network.mtprotosender:Waiting for messages to send...
DEBUG:telethon.extensions.messagepacker:Assigned msg_id = 7578972762886969604 to MsgsAck (1086a6dc0)
DEBUG:telethon.network.mtprotosender:Encrypting 1 message(s) in 36 bytes for sending
DEBUG:telethon.network.mtprotosender:Encrypted messages put in a queue to be sent
DEBUG:telethon.network.mtprotosender:Waiting for messages to send...
DEBUG:telethon.network.mtprotosender:Handling RPC result for message 7578972762881781616
DEBUG:telethon.network.mtprotosender:Receiving items from the network...
DEBUG:telethon.extensions.messagepacker:Assigned msg_id = 7578972763611732520 to GetStateRequest (1086c9e50)
DEBUG:telethon.network.mtprotosender:Encrypting 1 message(s) in 20 bytes for sending
DEBUG:telethon.network.mtprotosender:Encrypted messages put in a queue to be sent
DEBUG:telethon.network.mtprotosender:Waiting for messages to send...
DEBUG:telethon.extensions.messagepacker:Assigned msg_id = 7578972763616548576 to MsgsAck (1086c9520)
DEBUG:telethon.network.mtprotosender:Encrypting 1 message(s) in 36 bytes for sending
DEBUG:telethon.network.mtprotosender:Encrypted messages put in a queue to be sent
DEBUG:telethon.network.mtprotosender:Waiting for messages to send...
DEBUG:telethon.network.mtprotosender:Handling RPC result for message 7578972763611732520
DEBUG:telethon.network.mtprotosender:Receiving items from the network...
DEBUG:telethon.extensions.messagepacker:Assigned msg_id = 7578972763761669196 to GetDifferenceRequest (107533f70)
DEBUG:telethon.network.mtprotosender:Encrypting 1 message(s) in 36 bytes for sending
DEBUG:telethon.network.mtprotosender:Encrypted messages put in a queue to be sent
DEBUG:telethon.network.mtprotosender:Waiting for messages to send...
DEBUG:telethon.extensions.messagepacker:Assigned msg_id = 7578972763766549148 to MsgsAck (1086c9580)
DEBUG:telethon.network.mtprotosender:Encrypting 1 message(s) in 36 bytes for sending
DEBUG:telethon.network.mtprotosender:Encrypted messages put in a queue to be sent
DEBUG:telethon.network.mtprotosender:Waiting for messages to send...
DEBUG:telethon.network.mtprotosender:Handling RPC result for message 7578972763761669196
DEBUG:telethon.network.mtprotosender:Receiving items from the network...
INFO:my_logger:login start
DEBUG:selenium.webdriver.remote.remote_connection:POST http://localhost:58308/session/9efa3d2f4272e41bfdaa6763fa32ef42/url {'url': 'https://ais.usvisa-info.com/ru-kz/niv/users/sign_in'}
DEBUG:urllib3.connectionpool:http://localhost:58308 "POST /session/9efa3d2f4272e41bfdaa6763fa32ef42/url HTTP/1.1" 200 0
DEBUG:selenium.webdriver.remote.remote_connection:Remote response: status=200 | data={"value":null} | headers=HTTPHeaderDict({'Content-Length': '14', 'Content-Type': 'application/json; charset=utf-8', 'cache-control': 'no-cache'})
DEBUG:selenium.webdriver.remote.remote_connection:Finished Request
DEBUG:selenium.webdriver.remote.remote_connection:POST http://localhost:58308/session/9efa3d2f4272e41bfdaa6763fa32ef42/element {'using': 'css selector', 'value': '[id="user_email"]'}
DEBUG:urllib3.connectionpool:http://localhost:58308 "POST /session/9efa3d2f4272e41bfdaa6763fa32ef42/element HTTP/1.1" 200 0
DEBUG:selenium.webdriver.remote.remote_connection:Remote response: status=200 | data={"value":{"element-6066-11e4-a52e-4f735466cecf":"f.751A704CF1DA1553D0BB18A936AB3672.d.9CACDB8E8F857EBD310CA239FC08CCBA.e.3"}} | headers=HTTPHeaderDict({'Content-Length': '125', 'Content-Type': 'application/json; charset=utf-8', 'cache-control': 'no-cache'})
DEBUG:selenium.webdriver.remote.remote_connection:Finished Request
DEBUG:selenium.webdriver.remote.remote_connection:POST http://localhost:58308/session/9efa3d2f4272e41bfdaa6763fa32ef42/element/f.751A704CF1DA1553D0BB18A936AB3672.d.9CACDB8E8F857EBD310CA239FC08CCBA.e.3/value {'text': 'doner66@gmail.com', 'value': ['d', 'o', 'n', 'e', 'r', '6', '6', '@', 'g', 'm', 'a', 'i', 'l', '.', 'c', 'o', 'm']}
DEBUG:urllib3.connectionpool:http://localhost:58308 "POST /session/9efa3d2f4272e41bfdaa6763fa32ef42/element/f.751A704CF1DA1553D0BB18A936AB3672.d.9CACDB8E8F857EBD310CA239FC08CCBA.e.3/value HTTP/1.1" 200 0
DEBUG:selenium.webdriver.remote.remote_connection:Remote response: status=200 | data={"value":null} | headers=HTTPHeaderDict({'Content-Length': '14', 'Content-Type': 'application/json; charset=utf-8', 'cache-control': 'no-cache'})
DEBUG:selenium.webdriver.remote.remote_connection:Finished Request
DEBUG:selenium.webdriver.remote.remote_connection:POST http://localhost:58308/session/9efa3d2f4272e41bfdaa6763fa32ef42/element {'using': 'css selector', 'value': '[id="user_password"]'}
DEBUG:urllib3.connectionpool:http://localhost:58308 "POST /session/9efa3d2f4272e41bfdaa6763fa32ef42/element HTTP/1.1" 200 0
DEBUG:selenium.webdriver.remote.remote_connection:Remote response: status=200 | data={"value":{"element-6066-11e4-a52e-4f735466cecf":"f.751A704CF1DA1553D0BB18A936AB3672.d.9CACDB8E8F857EBD310CA239FC08CCBA.e.4"}} | headers=HTTPHeaderDict({'Content-Length': '125', 'Content-Type': 'application/json; charset=utf-8', 'cache-control': 'no-cache'})
DEBUG:selenium.webdriver.remote.remote_connection:Finished Request
DEBUG:selenium.webdriver.remote.remote_connection:POST http://localhost:58308/session/9efa3d2f4272e41bfdaa6763fa32ef42/element/f.751A704CF1DA1553D0BB18A936AB3672.d.9CACDB8E8F857EBD310CA239FC08CCBA.e.4/value {'text': 'Al89086307525Zx!', 'value': ['A', 'l', '8', '9', '0', '8', '6', '3', '0', '7', '5', '2', '5', 'Z', 'x', '!']}
DEBUG:urllib3.connectionpool:http://localhost:58308 "POST /session/9efa3d2f4272e41bfdaa6763fa32ef42/element/f.751A704CF1DA1553D0BB18A936AB3672.d.9CACDB8E8F857EBD310CA239FC08CCBA.e.4/value HTTP/1.1" 200 0
DEBUG:selenium.webdriver.remote.remote_connection:Remote response: status=200 | data={"value":null} | headers=HTTPHeaderDict({'Content-Length': '14', 'Content-Type': 'application/json; charset=utf-8', 'cache-control': 'no-cache'})
DEBUG:selenium.webdriver.remote.remote_connection:Finished Request
DEBUG:selenium.webdriver.remote.remote_connection:POST http://localhost:58308/session/9efa3d2f4272e41bfdaa6763fa32ef42/element {'using': 'css selector', 'value': '.icheckbox'}
DEBUG:urllib3.connectionpool:http://localhost:58308 "POST /session/9efa3d2f4272e41bfdaa6763fa32ef42/element HTTP/1.1" 200 0
DEBUG:selenium.webdriver.remote.remote_connection:Remote response: status=200 | data={"value":{"element-6066-11e4-a52e-4f735466cecf":"f.751A704CF1DA1553D0BB18A936AB3672.d.9CACDB8E8F857EBD310CA239FC08CCBA.e.35"}} | headers=HTTPHeaderDict({'Content-Length': '126', 'Content-Type': 'application/json; charset=utf-8', 'cache-control': 'no-cache'})
DEBUG:selenium.webdriver.remote.remote_connection:Finished Request
DEBUG:selenium.webdriver.remote.remote_connection:POST http://localhost:58308/session/9efa3d2f4272e41bfdaa6763fa32ef42/element/f.751A704CF1DA1553D0BB18A936AB3672.d.9CACDB8E8F857EBD310CA239FC08CCBA.e.35/click {}
DEBUG:urllib3.connectionpool:http://localhost:58308 "POST /session/9efa3d2f4272e41bfdaa6763fa32ef42/element/f.751A704CF1DA1553D0BB18A936AB3672.d.9CACDB8E8F857EBD310CA239FC08CCBA.e.35/click HTTP/1.1" 200 0
DEBUG:selenium.webdriver.remote.remote_connection:Remote response: status=200 | data={"value":null} | headers=HTTPHeaderDict({'Content-Length': '14', 'Content-Type': 'application/json; charset=utf-8', 'cache-control': 'no-cache'})
DEBUG:selenium.webdriver.remote.remote_connection:Finished Request
DEBUG:selenium.webdriver.remote.remote_connection:POST http://localhost:58308/session/9efa3d2f4272e41bfdaa6763fa32ef42/element {'using': 'css selector', 'value': '[name="commit"]'}
DEBUG:urllib3.connectionpool:http://localhost:58308 "POST /session/9efa3d2f4272e41bfdaa6763fa32ef42/element HTTP/1.1" 200 0
DEBUG:selenium.webdriver.remote.remote_connection:Remote response: status=200 | data={"value":{"element-6066-11e4-a52e-4f735466cecf":"f.751A704CF1DA1553D0BB18A936AB3672.d.9CACDB8E8F857EBD310CA239FC08CCBA.e.8"}} | headers=HTTPHeaderDict({'Content-Length': '125', 'Content-Type': 'application/json; charset=utf-8', 'cache-control': 'no-cache'})
DEBUG:selenium.webdriver.remote.remote_connection:Finished Request
DEBUG:selenium.webdriver.remote.remote_connection:POST http://localhost:58308/session/9efa3d2f4272e41bfdaa6763fa32ef42/element/f.751A704CF1DA1553D0BB18A936AB3672.d.9CACDB8E8F857EBD310CA239FC08CCBA.e.8/click {}
DEBUG:urllib3.connectionpool:http://localhost:58308 "POST /session/9efa3d2f4272e41bfdaa6763fa32ef42/element/f.751A704CF1DA1553D0BB18A936AB3672.d.9CACDB8E8F857EBD310CA239FC08CCBA.e.8/click HTTP/1.1" 200 0
DEBUG:selenium.webdriver.remote.remote_connection:Remote response: status=200 | data={"value":null} | headers=HTTPHeaderDict({'Content-Length': '14', 'Content-Type': 'application/json; charset=utf-8', 'cache-control': 'no-cache'})
DEBUG:selenium.webdriver.remote.remote_connection:Finished Request
DEBUG:selenium.webdriver.remote.remote_connection:POST http://localhost:58308/session/9efa3d2f4272e41bfdaa6763fa32ef42/url {'url': 'https://ais.usvisa-info.com/ru-kz/niv/schedule/71354735/payment'}
DEBUG:telethon.extensions.messagepacker:Assigned msg_id = 7578972823721703360 to PingRequest (1086a6a00)
DEBUG:telethon.network.mtprotosender:Encrypting 1 message(s) in 28 bytes for sending
DEBUG:telethon.network.mtprotosender:Encrypted messages put in a queue to be sent
DEBUG:telethon.network.mtprotosender:Waiting for messages to send...
DEBUG:telethon.extensions.messagepacker:Assigned msg_id = 7578972823726539444 to MsgsAck (1086c9280)
DEBUG:telethon.network.mtprotosender:Encrypting 1 message(s) in 36 bytes for sending
DEBUG:telethon.network.mtprotosender:Encrypted messages put in a queue to be sent
DEBUG:telethon.network.mtprotosender:Waiting for messages to send...
DEBUG:telethon.network.mtprotosender:Handling pong for message 7578972823721703360
DEBUG:telethon.network.mtprotosender:Receiving items from the network...
DEBUG:telethon.network.mtprotosender:Handling update UpdateShort
DEBUG:telethon.network.mtprotosender:Receiving items from the network...
DEBUG:urllib3.connectionpool:http://localhost:58308 "POST /session/9efa3d2f4272e41bfdaa6763fa32ef42/url HTTP/1.1" 200 0
DEBUG:selenium.webdriver.remote.remote_connection:Remote response: status=200 | data={"value":null} | headers=HTTPHeaderDict({'Content-Length': '14', 'Content-Type': 'application/json; charset=utf-8', 'cache-control': 'no-cache'})
DEBUG:selenium.webdriver.remote.remote_connection:Finished Request
DEBUG:selenium.webdriver.remote.remote_connection:POST http://localhost:58308/session/9efa3d2f4272e41bfdaa6763fa32ef42/element {'using': 'xpath', 'value': '//*[@id="paymentOptions"]/div[2]/table/tbody/tr[1]/td[2]'}
DEBUG:urllib3.connectionpool:http://localhost:58308 "POST /session/9efa3d2f4272e41bfdaa6763fa32ef42/element HTTP/1.1" 200 0
DEBUG:selenium.webdriver.remote.remote_connection:Remote response: status=200 | data={"value":{"element-6066-11e4-a52e-4f735466cecf":"f.751A704CF1DA1553D0BB18A936AB3672.d.0352BE8DCD4BA45F3E1694D13A4D3457.e.85"}} | headers=HTTPHeaderDict({'Content-Length': '126', 'Content-Type': 'application/json; charset=utf-8', 'cache-control': 'no-cache'})
DEBUG:selenium.webdriver.remote.remote_connection:Finished Request
DEBUG:selenium.webdriver.remote.remote_connection:GET http://localhost:58308/session/9efa3d2f4272e41bfdaa6763fa32ef42/element/f.751A704CF1DA1553D0BB18A936AB3672.d.0352BE8DCD4BA45F3E1694D13A4D3457.e.85/text {}
DEBUG:urllib3.connectionpool:http://localhost:58308 "GET /session/9efa3d2f4272e41bfdaa6763fa32ef42/element/f.751A704CF1DA1553D0BB18A936AB3672.d.0352BE8DCD4BA45F3E1694D13A4D3457.e.85/text HTTP/1.1" 200 0
DEBUG:selenium.webdriver.remote.remote_connection:Remote response: status=200 | data={"value":"В данный момент запись невозможна."} | headers=HTTPHeaderDict({'Content-Length': '75', 'Content-Type': 'application/json; charset=utf-8', 'cache-control': 'no-cache'})
DEBUG:selenium.webdriver.remote.remote_connection:Finished Request
INFO:my_logger:Контент функции get_payment: В данный момент запись невозможна.
DEBUG:selenium.webdriver.remote.remote_connection:DELETE http://localhost:58308/session/9efa3d2f4272e41bfdaa6763fa32ef42/window {}
DEBUG:urllib3.connectionpool:http://localhost:58308 "DELETE /session/9efa3d2f4272e41bfdaa6763fa32ef42/window HTTP/1.1" 200 0
DEBUG:selenium.webdriver.remote.remote_connection:Remote response: status=200 | data={"value":[]} | headers=HTTPHeaderDict({'Content-Length': '12', 'Content-Type': 'application/json; charset=utf-8', 'cache-control': 'no-cache'})
DEBUG:selenium.webdriver.remote.remote_connection:Finished Request
INFO:my_logger:Содержание функции login: None
INFO:my_logger:login start
WARNING:telethon.network.mtprotostate:Server sent a very old message with ID 7578972899275138049, ignoring (see FAQ for details)
DEBUG:selenium.webdriver.remote.remote_connection:POST http://localhost:58308/session/9efa3d2f4272e41bfdaa6763fa32ef42/url {'url': 'https://ais.usvisa-info.com/ru-kz/niv/users/sign_in'}
DEBUG:telethon.network.mtprotosender:Receiving items from the network...
DEBUG:urllib3.connectionpool:http://localhost:58308 "POST /session/9efa3d2f4272e41bfdaa6763fa32ef42/url HTTP/1.1" 404 0
DEBUG:selenium.webdriver.remote.remote_connection:Remote response: status=404 | data={"value":{"error":"invalid session id","message":"invalid session id","stacktrace":"0   chromedriver                        0x0000000107e75698 chromedriver + 6153880\n1   chromedriver                        0x0000000107e6cb6a chromedriver + 6118250\n2   chromedriver                        0x0000000107901878 chromedriver + 436344\n3   chromedriver                        0x0000000107945d1b chromedriver + 716059\n4   chromedriver                        0x000000010797a886 chromedriver + 931974\n5   chromedriver                        0x0000000107974fe4 chromedriver + 909284\n6   chromedriver                        0x0000000107974397 chromedriver + 906135\n7   chromedriver                        0x00000001078c8d0f chromedriver + 204047\n8   chromedriver                        0x0000000107e32011 chromedriver + 5877777\n9   chromedriver                        0x0000000107e364c2 chromedriver + 5895362\n10  chromedriver                        0x0000000107e0e155 chromedriver + 5730645\n11  chromedriver                        0x0000000107e36f6f chromedriver + 5898095\n12  chromedriver                        0x0000000107dfddc4 chromedriver + 5664196\n13  chromedriver                        0x00000001078c6924 chromedriver + 194852\n14  dyld                                0x00007ff80c856418 start + 1896\n"}} | headers=HTTPHeaderDict({'Content-Length': '1315', 'Content-Type': 'application/json; charset=utf-8', 'cache-control': 'no-cache'})
DEBUG:selenium.webdriver.remote.remote_connection:Finished Request
WARNING:telethon.network.mtprotostate:Server sent a very old message with ID 7578972902045812737, ignoring (see FAQ for details)
DEBUG:telethon.network.mtprotosender:Receiving items from the network...
DEBUG:telethon.extensions.messagepacker:Assigned msg_id = 7578975417803850892 to PingRequest (1086da5e0)
DEBUG:telethon.network.mtprotosender:Encrypting 1 message(s) in 28 bytes for sending
DEBUG:telethon.network.mtprotosender:Encrypted messages put in a queue to be sent
DEBUG:telethon.network.mtprotosender:Waiting for messages to send...
DEBUG:telethon.extensions.messagepacker:Assigned msg_id = 7578975417806133988 to MsgsAck (1086a6b20)
DEBUG:telethon.network.mtprotosender:Encrypting 1 message(s) in 44 bytes for sending
WARNING:telethon.network.mtprotostate:Server sent a very old message with ID 7578972916793661441, ignoring (see FAQ for details)
DEBUG:telethon.network.mtprotosender:Receiving items from the network...
DEBUG:telethon.network.mtprotosender:Encrypted messages put in a queue to be sent
DEBUG:telethon.network.mtprotosender:Waiting for messages to send...
WARNING:telethon.network.mtprotostate:Server sent a very old message with ID 7578972953226389505, ignoring (see FAQ for details)
DEBUG:telethon.network.mtprotosender:Receiving items from the network...
INFO:telethon.network.mtprotosender:Disconnecting from 149.154.167.51:443/TcpFull...
DEBUG:telethon.network.mtprotosender:Closing current connection...
WARNING:telethon.network.mtprotostate:Server sent a very old message with ID 7578972953278241793, ignoring (see FAQ for details)
DEBUG:telethon.network.mtprotosender:Cancelling 1 pending message(s)...
INFO:telethon.network.mtprotosender:Disconnection from 149.154.167.51:443/TcpFull complete!
DEBUG:selenium.webdriver.common.selenium_manager:Selenium Manager binary found at: /Users/korobkin/Library/Python/3.9/lib/python/site-packages/selenium/webdriver/common/macos/selenium-manager
DEBUG:selenium.webdriver.common.selenium_manager:Executing process: /Users/korobkin/Library/Python/3.9/lib/python/site-packages/selenium/webdriver/common/macos/selenium-manager --browser chrome --debug --language-binding python --output json
DEBUG:selenium.webdriver.common.selenium_manager:Sending stats to Plausible: Props { browser: "chrome", browser_version: "", os: "macos", arch: "x86_64", lang: "python", selenium_version: "4.36" }
DEBUG:selenium.webdriver.common.selenium_manager:chromedriver not found in PATH
DEBUG:selenium.webdriver.common.selenium_manager:chrome detected at /Applications/Google Chrome.app/Contents/MacOS/Google Chrome
DEBUG:selenium.webdriver.common.selenium_manager:Running command: /Applications/Google\ Chrome.app/Contents/MacOS/Google\ Chrome --version
DEBUG:selenium.webdriver.common.selenium_manager:Output: "Google Chrome 142.0.7444.176 "
DEBUG:selenium.webdriver.common.selenium_manager:Detected browser: chrome 142.0.7444.176
DEBUG:selenium.webdriver.common.selenium_manager:Discovering versions from https://googlechromelabs.github.io/chrome-for-testing/known-good-versions-with-downloads.json
DEBUG:selenium.webdriver.common.selenium_manager:Required driver: chromedriver 142.0.7444.175
DEBUG:selenium.webdriver.common.selenium_manager:chromedriver 142.0.7444.175 already in the cache
DEBUG:selenium.webdriver.common.selenium_manager:Driver path: /Users/korobkin/.cache/selenium/chromedriver/mac-x64/142.0.7444.175/chromedriver
DEBUG:selenium.webdriver.common.selenium_manager:Browser path: /Applications/Google Chrome.app/Contents/MacOS/Google Chrome
DEBUG:selenium.webdriver.common.service:Started executable: `/Users/korobkin/.cache/selenium/chromedriver/mac-x64/142.0.7444.175/chromedriver` in a child process with pid: 70006 using 0 to output -3
DEBUG:selenium.webdriver.remote.remote_connection:POST http://localhost:64130/session {'capabilities': {'firstMatch': [{}], 'alwaysMatch': {'browserName': 'chrome', 'pageLoadStrategy': <PageLoadStrategy.normal: 'normal'>, 'browserVersion': None, 'goog:chromeOptions': {'extensions': [], 'binary': '/Applications/Google Chrome.app/Contents/MacOS/Google Chrome', 'args': []}}}}
DEBUG:urllib3.connectionpool:Starting new HTTP connection (1): localhost:64130
DEBUG:urllib3.connectionpool:http://localhost:64130 "POST /session HTTP/1.1" 200 0
DEBUG:selenium.webdriver.remote.remote_connection:Remote response: status=200 | data={"value":{"capabilities":{"acceptInsecureCerts":false,"browserName":"chrome","browserVersion":"142.0.7444.176","chrome":{"chromedriverVersion":"142.0.7444.175 (302067f14a4ea3f42001580e6101fa25ed343445-refs/branch-heads/7444@{#2749})","userDataDir":"/var/folders/xq/k28hhdp52nsbf92tjy5nm6940000gn/T/.org.chromium.Chromium.scoped_dir.uzzxz5"},"fedcm:accounts":true,"goog:chromeOptions":{"debuggerAddress":"localhost:64144"},"goog:processID":70007,"networkConnectionEnabled":false,"pageLoadStrategy":"normal","platformName":"mac","proxy":{},"setWindowRect":true,"strictFileInteractability":false,"timeouts":{"implicit":0,"pageLoad":300000,"script":30000},"unhandledPromptBehavior":"dismiss and notify","webauthn:extension:credBlob":true,"webauthn:extension:largeBlob":true,"webauthn:extension:minPinLength":true,"webauthn:extension:prf":true,"webauthn:virtualAuthenticators":true},"sessionId":"a0862a896aa055e4411b38a8ca1bc123"}} | headers=HTTPHeaderDict({'Content-Length': '926', 'Content-Type': 'application/json; charset=utf-8', 'cache-control': 'no-cache'})
DEBUG:selenium.webdriver.remote.remote_connection:Finished Request
INFO:my_logger:parsing start
DEBUG:asyncio:Using selector: KqueueSelector
INFO:telethon.network.mtprotosender:Connecting to 149.154.167.51:443/TcpFull...
DEBUG:telethon.network.mtprotosender:Connection attempt 1...
DEBUG:telethon.network.mtprotosender:Connection success!
DEBUG:telethon.network.mtprotosender:Starting send loop
DEBUG:telethon.network.mtprotosender:Starting receive loop
INFO:telethon.network.mtprotosender:Connection to 149.154.167.51:443/TcpFull complete!
DEBUG:telethon.network.mtprotosender:Waiting for messages to send...
DEBUG:telethon.extensions.messagepacker:Assigned msg_id = 7580395779899990736 to InvokeWithLayerRequest (108adb9d0)
DEBUG:telethon.network.mtprotosender:Encrypting 1 message(s) in 80 bytes for sending
DEBUG:telethon.network.mtprotosender:Encrypted messages put in a queue to be sent
DEBUG:telethon.network.mtprotosender:Waiting for messages to send...
DEBUG:telethon.network.mtprotosender:Receiving items from the network...
DEBUG:telethon.network.mtprotostate:Updated time offset (old offset 0, bad 7580395780003790556, good 7580395798995085313, new 5)
DEBUG:telethon.network.mtprotosender:Handling bad salt for message 7580395779899990736
DEBUG:telethon.network.mtprotosender:1 message(s) will be resent
DEBUG:telethon.network.mtprotosender:Receiving items from the network...
DEBUG:telethon.extensions.messagepacker:Assigned msg_id = 7580395801481170488 to InvokeWithLayerRequest (108adb9d0)
DEBUG:telethon.network.mtprotosender:Encrypting 1 message(s) in 80 bytes for sending
DEBUG:telethon.network.mtprotosender:Encrypted messages put in a queue to be sent
DEBUG:telethon.network.mtprotosender:Waiting for messages to send...
DEBUG:telethon.extensions.messagepacker:Assigned msg_id = 7580395801484250856 to MsgsAck (108adbaf0)
DEBUG:telethon.network.mtprotosender:Encrypting 1 message(s) in 36 bytes for sending
DEBUG:telethon.network.mtprotosender:Encrypted messages put in a queue to be sent
DEBUG:telethon.network.mtprotosender:Waiting for messages to send...
DEBUG:telethon.network.mtprotosender:Handling container
DEBUG:telethon.network.mtprotosender:Handling new session created
DEBUG:telethon.network.mtprotosender:Handling acknowledge for [7580395801481170488]
DEBUG:telethon.network.mtprotosender:Receiving items from the network...
DEBUG:telethon.network.mtprotosender:Handling RPC result for message 7580395801481170488
DEBUG:telethon.network.mtprotosender:Receiving items from the network...
DEBUG:telethon.extensions.messagepacker:Assigned msg_id = 7580395801701722932 to GetUsersRequest (108adb610)
DEBUG:telethon.network.mtprotosender:Encrypting 1 message(s) in 32 bytes for sending
DEBUG:telethon.network.mtprotosender:Encrypted messages put in a queue to be sent
DEBUG:telethon.network.mtprotosender:Waiting for messages to send...
DEBUG:telethon.extensions.messagepacker:Assigned msg_id = 7580395801704315016 to MsgsAck (108adba60)
DEBUG:telethon.network.mtprotosender:Encrypting 1 message(s) in 60 bytes for sending
DEBUG:telethon.network.mtprotosender:Encrypted messages put in a queue to be sent
DEBUG:telethon.network.mtprotosender:Waiting for messages to send...
DEBUG:telethon.network.mtprotosender:Handling RPC result for message 7580395801701722932
DEBUG:telethon.network.mtprotosender:Receiving items from the network...
DEBUG:telethon.extensions.messagepacker:Assigned msg_id = 7580395801907142472 to GetStateRequest (108adb610)
DEBUG:telethon.network.mtprotosender:Encrypting 1 message(s) in 20 bytes for sending
DEBUG:telethon.network.mtprotosender:Encrypted messages put in a queue to be sent
DEBUG:telethon.network.mtprotosender:Waiting for messages to send...
DEBUG:telethon.extensions.messagepacker:Assigned msg_id = 7580395801910686324 to MsgsAck (108adbfa0)
DEBUG:telethon.network.mtprotosender:Encrypting 1 message(s) in 36 bytes for sending
DEBUG:telethon.network.mtprotosender:Encrypted messages put in a queue to be sent
DEBUG:telethon.network.mtprotosender:Waiting for messages to send...
DEBUG:telethon.network.mtprotosender:Handling RPC result for message 7580395801907142472
DEBUG:telethon.network.mtprotosender:Receiving items from the network...
DEBUG:telethon.extensions.messagepacker:Assigned msg_id = 7580395802154519868 to GetDifferenceRequest (108adb610)
DEBUG:telethon.network.mtprotosender:Encrypting 1 message(s) in 36 bytes for sending
DEBUG:telethon.network.mtprotosender:Encrypted messages put in a queue to be sent
DEBUG:telethon.network.mtprotosender:Waiting for messages to send...
DEBUG:telethon.extensions.messagepacker:Assigned msg_id = 7580395802157131028 to MsgsAck (108adbeb0)
DEBUG:telethon.network.mtprotosender:Encrypting 1 message(s) in 36 bytes for sending
DEBUG:telethon.network.mtprotosender:Encrypted messages put in a queue to be sent
DEBUG:telethon.network.mtprotosender:Waiting for messages to send...
DEBUG:telethon.network.mtprotosender:Handling RPC result for message 7580395802154519868
DEBUG:telethon.network.mtprotosender:Receiving items from the network...
DEBUG:telethon.extensions.messagepacker:Assigned msg_id = 7580395802646447012 to GetUsersRequest (108adb970)
DEBUG:telethon.network.mtprotosender:Encrypting 1 message(s) in 32 bytes for sending
DEBUG:telethon.network.mtprotosender:Encrypted messages put in a queue to be sent
DEBUG:telethon.network.mtprotosender:Waiting for messages to send...
DEBUG:telethon.extensions.messagepacker:Assigned msg_id = 7580395802648595640 to MsgsAck (108afd070)
DEBUG:telethon.network.mtprotosender:Encrypting 1 message(s) in 36 bytes for sending
DEBUG:telethon.network.mtprotosender:Encrypted messages put in a queue to be sent
DEBUG:telethon.network.mtprotosender:Waiting for messages to send...
DEBUG:telethon.network.mtprotosender:Handling RPC result for message 7580395802646447012
DEBUG:telethon.network.mtprotosender:Receiving items from the network...
INFO:my_logger:login start
DEBUG:selenium.webdriver.remote.remote_connection:POST http://localhost:64130/session/a0862a896aa055e4411b38a8ca1bc123/url {'url': 'https://ais.usvisa-info.com/ru-kz/niv/users/sign_in'}
DEBUG:telethon.network.mtprotosender:Handling update UpdateShort
DEBUG:telethon.network.mtprotosender:Receiving items from the network...
DEBUG:urllib3.connectionpool:http://localhost:64130 "POST /session/a0862a896aa055e4411b38a8ca1bc123/url HTTP/1.1" 200 0
DEBUG:selenium.webdriver.remote.remote_connection:Remote response: status=200 | data={"value":null} | headers=HTTPHeaderDict({'Content-Length': '14', 'Content-Type': 'application/json; charset=utf-8', 'cache-control': 'no-cache'})
DEBUG:selenium.webdriver.remote.remote_connection:Finished Request
DEBUG:selenium.webdriver.remote.remote_connection:POST http://localhost:64130/session/a0862a896aa055e4411b38a8ca1bc123/element {'using': 'css selector', 'value': '[id="user_email"]'}
DEBUG:urllib3.connectionpool:http://localhost:64130 "POST /session/a0862a896aa055e4411b38a8ca1bc123/element HTTP/1.1" 200 0
DEBUG:selenium.webdriver.remote.remote_connection:Remote response: status=200 | data={"value":{"element-6066-11e4-a52e-4f735466cecf":"f.5AE06C16D1ECAD72902F4AB93D8AF33A.d.A8F8EF5E3FD95F612E052AA45E7BAAD8.e.3"}} | headers=HTTPHeaderDict({'Content-Length': '125', 'Content-Type': 'application/json; charset=utf-8', 'cache-control': 'no-cache'})
DEBUG:selenium.webdriver.remote.remote_connection:Finished Request
DEBUG:selenium.webdriver.remote.remote_connection:POST http://localhost:64130/session/a0862a896aa055e4411b38a8ca1bc123/element/f.5AE06C16D1ECAD72902F4AB93D8AF33A.d.A8F8EF5E3FD95F612E052AA45E7BAAD8.e.3/value {'text': 'doner66@gmail.com', 'value': ['d', 'o', 'n', 'e', 'r', '6', '6', '@', 'g', 'm', 'a', 'i', 'l', '.', 'c', 'o', 'm']}
DEBUG:urllib3.connectionpool:http://localhost:64130 "POST /session/a0862a896aa055e4411b38a8ca1bc123/element/f.5AE06C16D1ECAD72902F4AB93D8AF33A.d.A8F8EF5E3FD95F612E052AA45E7BAAD8.e.3/value HTTP/1.1" 200 0
DEBUG:selenium.webdriver.remote.remote_connection:Remote response: status=200 | data={"value":null} | headers=HTTPHeaderDict({'Content-Length': '14', 'Content-Type': 'application/json; charset=utf-8', 'cache-control': 'no-cache'})
DEBUG:selenium.webdriver.remote.remote_connection:Finished Request
DEBUG:selenium.webdriver.remote.remote_connection:POST http://localhost:64130/session/a0862a896aa055e4411b38a8ca1bc123/element {'using': 'css selector', 'value': '[id="user_password"]'}
DEBUG:urllib3.connectionpool:http://localhost:64130 "POST /session/a0862a896aa055e4411b38a8ca1bc123/element HTTP/1.1" 200 0
DEBUG:selenium.webdriver.remote.remote_connection:Remote response: status=200 | data={"value":{"element-6066-11e4-a52e-4f735466cecf":"f.5AE06C16D1ECAD72902F4AB93D8AF33A.d.A8F8EF5E3FD95F612E052AA45E7BAAD8.e.4"}} | headers=HTTPHeaderDict({'Content-Length': '125', 'Content-Type': 'application/json; charset=utf-8', 'cache-control': 'no-cache'})
DEBUG:selenium.webdriver.remote.remote_connection:Finished Request
DEBUG:selenium.webdriver.remote.remote_connection:POST http://localhost:64130/session/a0862a896aa055e4411b38a8ca1bc123/element/f.5AE06C16D1ECAD72902F4AB93D8AF33A.d.A8F8EF5E3FD95F612E052AA45E7BAAD8.e.4/value {'text': 'Al89086307525Zx!', 'value': ['A', 'l', '8', '9', '0', '8', '6', '3', '0', '7', '5', '2', '5', 'Z', 'x', '!']}
DEBUG:urllib3.connectionpool:http://localhost:64130 "POST /session/a0862a896aa055e4411b38a8ca1bc123/element/f.5AE06C16D1ECAD72902F4AB93D8AF33A.d.A8F8EF5E3FD95F612E052AA45E7BAAD8.e.4/value HTTP/1.1" 200 0
DEBUG:selenium.webdriver.remote.remote_connection:Remote response: status=200 | data={"value":null} | headers=HTTPHeaderDict({'Content-Length': '14', 'Content-Type': 'application/json; charset=utf-8', 'cache-control': 'no-cache'})
DEBUG:selenium.webdriver.remote.remote_connection:Finished Request
DEBUG:selenium.webdriver.remote.remote_connection:POST http://localhost:64130/session/a0862a896aa055e4411b38a8ca1bc123/element {'using': 'css selector', 'value': '.icheckbox'}
DEBUG:urllib3.connectionpool:http://localhost:64130 "POST /session/a0862a896aa055e4411b38a8ca1bc123/element HTTP/1.1" 200 0
DEBUG:selenium.webdriver.remote.remote_connection:Remote response: status=200 | data={"value":{"element-6066-11e4-a52e-4f735466cecf":"f.5AE06C16D1ECAD72902F4AB93D8AF33A.d.A8F8EF5E3FD95F612E052AA45E7BAAD8.e.32"}} | headers=HTTPHeaderDict({'Content-Length': '126', 'Content-Type': 'application/json; charset=utf-8', 'cache-control': 'no-cache'})
DEBUG:selenium.webdriver.remote.remote_connection:Finished Request
DEBUG:selenium.webdriver.remote.remote_connection:POST http://localhost:64130/session/a0862a896aa055e4411b38a8ca1bc123/element/f.5AE06C16D1ECAD72902F4AB93D8AF33A.d.A8F8EF5E3FD95F612E052AA45E7BAAD8.e.32/click {}
DEBUG:urllib3.connectionpool:http://localhost:64130 "POST /session/a0862a896aa055e4411b38a8ca1bc123/element/f.5AE06C16D1ECAD72902F4AB93D8AF33A.d.A8F8EF5E3FD95F612E052AA45E7BAAD8.e.32/click HTTP/1.1" 200 0
DEBUG:selenium.webdriver.remote.remote_connection:Remote response: status=200 | data={"value":null} | headers=HTTPHeaderDict({'Content-Length': '14', 'Content-Type': 'application/json; charset=utf-8', 'cache-control': 'no-cache'})
DEBUG:selenium.webdriver.remote.remote_connection:Finished Request
DEBUG:selenium.webdriver.remote.remote_connection:POST http://localhost:64130/session/a0862a896aa055e4411b38a8ca1bc123/element {'using': 'css selector', 'value': '[name="commit"]'}
DEBUG:urllib3.connectionpool:http://localhost:64130 "POST /session/a0862a896aa055e4411b38a8ca1bc123/element HTTP/1.1" 200 0
DEBUG:selenium.webdriver.remote.remote_connection:Remote response: status=200 | data={"value":{"element-6066-11e4-a52e-4f735466cecf":"f.5AE06C16D1ECAD72902F4AB93D8AF33A.d.A8F8EF5E3FD95F612E052AA45E7BAAD8.e.8"}} | headers=HTTPHeaderDict({'Content-Length': '125', 'Content-Type': 'application/json; charset=utf-8', 'cache-control': 'no-cache'})
DEBUG:selenium.webdriver.remote.remote_connection:Finished Request
DEBUG:selenium.webdriver.remote.remote_connection:POST http://localhost:64130/session/a0862a896aa055e4411b38a8ca1bc123/element/f.5AE06C16D1ECAD72902F4AB93D8AF33A.d.A8F8EF5E3FD95F612E052AA45E7BAAD8.e.8/click {}
DEBUG:urllib3.connectionpool:http://localhost:64130 "POST /session/a0862a896aa055e4411b38a8ca1bc123/element/f.5AE06C16D1ECAD72902F4AB93D8AF33A.d.A8F8EF5E3FD95F612E052AA45E7BAAD8.e.8/click HTTP/1.1" 200 0
DEBUG:selenium.webdriver.remote.remote_connection:Remote response: status=200 | data={"value":null} | headers=HTTPHeaderDict({'Content-Length': '14', 'Content-Type': 'application/json; charset=utf-8', 'cache-control': 'no-cache'})
DEBUG:selenium.webdriver.remote.remote_connection:Finished Request
DEBUG:telethon.network.mtprotosender:Handling update UpdateShort
DEBUG:telethon.network.mtprotosender:Receiving items from the network...
DEBUG:telethon.network.mtprotosender:Handling update UpdateShort
DEBUG:telethon.network.mtprotosender:Receiving items from the network...
DEBUG:selenium.webdriver.remote.remote_connection:POST http://localhost:64130/session/a0862a896aa055e4411b38a8ca1bc123/url {'url': 'https://ais.usvisa-info.com/ru-kz/niv/schedule/71354735/payment'}
DEBUG:urllib3.connectionpool:http://localhost:64130 "POST /session/a0862a896aa055e4411b38a8ca1bc123/url HTTP/1.1" 200 0
DEBUG:selenium.webdriver.remote.remote_connection:Remote response: status=200 | data={"value":null} | headers=HTTPHeaderDict({'Content-Length': '14', 'Content-Type': 'application/json; charset=utf-8', 'cache-control': 'no-cache'})
DEBUG:selenium.webdriver.remote.remote_connection:Finished Request
DEBUG:telethon.network.mtprotosender:Handling update UpdateShort
DEBUG:telethon.network.mtprotosender:Receiving items from the network...
DEBUG:selenium.webdriver.remote.remote_connection:POST http://localhost:64130/session/a0862a896aa055e4411b38a8ca1bc123/element {'using': 'xpath', 'value': '//*[@id="paymentOptions"]/div[2]/table/tbody/tr[1]/td[2]'}
DEBUG:urllib3.connectionpool:http://localhost:64130 "POST /session/a0862a896aa055e4411b38a8ca1bc123/element HTTP/1.1" 200 0
DEBUG:selenium.webdriver.remote.remote_connection:Remote response: status=200 | data={"value":{"element-6066-11e4-a52e-4f735466cecf":"f.5AE06C16D1ECAD72902F4AB93D8AF33A.d.B05DABCB74AD657340F29F2581F319C8.e.38"}} | headers=HTTPHeaderDict({'Content-Length': '126', 'Content-Type': 'application/json; charset=utf-8', 'cache-control': 'no-cache'})
DEBUG:selenium.webdriver.remote.remote_connection:Finished Request
DEBUG:selenium.webdriver.remote.remote_connection:GET http://localhost:64130/session/a0862a896aa055e4411b38a8ca1bc123/element/f.5AE06C16D1ECAD72902F4AB93D8AF33A.d.B05DABCB74AD657340F29F2581F319C8.e.38/text {}
DEBUG:urllib3.connectionpool:http://localhost:64130 "GET /session/a0862a896aa055e4411b38a8ca1bc123/element/f.5AE06C16D1ECAD72902F4AB93D8AF33A.d.B05DABCB74AD657340F29F2581F319C8.e.38/text HTTP/1.1" 200 0
DEBUG:selenium.webdriver.remote.remote_connection:Remote response: status=200 | data={"value":"В данный момент запись невозможна."} | headers=HTTPHeaderDict({'Content-Length': '75', 'Content-Type': 'application/json; charset=utf-8', 'cache-control': 'no-cache'})
DEBUG:selenium.webdriver.remote.remote_connection:Finished Request
INFO:my_logger:Контент функции get_payment: В данный момент запись невозможна.
DEBUG:selenium.webdriver.remote.remote_connection:DELETE http://localhost:64130/session/a0862a896aa055e4411b38a8ca1bc123/window {}
DEBUG:urllib3.connectionpool:http://localhost:64130 "DELETE /session/a0862a896aa055e4411b38a8ca1bc123/window HTTP/1.1" 200 0
DEBUG:selenium.webdriver.remote.remote_connection:Remote response: status=200 | data={"value":[]} | headers=HTTPHeaderDict({'Content-Length': '12', 'Content-Type': 'application/json; charset=utf-8', 'cache-control': 'no-cache'})
DEBUG:selenium.webdriver.remote.remote_connection:Finished Request
INFO:my_logger:Содержание функции login: None
INFO:my_logger:login start
WARNING:telethon.network.mtprotostate:Server sent a very old message with ID 7580395875671150593, ignoring (see FAQ for details)
DEBUG:selenium.webdriver.remote.remote_connection:POST http://localhost:64130/session/a0862a896aa055e4411b38a8ca1bc123/url {'url': 'https://ais.usvisa-info.com/ru-kz/niv/users/sign_in'}
DEBUG:telethon.network.mtprotosender:Receiving items from the network...
DEBUG:urllib3.connectionpool:http://localhost:64130 "POST /session/a0862a896aa055e4411b38a8ca1bc123/url HTTP/1.1" 404 0
DEBUG:selenium.webdriver.remote.remote_connection:Remote response: status=404 | data={"value":{"error":"invalid session id","message":"invalid session id","stacktrace":"0   chromedriver                        0x000000010a5b9698 chromedriver + 6153880\n1   chromedriver                        0x000000010a5b0b6a chromedriver + 6118250\n2   chromedriver                        0x000000010a045878 chromedriver + 436344\n3   chromedriver                        0x000000010a089d1b chromedriver + 716059\n4   chromedriver                        0x000000010a0be886 chromedriver + 931974\n5   chromedriver                        0x000000010a0b8fe4 chromedriver + 909284\n6   chromedriver                        0x000000010a0b8397 chromedriver + 906135\n7   chromedriver                        0x000000010a00cd0f chromedriver + 204047\n8   chromedriver                        0x000000010a576011 chromedriver + 5877777\n9   chromedriver                        0x000000010a57a4c2 chromedriver + 5895362\n10  chromedriver                        0x000000010a552155 chromedriver + 5730645\n11  chromedriver                        0x000000010a57af6f chromedriver + 5898095\n12  chromedriver                        0x000000010a541dc4 chromedriver + 5664196\n13  chromedriver                        0x000000010a00a924 chromedriver + 194852\n14  dyld                                0x00007ff80c856418 start + 1896\n"}} | headers=HTTPHeaderDict({'Content-Length': '1315', 'Content-Type': 'application/json; charset=utf-8', 'cache-control': 'no-cache'})
DEBUG:selenium.webdriver.remote.remote_connection:Finished Request
WARNING:telethon.network.mtprotostate:Server sent a very old message with ID 7580395893713599489, ignoring (see FAQ for details)
DEBUG:telethon.network.mtprotosender:Receiving items from the network...
DEBUG:telethon.extensions.messagepacker:Assigned msg_id = 7580398445112005504 to PingRequest (108afd490)
DEBUG:telethon.network.mtprotosender:Encrypting 1 message(s) in 28 bytes for sending
DEBUG:telethon.network.mtprotosender:Encrypted messages put in a queue to be sent
DEBUG:telethon.network.mtprotosender:Waiting for messages to send...
DEBUG:telethon.extensions.messagepacker:Assigned msg_id = 7580398445152293476 to MsgsAck (108b10460)
DEBUG:telethon.network.mtprotosender:Encrypting 1 message(s) in 68 bytes for sending
WARNING:telethon.network.mtprotostate:Server sent a very old message with ID 7580395896676841473, ignoring (see FAQ for details)
DEBUG:telethon.network.mtprotosender:Receiving items from the network...
DEBUG:telethon.network.mtprotosender:Encrypted messages put in a queue to be sent
DEBUG:telethon.network.mtprotosender:Waiting for messages to send...
WARNING:telethon.network.mtprotostate:Server sent a very old message with ID 7580395899377136641, ignoring (see FAQ for details)
DEBUG:telethon.network.mtprotosender:Receiving items from the network...
INFO:telethon.network.mtprotosender:Disconnecting from 149.154.167.51:443/TcpFull...
DEBUG:telethon.network.mtprotosender:Closing current connection...
WARNING:telethon.network.mtprotostate:Server sent a very old message with ID 7580395917207154689, ignoring (see FAQ for details)
DEBUG:telethon.network.mtprotosender:Cancelling 1 pending message(s)...
INFO:telethon.network.mtprotosender:Disconnection from 149.154.167.51:443/TcpFull complete!
INFO:my_logger:parsing start
DEBUG:asyncio:Using selector: KqueueSelector
INFO:telethon.network.mtprotosender:Connecting to 149.154.167.51:443/TcpFull...
DEBUG:telethon.network.mtprotosender:Connection attempt 1...
DEBUG:telethon.network.mtprotosender:Connection success!
DEBUG:telethon.network.mtprotosender:Starting send loop
DEBUG:telethon.network.mtprotosender:Starting receive loop
INFO:telethon.network.mtprotosender:Connection to 149.154.167.51:443/TcpFull complete!
DEBUG:telethon.network.mtprotosender:Waiting for messages to send...
DEBUG:telethon.extensions.messagepacker:Assigned msg_id = 7580406763051051020 to InvokeWithLayerRequest (104a677c0)
DEBUG:telethon.network.mtprotosender:Encrypting 1 message(s) in 80 bytes for sending
DEBUG:telethon.network.mtprotosender:Encrypted messages put in a queue to be sent
DEBUG:telethon.network.mtprotosender:Waiting for messages to send...
DEBUG:telethon.network.mtprotosender:Receiving items from the network...
DEBUG:telethon.network.mtprotostate:Updated time offset (old offset 0, bad 7580406763133541940, good 7580406782240770049, new 5)
DEBUG:telethon.network.mtprotosender:Handling bad salt for message 7580406763051051020
DEBUG:telethon.network.mtprotosender:1 message(s) will be resent
DEBUG:telethon.network.mtprotosender:Receiving items from the network...
DEBUG:telethon.extensions.messagepacker:Assigned msg_id = 7580406784612319004 to InvokeWithLayerRequest (104a677c0)
DEBUG:telethon.network.mtprotosender:Encrypting 1 message(s) in 80 bytes for sending
DEBUG:telethon.network.mtprotosender:Encrypted messages put in a queue to be sent
DEBUG:telethon.network.mtprotosender:Waiting for messages to send...
DEBUG:telethon.extensions.messagepacker:Assigned msg_id = 7580406784615255364 to MsgsAck (104a678e0)
DEBUG:telethon.network.mtprotosender:Encrypting 1 message(s) in 36 bytes for sending
DEBUG:telethon.network.mtprotosender:Encrypted messages put in a queue to be sent
DEBUG:telethon.network.mtprotosender:Waiting for messages to send...
DEBUG:telethon.network.mtprotosender:Handling container
DEBUG:telethon.network.mtprotosender:Handling new session created
DEBUG:telethon.network.mtprotosender:Handling acknowledge for [7580406784612319004]
DEBUG:telethon.network.mtprotosender:Receiving items from the network...
DEBUG:telethon.network.mtprotosender:Handling RPC result for message 7580406784612319004
DEBUG:telethon.network.mtprotosender:Receiving items from the network...
DEBUG:telethon.extensions.messagepacker:Assigned msg_id = 7580406785033638964 to GetUsersRequest (104a67d90)
DEBUG:telethon.network.mtprotosender:Encrypting 1 message(s) in 32 bytes for sending
DEBUG:telethon.network.mtprotosender:Encrypted messages put in a queue to be sent
DEBUG:telethon.network.mtprotosender:Waiting for messages to send...
DEBUG:telethon.extensions.messagepacker:Assigned msg_id = 7580406785036863336 to MsgsAck (104a67850)
DEBUG:telethon.network.mtprotosender:Encrypting 1 message(s) in 60 bytes for sending
DEBUG:telethon.network.mtprotosender:Encrypted messages put in a queue to be sent
DEBUG:telethon.network.mtprotosender:Waiting for messages to send...
DEBUG:telethon.network.mtprotosender:Handling RPC result for message 7580406785033638964
DEBUG:telethon.network.mtprotosender:Receiving items from the network...
DEBUG:telethon.extensions.messagepacker:Assigned msg_id = 7580406785650773656 to GetStateRequest (104a67d90)
DEBUG:telethon.network.mtprotosender:Encrypting 1 message(s) in 20 bytes for sending
DEBUG:telethon.network.mtprotosender:Encrypted messages put in a queue to be sent
DEBUG:telethon.network.mtprotosender:Waiting for messages to send...
DEBUG:telethon.extensions.messagepacker:Assigned msg_id = 7580406785652949940 to MsgsAck (104a67d30)
DEBUG:telethon.network.mtprotosender:Encrypting 1 message(s) in 36 bytes for sending
DEBUG:telethon.network.mtprotosender:Encrypted messages put in a queue to be sent
DEBUG:telethon.network.mtprotosender:Waiting for messages to send...
DEBUG:telethon.network.mtprotosender:Handling RPC result for message 7580406785650773656
DEBUG:telethon.network.mtprotosender:Receiving items from the network...
DEBUG:telethon.extensions.messagepacker:Assigned msg_id = 7580406785870962752 to GetDifferenceRequest (103987bb0)
DEBUG:telethon.network.mtprotosender:Encrypting 1 message(s) in 36 bytes for sending
DEBUG:telethon.network.mtprotosender:Encrypted messages put in a queue to be sent
DEBUG:telethon.network.mtprotosender:Waiting for messages to send...
DEBUG:telethon.extensions.messagepacker:Assigned msg_id = 7580406785874154700 to MsgsAck (104a67dc0)
DEBUG:telethon.network.mtprotosender:Encrypting 1 message(s) in 36 bytes for sending
DEBUG:telethon.network.mtprotosender:Encrypted messages put in a queue to be sent
DEBUG:telethon.network.mtprotosender:Waiting for messages to send...
DEBUG:telethon.network.mtprotosender:Handling RPC result for message 7580406785870962752
DEBUG:telethon.network.mtprotosender:Receiving items from the network...
DEBUG:telethon.extensions.messagepacker:Assigned msg_id = 7580406786049582136 to GetUsersRequest (104a67c10)
DEBUG:telethon.network.mtprotosender:Encrypting 1 message(s) in 32 bytes for sending
DEBUG:telethon.network.mtprotosender:Encrypted messages put in a queue to be sent
DEBUG:telethon.network.mtprotosender:Waiting for messages to send...
DEBUG:telethon.extensions.messagepacker:Assigned msg_id = 7580406786052826536 to MsgsAck (104a67df0)
DEBUG:telethon.network.mtprotosender:Encrypting 1 message(s) in 36 bytes for sending
DEBUG:telethon.network.mtprotosender:Encrypted messages put in a queue to be sent
DEBUG:telethon.network.mtprotosender:Waiting for messages to send...
DEBUG:telethon.network.mtprotosender:Handling RPC result for message 7580406786049582136
DEBUG:telethon.network.mtprotosender:Receiving items from the network...
DEBUG:selenium.webdriver.common.selenium_manager:Selenium Manager binary found at: /Users/korobkin/Library/Python/3.9/lib/python/site-packages/selenium/webdriver/common/macos/selenium-manager
DEBUG:selenium.webdriver.common.selenium_manager:Executing process: /Users/korobkin/Library/Python/3.9/lib/python/site-packages/selenium/webdriver/common/macos/selenium-manager --browser chrome --debug --language-binding python --output json
DEBUG:selenium.webdriver.common.selenium_manager:chromedriver not found in PATH
DEBUG:selenium.webdriver.common.selenium_manager:chrome detected at /Applications/Google Chrome.app/Contents/MacOS/Google Chrome
DEBUG:selenium.webdriver.common.selenium_manager:Running command: /Applications/Google\ Chrome.app/Contents/MacOS/Google\ Chrome --version
DEBUG:selenium.webdriver.common.selenium_manager:Output: "Google Chrome 142.0.7444.176 "
DEBUG:selenium.webdriver.common.selenium_manager:Detected browser: chrome 142.0.7444.176
DEBUG:selenium.webdriver.common.selenium_manager:Required driver: chromedriver 142.0.7444.175
DEBUG:selenium.webdriver.common.selenium_manager:chromedriver 142.0.7444.175 already in the cache
DEBUG:selenium.webdriver.common.selenium_manager:Driver path: /Users/korobkin/.cache/selenium/chromedriver/mac-x64/142.0.7444.175/chromedriver
DEBUG:selenium.webdriver.common.selenium_manager:Browser path: /Applications/Google Chrome.app/Contents/MacOS/Google Chrome
DEBUG:selenium.webdriver.common.service:Started executable: `/Users/korobkin/.cache/selenium/chromedriver/mac-x64/142.0.7444.175/chromedriver` in a child process with pid: 71430 using 0 to output -3
DEBUG:selenium.webdriver.remote.remote_connection:POST http://localhost:64535/session {'capabilities': {'firstMatch': [{}], 'alwaysMatch': {'browserName': 'chrome', 'pageLoadStrategy': <PageLoadStrategy.normal: 'normal'>, 'browserVersion': None, 'goog:chromeOptions': {'extensions': [], 'binary': '/Applications/Google Chrome.app/Contents/MacOS/Google Chrome', 'args': []}}}}
DEBUG:urllib3.connectionpool:Starting new HTTP connection (1): localhost:64535
DEBUG:urllib3.connectionpool:http://localhost:64535 "POST /session HTTP/1.1" 200 0
DEBUG:selenium.webdriver.remote.remote_connection:Remote response: status=200 | data={"value":{"capabilities":{"acceptInsecureCerts":false,"browserName":"chrome","browserVersion":"142.0.7444.176","chrome":{"chromedriverVersion":"142.0.7444.175 (302067f14a4ea3f42001580e6101fa25ed343445-refs/branch-heads/7444@{#2749})","userDataDir":"/var/folders/xq/k28hhdp52nsbf92tjy5nm6940000gn/T/.org.chromium.Chromium.scoped_dir.6nnh5U"},"fedcm:accounts":true,"goog:chromeOptions":{"debuggerAddress":"localhost:64546"},"goog:processID":71431,"networkConnectionEnabled":false,"pageLoadStrategy":"normal","platformName":"mac","proxy":{},"setWindowRect":true,"strictFileInteractability":false,"timeouts":{"implicit":0,"pageLoad":300000,"script":30000},"unhandledPromptBehavior":"dismiss and notify","webauthn:extension:credBlob":true,"webauthn:extension:largeBlob":true,"webauthn:extension:minPinLength":true,"webauthn:extension:prf":true,"webauthn:virtualAuthenticators":true},"sessionId":"ad07a62029fbdb15f6f25a73f0a4fecf"}} | headers=HTTPHeaderDict({'Content-Length': '926', 'Content-Type': 'application/json; charset=utf-8', 'cache-control': 'no-cache'})
DEBUG:selenium.webdriver.remote.remote_connection:Finished Request
INFO:my_logger:login start
DEBUG:selenium.webdriver.remote.remote_connection:POST http://localhost:64535/session/ad07a62029fbdb15f6f25a73f0a4fecf/url {'url': 'https://ais.usvisa-info.com/ru-kz/niv/users/sign_in'}
DEBUG:telethon.network.mtprotosender:Handling update UpdateShort
DEBUG:telethon.network.mtprotosender:Receiving items from the network...
DEBUG:urllib3.connectionpool:http://localhost:64535 "POST /session/ad07a62029fbdb15f6f25a73f0a4fecf/url HTTP/1.1" 200 0
DEBUG:selenium.webdriver.remote.remote_connection:Remote response: status=200 | data={"value":null} | headers=HTTPHeaderDict({'Content-Length': '14', 'Content-Type': 'application/json; charset=utf-8', 'cache-control': 'no-cache'})
DEBUG:selenium.webdriver.remote.remote_connection:Finished Request
DEBUG:selenium.webdriver.remote.remote_connection:POST http://localhost:64535/session/ad07a62029fbdb15f6f25a73f0a4fecf/element {'using': 'css selector', 'value': '[id="user_email"]'}
DEBUG:urllib3.connectionpool:http://localhost:64535 "POST /session/ad07a62029fbdb15f6f25a73f0a4fecf/element HTTP/1.1" 200 0
DEBUG:selenium.webdriver.remote.remote_connection:Remote response: status=200 | data={"value":{"element-6066-11e4-a52e-4f735466cecf":"f.DB4CBE964D11BCE24F4199DEC4E0B00A.d.5B641038FE72F07DBA2053A360A573BA.e.3"}} | headers=HTTPHeaderDict({'Content-Length': '125', 'Content-Type': 'application/json; charset=utf-8', 'cache-control': 'no-cache'})
DEBUG:selenium.webdriver.remote.remote_connection:Finished Request
DEBUG:selenium.webdriver.remote.remote_connection:POST http://localhost:64535/session/ad07a62029fbdb15f6f25a73f0a4fecf/element/f.DB4CBE964D11BCE24F4199DEC4E0B00A.d.5B641038FE72F07DBA2053A360A573BA.e.3/value {'text': 'doner66@gmail.com', 'value': ['d', 'o', 'n', 'e', 'r', '6', '6', '@', 'g', 'm', 'a', 'i', 'l', '.', 'c', 'o', 'm']}
DEBUG:urllib3.connectionpool:http://localhost:64535 "POST /session/ad07a62029fbdb15f6f25a73f0a4fecf/element/f.DB4CBE964D11BCE24F4199DEC4E0B00A.d.5B641038FE72F07DBA2053A360A573BA.e.3/value HTTP/1.1" 200 0
DEBUG:selenium.webdriver.remote.remote_connection:Remote response: status=200 | data={"value":null} | headers=HTTPHeaderDict({'Content-Length': '14', 'Content-Type': 'application/json; charset=utf-8', 'cache-control': 'no-cache'})
DEBUG:selenium.webdriver.remote.remote_connection:Finished Request
DEBUG:selenium.webdriver.remote.remote_connection:POST http://localhost:64535/session/ad07a62029fbdb15f6f25a73f0a4fecf/element {'using': 'css selector', 'value': '[id="user_password"]'}
DEBUG:urllib3.connectionpool:http://localhost:64535 "POST /session/ad07a62029fbdb15f6f25a73f0a4fecf/element HTTP/1.1" 200 0
DEBUG:selenium.webdriver.remote.remote_connection:Remote response: status=200 | data={"value":{"element-6066-11e4-a52e-4f735466cecf":"f.DB4CBE964D11BCE24F4199DEC4E0B00A.d.5B641038FE72F07DBA2053A360A573BA.e.4"}} | headers=HTTPHeaderDict({'Content-Length': '125', 'Content-Type': 'application/json; charset=utf-8', 'cache-control': 'no-cache'})
DEBUG:selenium.webdriver.remote.remote_connection:Finished Request
DEBUG:selenium.webdriver.remote.remote_connection:POST http://localhost:64535/session/ad07a62029fbdb15f6f25a73f0a4fecf/element/f.DB4CBE964D11BCE24F4199DEC4E0B00A.d.5B641038FE72F07DBA2053A360A573BA.e.4/value {'text': 'Al89086307525Zx!', 'value': ['A', 'l', '8', '9', '0', '8', '6', '3', '0', '7', '5', '2', '5', 'Z', 'x', '!']}
DEBUG:urllib3.connectionpool:http://localhost:64535 "POST /session/ad07a62029fbdb15f6f25a73f0a4fecf/element/f.DB4CBE964D11BCE24F4199DEC4E0B00A.d.5B641038FE72F07DBA2053A360A573BA.e.4/value HTTP/1.1" 200 0
DEBUG:selenium.webdriver.remote.remote_connection:Remote response: status=200 | data={"value":null} | headers=HTTPHeaderDict({'Content-Length': '14', 'Content-Type': 'application/json; charset=utf-8', 'cache-control': 'no-cache'})
DEBUG:selenium.webdriver.remote.remote_connection:Finished Request
DEBUG:selenium.webdriver.remote.remote_connection:POST http://localhost:64535/session/ad07a62029fbdb15f6f25a73f0a4fecf/element {'using': 'css selector', 'value': '.icheckbox'}
DEBUG:urllib3.connectionpool:http://localhost:64535 "POST /session/ad07a62029fbdb15f6f25a73f0a4fecf/element HTTP/1.1" 200 0
DEBUG:selenium.webdriver.remote.remote_connection:Remote response: status=200 | data={"value":{"element-6066-11e4-a52e-4f735466cecf":"f.DB4CBE964D11BCE24F4199DEC4E0B00A.d.5B641038FE72F07DBA2053A360A573BA.e.36"}} | headers=HTTPHeaderDict({'Content-Length': '126', 'Content-Type': 'application/json; charset=utf-8', 'cache-control': 'no-cache'})
DEBUG:selenium.webdriver.remote.remote_connection:Finished Request
DEBUG:selenium.webdriver.remote.remote_connection:POST http://localhost:64535/session/ad07a62029fbdb15f6f25a73f0a4fecf/element/f.DB4CBE964D11BCE24F4199DEC4E0B00A.d.5B641038FE72F07DBA2053A360A573BA.e.36/click {}
DEBUG:urllib3.connectionpool:http://localhost:64535 "POST /session/ad07a62029fbdb15f6f25a73f0a4fecf/element/f.DB4CBE964D11BCE24F4199DEC4E0B00A.d.5B641038FE72F07DBA2053A360A573BA.e.36/click HTTP/1.1" 200 0
DEBUG:selenium.webdriver.remote.remote_connection:Remote response: status=200 | data={"value":null} | headers=HTTPHeaderDict({'Content-Length': '14', 'Content-Type': 'application/json; charset=utf-8', 'cache-control': 'no-cache'})
DEBUG:selenium.webdriver.remote.remote_connection:Finished Request
DEBUG:telethon.network.mtprotosender:Handling update UpdateShort
DEBUG:telethon.network.mtprotosender:Receiving items from the network...
DEBUG:telethon.network.mtprotosender:Handling update UpdateShort
DEBUG:telethon.network.mtprotosender:Receiving items from the network...
DEBUG:selenium.webdriver.remote.remote_connection:POST http://localhost:64535/session/ad07a62029fbdb15f6f25a73f0a4fecf/element {'using': 'css selector', 'value': '[name="commit"]'}
DEBUG:urllib3.connectionpool:http://localhost:64535 "POST /session/ad07a62029fbdb15f6f25a73f0a4fecf/element HTTP/1.1" 200 0
DEBUG:selenium.webdriver.remote.remote_connection:Remote response: status=200 | data={"value":{"element-6066-11e4-a52e-4f735466cecf":"f.DB4CBE964D11BCE24F4199DEC4E0B00A.d.5B641038FE72F07DBA2053A360A573BA.e.8"}} | headers=HTTPHeaderDict({'Content-Length': '125', 'Content-Type': 'application/json; charset=utf-8', 'cache-control': 'no-cache'})
DEBUG:selenium.webdriver.remote.remote_connection:Finished Request
DEBUG:selenium.webdriver.remote.remote_connection:POST http://localhost:64535/session/ad07a62029fbdb15f6f25a73f0a4fecf/element/f.DB4CBE964D11BCE24F4199DEC4E0B00A.d.5B641038FE72F07DBA2053A360A573BA.e.8/click {}
DEBUG:urllib3.connectionpool:http://localhost:64535 "POST /session/ad07a62029fbdb15f6f25a73f0a4fecf/element/f.DB4CBE964D11BCE24F4199DEC4E0B00A.d.5B641038FE72F07DBA2053A360A573BA.e.8/click HTTP/1.1" 200 0
DEBUG:selenium.webdriver.remote.remote_connection:Remote response: status=200 | data={"value":null} | headers=HTTPHeaderDict({'Content-Length': '14', 'Content-Type': 'application/json; charset=utf-8', 'cache-control': 'no-cache'})
DEBUG:selenium.webdriver.remote.remote_connection:Finished Request
DEBUG:selenium.webdriver.remote.remote_connection:POST http://localhost:64535/session/ad07a62029fbdb15f6f25a73f0a4fecf/url {'url': 'https://ais.usvisa-info.com/ru-kz/niv/schedule/71354735/payment'}
DEBUG:urllib3.connectionpool:http://localhost:64535 "POST /session/ad07a62029fbdb15f6f25a73f0a4fecf/url HTTP/1.1" 200 0
DEBUG:selenium.webdriver.remote.remote_connection:Remote response: status=200 | data={"value":null} | headers=HTTPHeaderDict({'Content-Length': '14', 'Content-Type': 'application/json; charset=utf-8', 'cache-control': 'no-cache'})
DEBUG:selenium.webdriver.remote.remote_connection:Finished Request
DEBUG:selenium.webdriver.remote.remote_connection:POST http://localhost:64535/session/ad07a62029fbdb15f6f25a73f0a4fecf/element {'using': 'xpath', 'value': '//*[@id="paymentOptions"]/div[2]/table/tbody/tr[1]/td[2]'}
DEBUG:urllib3.connectionpool:http://localhost:64535 "POST /session/ad07a62029fbdb15f6f25a73f0a4fecf/element HTTP/1.1" 200 0
DEBUG:selenium.webdriver.remote.remote_connection:Remote response: status=200 | data={"value":{"element-6066-11e4-a52e-4f735466cecf":"f.DB4CBE964D11BCE24F4199DEC4E0B00A.d.E15F5167F334B678EEBCE83D2654EF7D.e.42"}} | headers=HTTPHeaderDict({'Content-Length': '126', 'Content-Type': 'application/json; charset=utf-8', 'cache-control': 'no-cache'})
DEBUG:selenium.webdriver.remote.remote_connection:Finished Request
DEBUG:selenium.webdriver.remote.remote_connection:GET http://localhost:64535/session/ad07a62029fbdb15f6f25a73f0a4fecf/element/f.DB4CBE964D11BCE24F4199DEC4E0B00A.d.E15F5167F334B678EEBCE83D2654EF7D.e.42/text {}
DEBUG:urllib3.connectionpool:http://localhost:64535 "GET /session/ad07a62029fbdb15f6f25a73f0a4fecf/element/f.DB4CBE964D11BCE24F4199DEC4E0B00A.d.E15F5167F334B678EEBCE83D2654EF7D.e.42/text HTTP/1.1" 200 0
DEBUG:selenium.webdriver.remote.remote_connection:Remote response: status=200 | data={"value":"В данный момент запись невозможна."} | headers=HTTPHeaderDict({'Content-Length': '75', 'Content-Type': 'application/json; charset=utf-8', 'cache-control': 'no-cache'})
DEBUG:selenium.webdriver.remote.remote_connection:Finished Request
INFO:my_logger:Контент функции get_payment: В данный момент запись невозможна.
DEBUG:selenium.webdriver.remote.remote_connection:DELETE http://localhost:64535/session/ad07a62029fbdb15f6f25a73f0a4fecf/window {}
DEBUG:urllib3.connectionpool:http://localhost:64535 "DELETE /session/ad07a62029fbdb15f6f25a73f0a4fecf/window HTTP/1.1" 200 0
DEBUG:selenium.webdriver.remote.remote_connection:Remote response: status=200 | data={"value":[]} | headers=HTTPHeaderDict({'Content-Length': '12', 'Content-Type': 'application/json; charset=utf-8', 'cache-control': 'no-cache'})
DEBUG:selenium.webdriver.remote.remote_connection:Finished Request
INFO:my_logger:Содержание функции login: None
INFO:telethon.network.mtprotosender:Disconnecting from 149.154.167.51:443/TcpFull...
DEBUG:telethon.network.mtprotosender:Closing current connection...
DEBUG:telethon.network.mtprotosender:Handling container
DEBUG:telethon.network.mtprotosender:Handling update UpdateShort
DEBUG:telethon.network.mtprotosender:Handling update UpdateShort
DEBUG:telethon.network.mtprotosender:Cancelling 0 pending message(s)...
INFO:telethon.network.mtprotosender:Disconnection from 149.154.167.51:443/TcpFull complete!
2025-12-05 17:13:30 - INFO - parsing start
2025-12-05 17:13:30 - INFO - Connecting to 149.154.167.51:443/TcpFull...
2025-12-05 17:13:30 - INFO - Connection to 149.154.167.51:443/TcpFull complete!
2025-12-05 17:13:33 - INFO - login start
2025-12-05 17:13:50 - INFO - Контент функции get_payment: В данный момент запись невозможна.
2025-12-05 17:13:50 - INFO - Содержание функции login: None
2025-12-05 17:23:50 - WARNING - Server sent a very old message with ID 7580407835672813569, ignoring (see FAQ for details)
2025-12-05 17:23:50 - WARNING - Server sent a very old message with ID 7580407835860813825, ignoring (see FAQ for details)
2025-12-05 17:23:50 - WARNING - Server sent a very old message with ID 7580407835985691649, ignoring (see FAQ for details)
2025-12-05 17:23:50 - WARNING - Server sent a very old message with ID 7580407836699473921, ignoring (see FAQ for details)
2025-12-05 17:23:50 - WARNING - Server sent a very old message with ID 7580407839235774465, ignoring (see FAQ for details)
2025-12-05 17:23:50 - WARNING - Server sent a very old message with ID 7580407848814182401, ignoring (see FAQ for details)
2025-12-05 17:23:50 - WARNING - Server sent a very old message with ID 7580407859870854145, ignoring (see FAQ for details)
2025-12-05 17:23:50 - WARNING - Server sent a very old message with ID 7580407876050709505, ignoring (see FAQ for details)
2025-12-05 17:23:50 - WARNING - Server sent a very old message with ID 7580407935283330049, ignoring (see FAQ for details)
2025-12-05 17:23:50 - WARNING - Server sent a very old message with ID 7580407954008275969, ignoring (see FAQ for details)
2025-12-05 17:23:50 - WARNING - Security error while unpacking a received message: Too many messages had to be ignored consecutively
2025-12-05 17:23:50 - WARNING - Server sent a very old message with ID 7580407972018571265, ignoring (see FAQ for details)
2025-12-05 17:23:50 - WARNING - Security error while unpacking a received message: Too many messages had to be ignored consecutively
2025-12-05 17:23:50 - WARNING - Server sent a very old message with ID 7580408011612182529, ignoring (see FAQ for details)
2025-12-05 17:23:50 - WARNING - Security error while unpacking a received message: Too many messages had to be ignored consecutively
2025-12-05 17:23:50 - WARNING - Server sent a very old message with ID 7580408024170307585, ignoring (see FAQ for details)
2025-12-05 17:23:50 - WARNING - Security error while unpacking a received message: Too many messages had to be ignored consecutively
2025-12-05 17:23:50 - WARNING - Server sent a very old message with ID 7580408039364879361, ignoring (see FAQ for details)
2025-12-05 17:23:50 - WARNING - Security error while unpacking a received message: Too many messages had to be ignored consecutively
2025-12-05 17:23:50 - WARNING - Server sent a very old message with ID 7580408070823358465, ignoring (see FAQ for details)
2025-12-05 17:23:50 - WARNING - Security error while unpacking a received message: Too many messages had to be ignored consecutively
2025-12-05 17:23:50 - WARNING - Server sent a very old message with ID 7580408091794236417, ignoring (see FAQ for details)
2025-12-05 17:23:50 - WARNING - Security error while unpacking a received message: Too many messages had to be ignored consecutively
2025-12-05 17:23:50 - WARNING - Server sent a very old message with ID 7580408099815763969, ignoring (see FAQ for details)
2025-12-05 17:23:50 - WARNING - Security error while unpacking a received message: Too many messages had to be ignored consecutively
2025-12-05 17:23:50 - WARNING - Server sent a very old message with ID 7580408108611398657, ignoring (see FAQ for details)
2025-12-05 17:23:50 - WARNING - Security error while unpacking a received message: Too many messages had to be ignored consecutively
2025-12-05 17:23:50 - WARNING - Server sent a very old message with ID 7580408172239405057, ignoring (see FAQ for details)
2025-12-05 17:23:50 - WARNING - Security error while unpacking a received message: Too many messages had to be ignored consecutively
2025-12-05 17:23:50 - WARNING - Server sent a very old message with ID 7580408196316989441, ignoring (see FAQ for details)
2025-12-05 17:23:50 - WARNING - Security error while unpacking a received message: Too many messages had to be ignored consecutively
2025-12-05 17:23:50 - WARNING - Server sent a very old message with ID 7580408211591473153, ignoring (see FAQ for details)
2025-12-05 17:23:50 - WARNING - Security error while unpacking a received message: Too many messages had to be ignored consecutively
2025-12-05 17:23:50 - WARNING - Server sent a very old message with ID 7580408235375974401, ignoring (see FAQ for details)
2025-12-05 17:23:50 - WARNING - Security error while unpacking a received message: Too many messages had to be ignored consecutively
2025-12-05 17:23:50 - WARNING - Server sent a very old message with ID 7580408289958159361, ignoring (see FAQ for details)
2025-12-05 17:23:50 - WARNING - Security error while unpacking a received message: Too many messages had to be ignored consecutively
2025-12-05 17:23:50 - WARNING - Server sent a very old message with ID 7580408355628533761, ignoring (see FAQ for details)
2025-12-05 17:23:50 - WARNING - Security error while unpacking a received message: Too many messages had to be ignored consecutively
2025-12-05 17:23:50 - WARNING - Server sent a very old message with ID 7580408363976269825, ignoring (see FAQ for details)
2025-12-05 17:23:50 - WARNING - Security error while unpacking a received message: Too many messages had to be ignored consecutively
2025-12-05 17:23:50 - WARNING - Server sent a very old message with ID 7580408367669676033, ignoring (see FAQ for details)
2025-12-05 17:23:50 - WARNING - Security error while unpacking a received message: Too many messages had to be ignored consecutively
2025-12-05 17:23:50 - WARNING - Server sent a very old message with ID 7580408375979156481, ignoring (see FAQ for details)
2025-12-05 17:23:50 - WARNING - Security error while unpacking a received message: Too many messages had to be ignored consecutively
2025-12-05 17:23:50 - WARNING - Server sent a very old message with ID 7580408375979156485, ignoring (see FAQ for details)
2025-12-05 17:23:50 - WARNING - Security error while unpacking a received message: Too many messages had to be ignored consecutively
2025-12-05 17:23:50 - WARNING - Server sent a very old message with ID 7580408386730875905, ignoring (see FAQ for details)
2025-12-05 17:23:50 - WARNING - Security error while unpacking a received message: Too many messages had to be ignored consecutively
2025-12-05 17:23:50 - WARNING - Server sent a very old message with ID 7580408392874777601, ignoring (see FAQ for details)
2025-12-05 17:23:50 - WARNING - Security error while unpacking a received message: Too many messages had to be ignored consecutively
2025-12-05 17:23:50 - WARNING - Server sent a very old message with ID 7580408392874777605, ignoring (see FAQ for details)
2025-12-05 17:23:50 - WARNING - Security error while unpacking a received message: Too many messages had to be ignored consecutively
2025-12-05 17:23:50 - WARNING - Server sent a very old message with ID 7580408409002364929, ignoring (see FAQ for details)
2025-12-05 17:23:50 - WARNING - Security error while unpacking a received message: Too many messages had to be ignored consecutively
2025-12-05 17:23:50 - WARNING - Server sent a very old message with ID 7580408433240877057, ignoring (see FAQ for details)
2025-12-05 17:23:50 - WARNING - Security error while unpacking a received message: Too many messages had to be ignored consecutively
2025-12-05 17:23:50 - WARNING - Server sent a very old message with ID 7580408478159162369, ignoring (see FAQ for details)
2025-12-05 17:23:50 - WARNING - Security error while unpacking a received message: Too many messages had to be ignored consecutively
2025-12-05 17:23:50 - WARNING - Server sent a very old message with ID 7580408478159162377, ignoring (see FAQ for details)
2025-12-05 17:23:50 - WARNING - Security error while unpacking a received message: Too many messages had to be ignored consecutively
2025-12-05 17:23:50 - WARNING - Server sent a very old message with ID 7580408478159162373, ignoring (see FAQ for details)
2025-12-05 17:23:50 - WARNING - Security error while unpacking a received message: Too many messages had to be ignored consecutively
2025-12-05 17:23:50 - WARNING - Server sent a very old message with ID 7580408518267268097, ignoring (see FAQ for details)
2025-12-05 17:23:50 - WARNING - Security error while unpacking a received message: Too many messages had to be ignored consecutively
2025-12-05 17:23:50 - WARNING - Server sent a very old message with ID 7580408681804093461, ignoring (see FAQ for details)
2025-12-05 17:23:50 - WARNING - Security error while unpacking a received message: Too many messages had to be ignored consecutively
2025-12-05 17:23:50 - WARNING - Server sent a very old message with ID 7580408681804156929, ignoring (see FAQ for details)
2025-12-05 17:23:50 - WARNING - Security error while unpacking a received message: Too many messages had to be ignored consecutively
2025-12-05 17:23:50 - WARNING - Server sent a very old message with ID 7580408681804093457, ignoring (see FAQ for details)
2025-12-05 17:23:50 - WARNING - Security error while unpacking a received message: Too many messages had to be ignored consecutively
2025-12-05 17:23:50 - WARNING - Server sent a very old message with ID 7580408683429483521, ignoring (see FAQ for details)
2025-12-05 17:23:50 - WARNING - Security error while unpacking a received message: Too many messages had to be ignored consecutively
2025-12-05 17:23:50 - WARNING - Server sent a very old message with ID 7580408687991171073, ignoring (see FAQ for details)
2025-12-05 17:23:50 - WARNING - Security error while unpacking a received message: Too many messages had to be ignored consecutively
2025-12-05 17:23:50 - WARNING - Server sent a very old message with ID 7580408693572982785, ignoring (see FAQ for details)
2025-12-05 17:23:50 - WARNING - Security error while unpacking a received message: Too many messages had to be ignored consecutively
2025-12-05 17:23:50 - WARNING - Server sent a very old message with ID 7580408699299268609, ignoring (see FAQ for details)
2025-12-05 17:23:50 - WARNING - Security error while unpacking a received message: Too many messages had to be ignored consecutively
2025-12-05 17:23:50 - WARNING - Server sent a very old message with ID 7580408771198702593, ignoring (see FAQ for details)
2025-12-05 17:23:50 - WARNING - Security error while unpacking a received message: Too many messages had to be ignored consecutively
2025-12-05 17:23:50 - WARNING - Server sent a very old message with ID 7580408778577248257, ignoring (see FAQ for details)
2025-12-05 17:23:50 - WARNING - Security error while unpacking a received message: Too many messages had to be ignored consecutively
2025-12-05 17:23:50 - WARNING - Server sent a very old message with ID 7580408801371357185, ignoring (see FAQ for details)
2025-12-05 17:23:50 - WARNING - Security error while unpacking a received message: Too many messages had to be ignored consecutively
2025-12-05 17:23:50 - WARNING - Server sent a very old message with ID 7580408813678244865, ignoring (see FAQ for details)
2025-12-05 17:23:50 - WARNING - Security error while unpacking a received message: Too many messages had to be ignored consecutively
2025-12-05 17:23:50 - WARNING - Server sent a very old message with ID 7580408962340280321, ignoring (see FAQ for details)
2025-12-05 17:23:50 - WARNING - Security error while unpacking a received message: Too many messages had to be ignored consecutively
2025-12-05 17:23:50 - WARNING - Server sent a very old message with ID 7580408965882802177, ignoring (see FAQ for details)
2025-12-05 17:23:50 - WARNING - Security error while unpacking a received message: Too many messages had to be ignored consecutively
2025-12-05 17:23:50 - WARNING - Server sent a very old message with ID 7580408973336083457, ignoring (see FAQ for details)
2025-12-05 17:23:50 - WARNING - Security error while unpacking a received message: Too many messages had to be ignored consecutively
2025-12-05 17:23:50 - WARNING - Server sent a very old message with ID 7580408978297103361, ignoring (see FAQ for details)
2025-12-05 17:23:50 - WARNING - Security error while unpacking a received message: Too many messages had to be ignored consecutively
2025-12-05 17:23:50 - WARNING - Server sent a very old message with ID 7580409001725185025, ignoring (see FAQ for details)
2025-12-05 17:23:50 - WARNING - Security error while unpacking a received message: Too many messages had to be ignored consecutively
2025-12-05 17:23:50 - WARNING - Server sent a very old message with ID 7580409008453851137, ignoring (see FAQ for details)
2025-12-05 17:23:50 - WARNING - Security error while unpacking a received message: Too many messages had to be ignored consecutively
2025-12-05 17:23:50 - WARNING - Server sent a very old message with ID 7580409008932777985, ignoring (see FAQ for details)
2025-12-05 17:23:50 - WARNING - Security error while unpacking a received message: Too many messages had to be ignored consecutively
2025-12-05 17:23:50 - WARNING - Server sent a very old message with ID 7580409028883644417, ignoring (see FAQ for details)
2025-12-05 17:23:50 - WARNING - Security error while unpacking a received message: Too many messages had to be ignored consecutively
2025-12-05 17:23:50 - WARNING - Server sent a very old message with ID 7580409033625020417, ignoring (see FAQ for details)
2025-12-05 17:23:50 - WARNING - Security error while unpacking a received message: Too many messages had to be ignored consecutively
2025-12-05 17:23:50 - WARNING - Server sent a very old message with ID 7580409034319114241, ignoring (see FAQ for details)
2025-12-05 17:23:50 - WARNING - Security error while unpacking a received message: Too many messages had to be ignored consecutively
2025-12-05 17:23:50 - WARNING - Server sent a very old message with ID 7580409047520748545, ignoring (see FAQ for details)
2025-12-05 17:23:50 - WARNING - Security error while unpacking a received message: Too many messages had to be ignored consecutively
2025-12-05 17:23:50 - WARNING - Server sent a very old message with ID 7580409121102091265, ignoring (see FAQ for details)
2025-12-05 17:23:50 - WARNING - Security error while unpacking a received message: Too many messages had to be ignored consecutively
2025-12-05 17:23:52 - INFO - login start
2025-12-05 17:24:08 - INFO - Контент функции get_payment: В данный момент запись невозможна.
2025-12-05 17:24:08 - INFO - Содержание функции login: None
2025-12-05 17:34:08 - WARNING - Server sent a very old message with ID 7580410487114182657, ignoring (see FAQ for details)
2025-12-05 17:34:08 - WARNING - Server sent a very old message with ID 7580410507103542273, ignoring (see FAQ for details)
2025-12-05 17:34:08 - WARNING - Server sent a very old message with ID 7580410555111716865, ignoring (see FAQ for details)
2025-12-05 17:34:08 - WARNING - Server sent a very old message with ID 7580410616210925569, ignoring (see FAQ for details)
2025-12-05 17:34:08 - WARNING - Server sent a very old message with ID 7580410719262196737, ignoring (see FAQ for details)
2025-12-05 17:34:08 - WARNING - Server sent a very old message with ID 7580410731257422849, ignoring (see FAQ for details)
2025-12-05 17:34:08 - WARNING - Server sent a very old message with ID 7580410824604259329, ignoring (see FAQ for details)
2025-12-05 17:34:08 - WARNING - Server sent a very old message with ID 7580410855789240321, ignoring (see FAQ for details)
2025-12-05 17:34:08 - WARNING - Server sent a very old message with ID 7580410940365264897, ignoring (see FAQ for details)
2025-12-05 17:34:08 - WARNING - Server sent a very old message with ID 7580411151236576257, ignoring (see FAQ for details)
2025-12-05 17:34:08 - WARNING - Security error while unpacking a received message: Too many messages had to be ignored consecutively
2025-12-05 17:34:08 - WARNING - Server sent a very old message with ID 7580411173777271809, ignoring (see FAQ for details)
2025-12-05 17:34:08 - WARNING - Security error while unpacking a received message: Too many messages had to be ignored consecutively
2025-12-05 17:34:08 - WARNING - Server sent a very old message with ID 7580411202688301057, ignoring (see FAQ for details)
2025-12-05 17:34:08 - WARNING - Security error while unpacking a received message: Too many messages had to be ignored consecutively
2025-12-05 17:34:08 - WARNING - Server sent a very old message with ID 7580411206196023297, ignoring (see FAQ for details)
2025-12-05 17:34:08 - WARNING - Security error while unpacking a received message: Too many messages had to be ignored consecutively
2025-12-05 17:34:08 - WARNING - Server sent a very old message with ID 7580411219132612609, ignoring (see FAQ for details)
2025-12-05 17:34:08 - WARNING - Security error while unpacking a received message: Too many messages had to be ignored consecutively
2025-12-05 17:34:08 - WARNING - Server sent a very old message with ID 7580411221643301889, ignoring (see FAQ for details)
2025-12-05 17:34:08 - WARNING - Security error while unpacking a received message: Too many messages had to be ignored consecutively
2025-12-05 17:34:08 - WARNING - Server sent a very old message with ID 7580411222325734401, ignoring (see FAQ for details)
2025-12-05 17:34:08 - WARNING - Security error while unpacking a received message: Too many messages had to be ignored consecutively
2025-12-05 17:34:08 - WARNING - Server sent a very old message with ID 7580411276844693505, ignoring (see FAQ for details)
2025-12-05 17:34:08 - WARNING - Security error while unpacking a received message: Too many messages had to be ignored consecutively
2025-12-05 17:34:08 - WARNING - Server sent a very old message with ID 7580411288497666049, ignoring (see FAQ for details)
2025-12-05 17:34:08 - WARNING - Security error while unpacking a received message: Too many messages had to be ignored consecutively
2025-12-05 17:34:08 - WARNING - Server sent a very old message with ID 7580411330902879233, ignoring (see FAQ for details)
2025-12-05 17:34:08 - WARNING - Security error while unpacking a received message: Too many messages had to be ignored consecutively
2025-12-05 17:34:08 - WARNING - Server sent a very old message with ID 7580411369144505345, ignoring (see FAQ for details)
2025-12-05 17:34:08 - WARNING - Security error while unpacking a received message: Too many messages had to be ignored consecutively
2025-12-05 17:34:08 - WARNING - Server sent a very old message with ID 7580411404674865153, ignoring (see FAQ for details)
2025-12-05 17:34:08 - WARNING - Security error while unpacking a received message: Too many messages had to be ignored consecutively
2025-12-05 17:34:08 - WARNING - Server sent a very old message with ID 7580411428860259329, ignoring (see FAQ for details)
2025-12-05 17:34:08 - WARNING - Security error while unpacking a received message: Too many messages had to be ignored consecutively
2025-12-05 17:34:08 - WARNING - Server sent a very old message with ID 7580411464037407745, ignoring (see FAQ for details)
2025-12-05 17:34:08 - WARNING - Security error while unpacking a received message: Too many messages had to be ignored consecutively
2025-12-05 17:34:08 - WARNING - Server sent a very old message with ID 7580411493935218689, ignoring (see FAQ for details)
2025-12-05 17:34:08 - WARNING - Security error while unpacking a received message: Too many messages had to be ignored consecutively
2025-12-05 17:34:08 - WARNING - Server sent a very old message with ID 7580411494363062273, ignoring (see FAQ for details)
2025-12-05 17:34:08 - WARNING - Security error while unpacking a received message: Too many messages had to be ignored consecutively
2025-12-05 17:34:08 - WARNING - Server sent a very old message with ID 7580411501905310721, ignoring (see FAQ for details)
2025-12-05 17:34:08 - WARNING - Security error while unpacking a received message: Too many messages had to be ignored consecutively
2025-12-05 17:34:08 - WARNING - Server sent a very old message with ID 7580411503530482689, ignoring (see FAQ for details)
2025-12-05 17:34:08 - WARNING - Security error while unpacking a received message: Too many messages had to be ignored consecutively
2025-12-05 17:34:08 - WARNING - Server sent a very old message with ID 7580411504215626753, ignoring (see FAQ for details)
2025-12-05 17:34:08 - WARNING - Security error while unpacking a received message: Too many messages had to be ignored consecutively
2025-12-05 17:34:08 - WARNING - Server sent a very old message with ID 7580411526700104705, ignoring (see FAQ for details)
2025-12-05 17:34:08 - WARNING - Security error while unpacking a received message: Too many messages had to be ignored consecutively
2025-12-05 17:34:08 - WARNING - Server sent a very old message with ID 7580411531465108481, ignoring (see FAQ for details)
2025-12-05 17:34:08 - WARNING - Security error while unpacking a received message: Too many messages had to be ignored consecutively
2025-12-05 17:34:08 - WARNING - Server sent a very old message with ID 7580411534363807745, ignoring (see FAQ for details)
2025-12-05 17:34:08 - WARNING - Security error while unpacking a received message: Too many messages had to be ignored consecutively
2025-12-05 17:34:08 - WARNING - Server sent a very old message with ID 7580411534516980737, ignoring (see FAQ for details)
2025-12-05 17:34:08 - WARNING - Security error while unpacking a received message: Too many messages had to be ignored consecutively
2025-12-05 17:34:08 - WARNING - Server sent a very old message with ID 7580411544554948609, ignoring (see FAQ for details)
2025-12-05 17:34:08 - WARNING - Security error while unpacking a received message: Too many messages had to be ignored consecutively
2025-12-05 17:34:08 - WARNING - Server sent a very old message with ID 7580411555171286017, ignoring (see FAQ for details)
2025-12-05 17:34:08 - WARNING - Security error while unpacking a received message: Too many messages had to be ignored consecutively
2025-12-05 17:34:08 - WARNING - Server sent a very old message with ID 7580411582176317441, ignoring (see FAQ for details)
2025-12-05 17:34:08 - WARNING - Security error while unpacking a received message: Too many messages had to be ignored consecutively
2025-12-05 17:34:08 - WARNING - Server sent a very old message with ID 7580411596908174337, ignoring (see FAQ for details)
2025-12-05 17:34:08 - WARNING - Security error while unpacking a received message: Too many messages had to be ignored consecutively
2025-12-05 17:34:08 - WARNING - Server sent a very old message with ID 7580411610533877761, ignoring (see FAQ for details)
2025-12-05 17:34:08 - WARNING - Security error while unpacking a received message: Too many messages had to be ignored consecutively
2025-12-05 17:34:08 - WARNING - Server sent a very old message with ID 7580411616853165057, ignoring (see FAQ for details)
2025-12-05 17:34:08 - WARNING - Security error while unpacking a received message: Too many messages had to be ignored consecutively
2025-12-05 17:34:08 - WARNING - Server sent a very old message with ID 7580411617116105729, ignoring (see FAQ for details)
2025-12-05 17:34:08 - WARNING - Security error while unpacking a received message: Too many messages had to be ignored consecutively
2025-12-05 17:34:08 - WARNING - Server sent a very old message with ID 7580411625208855553, ignoring (see FAQ for details)
2025-12-05 17:34:08 - WARNING - Security error while unpacking a received message: Too many messages had to be ignored consecutively
2025-12-05 17:34:08 - WARNING - Server sent a very old message with ID 7580411639937162241, ignoring (see FAQ for details)
2025-12-05 17:34:08 - WARNING - Security error while unpacking a received message: Too many messages had to be ignored consecutively
2025-12-05 17:34:08 - WARNING - Server sent a very old message with ID 7580411664895747073, ignoring (see FAQ for details)
2025-12-05 17:34:08 - WARNING - Security error while unpacking a received message: Too many messages had to be ignored consecutively
2025-12-05 17:34:08 - WARNING - Server sent a very old message with ID 7580411691769672705, ignoring (see FAQ for details)
2025-12-05 17:34:08 - WARNING - Security error while unpacking a received message: Too many messages had to be ignored consecutively
2025-12-05 17:34:08 - WARNING - Server sent a very old message with ID 7580411705744829441, ignoring (see FAQ for details)
2025-12-05 17:34:08 - WARNING - Security error while unpacking a received message: Too many messages had to be ignored consecutively
2025-12-05 17:34:08 - WARNING - Server sent a very old message with ID 7580411718973331457, ignoring (see FAQ for details)
2025-12-05 17:34:08 - WARNING - Security error while unpacking a received message: Too many messages had to be ignored consecutively
2025-12-05 17:34:08 - WARNING - Server sent a very old message with ID 7580411736283270145, ignoring (see FAQ for details)
2025-12-05 17:34:08 - WARNING - Security error while unpacking a received message: Too many messages had to be ignored consecutively
2025-12-05 17:34:08 - WARNING - Server sent a very old message with ID 7580411738695937025, ignoring (see FAQ for details)
2025-12-05 17:34:08 - WARNING - Security error while unpacking a received message: Too many messages had to be ignored consecutively
2025-12-05 17:34:08 - WARNING - Server sent a very old message with ID 7580411778436022273, ignoring (see FAQ for details)
2025-12-05 17:34:08 - WARNING - Security error while unpacking a received message: Too many messages had to be ignored consecutively
2025-12-05 17:34:08 - INFO - Got difference for account updates
2025-12-05 17:34:17 - INFO - login start
2025-12-05 17:34:33 - INFO - Контент функции get_payment: В данный момент запись невозможна.
2025-12-05 17:34:33 - INFO - Содержание функции login: None
2025-12-05 21:12:38 - WARNING - Server sent a very old message with ID 7580413172186458113, ignoring (see FAQ for details)
2025-12-05 21:12:38 - WARNING - Server sent a very old message with ID 7580413177806070785, ignoring (see FAQ for details)
2025-12-05 21:12:38 - WARNING - Server sent a very old message with ID 7580413185047998465, ignoring (see FAQ for details)
2025-12-05 21:12:38 - WARNING - Server sent a very old message with ID 7580413247310702593, ignoring (see FAQ for details)
2025-12-05 21:12:38 - WARNING - Server sent a very old message with ID 7580413263635892225, ignoring (see FAQ for details)
2025-12-05 21:12:38 - WARNING - Server sent a very old message with ID 7580413267532856321, ignoring (see FAQ for details)
2025-12-05 21:12:38 - WARNING - Server sent a very old message with ID 7580413325914190849, ignoring (see FAQ for details)
2025-12-05 21:12:38 - WARNING - Server sent a very old message with ID 7580413331208268801, ignoring (see FAQ for details)
2025-12-05 21:12:38 - WARNING - Server sent a very old message with ID 7580413379473765377, ignoring (see FAQ for details)
2025-12-05 21:12:38 - WARNING - Server sent a very old message with ID 7580413456776110081, ignoring (see FAQ for details)
2025-12-05 21:12:38 - WARNING - Security error while unpacking a received message: Too many messages had to be ignored consecutively
2025-12-05 21:12:38 - WARNING - Server sent a very old message with ID 7580413575540988929, ignoring (see FAQ for details)
2025-12-05 21:12:38 - WARNING - Security error while unpacking a received message: Too many messages had to be ignored consecutively
2025-12-05 21:12:38 - WARNING - Server sent a very old message with ID 7580413580527185921, ignoring (see FAQ for details)
2025-12-05 21:12:38 - WARNING - Security error while unpacking a received message: Too many messages had to be ignored consecutively
2025-12-05 21:12:38 - WARNING - Server sent a very old message with ID 7580413598836148225, ignoring (see FAQ for details)
2025-12-05 21:12:38 - WARNING - Security error while unpacking a received message: Too many messages had to be ignored consecutively
2025-12-05 21:12:38 - WARNING - Server sent a very old message with ID 7580413655465088001, ignoring (see FAQ for details)
2025-12-05 21:12:38 - WARNING - Security error while unpacking a received message: Too many messages had to be ignored consecutively
2025-12-05 21:12:38 - WARNING - Server sent a very old message with ID 7580413661954259969, ignoring (see FAQ for details)
2025-12-05 21:12:38 - WARNING - Security error while unpacking a received message: Too many messages had to be ignored consecutively
2025-12-05 21:12:38 - WARNING - Server sent a very old message with ID 7580413728714262529, ignoring (see FAQ for details)
2025-12-05 21:12:38 - WARNING - Security error while unpacking a received message: Too many messages had to be ignored consecutively
2025-12-05 21:12:38 - WARNING - Server sent a very old message with ID 7580413747643763713, ignoring (see FAQ for details)
2025-12-05 21:12:38 - WARNING - Security error while unpacking a received message: Too many messages had to be ignored consecutively
2025-12-05 21:12:38 - WARNING - Server sent a very old message with ID 7580413856226926593, ignoring (see FAQ for details)
2025-12-05 21:12:38 - WARNING - Security error while unpacking a received message: Too many messages had to be ignored consecutively
2025-12-05 21:12:38 - WARNING - Server sent a very old message with ID 7580413860481620993, ignoring (see FAQ for details)
2025-12-05 21:12:38 - WARNING - Security error while unpacking a received message: Too many messages had to be ignored consecutively
2025-12-05 21:12:38 - WARNING - Server sent a very old message with ID 7580413863097929729, ignoring (see FAQ for details)
2025-12-05 21:12:38 - WARNING - Security error while unpacking a received message: Too many messages had to be ignored consecutively
2025-12-05 21:12:38 - WARNING - Server sent a very old message with ID 7580413864151911425, ignoring (see FAQ for details)
2025-12-05 21:12:38 - WARNING - Security error while unpacking a received message: Too many messages had to be ignored consecutively
2025-12-05 21:12:38 - WARNING - Server sent a very old message with ID 7580413897815912449, ignoring (see FAQ for details)
2025-12-05 21:12:38 - WARNING - Security error while unpacking a received message: Too many messages had to be ignored consecutively
2025-12-05 21:12:38 - WARNING - Server sent a very old message with ID 7580413919592220673, ignoring (see FAQ for details)
2025-12-05 21:12:38 - WARNING - Security error while unpacking a received message: Too many messages had to be ignored consecutively
2025-12-05 21:12:38 - WARNING - Server sent a very old message with ID 7580413926423844865, ignoring (see FAQ for details)
2025-12-05 21:12:38 - WARNING - Security error while unpacking a received message: Too many messages had to be ignored consecutively
2025-12-05 21:12:38 - WARNING - Server sent a very old message with ID 7580413998091033601, ignoring (see FAQ for details)
2025-12-05 21:12:38 - WARNING - Security error while unpacking a received message: Too many messages had to be ignored consecutively
2025-12-05 21:12:38 - WARNING - Server sent a very old message with ID 7580414011863398401, ignoring (see FAQ for details)
2025-12-05 21:12:38 - WARNING - Security error while unpacking a received message: Too many messages had to be ignored consecutively
2025-12-05 21:12:38 - WARNING - Server sent a very old message with ID 7580414032095919105, ignoring (see FAQ for details)
2025-12-05 21:12:38 - WARNING - Security error while unpacking a received message: Too many messages had to be ignored consecutively
2025-12-05 21:12:38 - WARNING - Server sent a very old message with ID 7580414039021333505, ignoring (see FAQ for details)
2025-12-05 21:12:38 - WARNING - Security error while unpacking a received message: Too many messages had to be ignored consecutively
2025-12-05 21:12:38 - WARNING - Server sent a very old message with ID 7580414039972758529, ignoring (see FAQ for details)
2025-12-05 21:12:38 - WARNING - Security error while unpacking a received message: Too many messages had to be ignored consecutively
2025-12-05 21:12:38 - WARNING - Server sent a very old message with ID 7580414044364615681, ignoring (see FAQ for details)
2025-12-05 21:12:38 - WARNING - Security error while unpacking a received message: Too many messages had to be ignored consecutively
2025-12-05 21:12:38 - WARNING - Server sent a very old message with ID 7580414070678998017, ignoring (see FAQ for details)
2025-12-05 21:12:38 - WARNING - Security error while unpacking a received message: Too many messages had to be ignored consecutively
2025-12-05 21:12:38 - WARNING - Server sent a very old message with ID 7580414092006552577, ignoring (see FAQ for details)
2025-12-05 21:12:38 - WARNING - Security error while unpacking a received message: Too many messages had to be ignored consecutively
2025-12-05 21:12:38 - WARNING - Server sent a very old message with ID 7580414102276304897, ignoring (see FAQ for details)
2025-12-05 21:12:38 - WARNING - Security error while unpacking a received message: Too many messages had to be ignored consecutively
2025-12-05 21:12:38 - WARNING - Server sent a very old message with ID 7580414163115113473, ignoring (see FAQ for details)
2025-12-05 21:12:38 - WARNING - Security error while unpacking a received message: Too many messages had to be ignored consecutively
2025-12-05 21:12:38 - WARNING - Server sent a very old message with ID 7580414199148983297, ignoring (see FAQ for details)
2025-12-05 21:12:38 - WARNING - Security error while unpacking a received message: Too many messages had to be ignored consecutively
2025-12-05 21:12:38 - WARNING - Server sent a very old message with ID 7580414233016776705, ignoring (see FAQ for details)
2025-12-05 21:12:38 - WARNING - Security error while unpacking a received message: Too many messages had to be ignored consecutively
2025-12-05 21:12:38 - WARNING - Server sent a very old message with ID 7580414246419111937, ignoring (see FAQ for details)
2025-12-05 21:12:38 - WARNING - Security error while unpacking a received message: Too many messages had to be ignored consecutively
2025-12-05 21:12:38 - WARNING - Server sent a very old message with ID 7580414247405181953, ignoring (see FAQ for details)
2025-12-05 21:12:38 - WARNING - Security error while unpacking a received message: Too many messages had to be ignored consecutively
2025-12-05 21:12:38 - WARNING - Server sent a very old message with ID 7580414254163599361, ignoring (see FAQ for details)
2025-12-05 21:12:38 - WARNING - Security error while unpacking a received message: Too many messages had to be ignored consecutively
2025-12-05 21:12:38 - WARNING - Server sent a very old message with ID 7580414373693857793, ignoring (see FAQ for details)
2025-12-05 21:12:38 - WARNING - Security error while unpacking a received message: Too many messages had to be ignored consecutively
2025-12-05 21:12:38 - WARNING - Server sent a very old message with ID 7580414373693785097, ignoring (see FAQ for details)
2025-12-05 21:12:38 - WARNING - Security error while unpacking a received message: Too many messages had to be ignored consecutively
2025-12-05 21:12:38 - WARNING - Server sent a very old message with ID 7580414377282832385, ignoring (see FAQ for details)
2025-12-05 21:12:38 - WARNING - Security error while unpacking a received message: Too many messages had to be ignored consecutively
2025-12-05 21:12:38 - WARNING - Server sent a very old message with ID 7580414415619793921, ignoring (see FAQ for details)
2025-12-05 21:12:38 - WARNING - Security error while unpacking a received message: Too many messages had to be ignored consecutively
2025-12-05 21:12:38 - WARNING - Server sent a very old message with ID 7580414415619793925, ignoring (see FAQ for details)
2025-12-05 21:12:38 - WARNING - Security error while unpacking a received message: Too many messages had to be ignored consecutively
2025-12-05 21:12:38 - WARNING - Server sent a very old message with ID 7580414418409940993, ignoring (see FAQ for details)
2025-12-05 21:12:38 - WARNING - Security error while unpacking a received message: Too many messages had to be ignored consecutively
2025-12-05 21:12:38 - WARNING - Server sent a very old message with ID 7580414419474676737, ignoring (see FAQ for details)
2025-12-05 21:12:38 - WARNING - Security error while unpacking a received message: Too many messages had to be ignored consecutively
2025-12-05 21:12:38 - WARNING - Server sent a very old message with ID 7580414430476219393, ignoring (see FAQ for details)
2025-12-05 21:12:38 - WARNING - Security error while unpacking a received message: Too many messages had to be ignored consecutively
2025-12-05 21:12:38 - WARNING - Server sent a very old message with ID 7580414448155224065, ignoring (see FAQ for details)
2025-12-05 21:12:38 - WARNING - Security error while unpacking a received message: Too many messages had to be ignored consecutively
2025-12-05 21:12:38 - WARNING - Server sent a very old message with ID 7580414474540600321, ignoring (see FAQ for details)
2025-12-05 21:12:38 - WARNING - Security error while unpacking a received message: Too many messages had to be ignored consecutively
2025-12-05 21:12:38 - WARNING - Server sent a very old message with ID 7580414490980992001, ignoring (see FAQ for details)
2025-12-05 21:12:38 - WARNING - Security error while unpacking a received message: Too many messages had to be ignored consecutively
2025-12-05 21:12:38 - WARNING - Server sent a very old message with ID 7580414576286868481, ignoring (see FAQ for details)
2025-12-05 21:12:38 - WARNING - Security error while unpacking a received message: Too many messages had to be ignored consecutively
2025-12-05 21:12:38 - WARNING - Server sent a very old message with ID 7580414576286868485, ignoring (see FAQ for details)
2025-12-05 21:12:38 - WARNING - Security error while unpacking a received message: Too many messages had to be ignored consecutively
2025-12-05 21:12:38 - WARNING - Server sent a very old message with ID 7580414576286868489, ignoring (see FAQ for details)
2025-12-05 21:12:38 - WARNING - Security error while unpacking a received message: Too many messages had to be ignored consecutively
2025-12-05 21:12:38 - WARNING - Server sent a very old message with ID 7580414589711370241, ignoring (see FAQ for details)
2025-12-05 21:12:38 - WARNING - Security error while unpacking a received message: Too many messages had to be ignored consecutively
2025-12-05 21:12:41 - INFO - login start
2025-12-05 21:12:53 - INFO - Контент функции get_payment: В данный момент запись невозможна.
2025-12-05 21:12:54 - INFO - Содержание функции login: None
2025-12-05 21:22:54 - WARNING - Server closed the connection: [Errno 60] Operation timed out
2025-12-05 21:22:54 - INFO - Connection closed while receiving data: [Errno 60] Operation timed out
2025-12-05 21:22:54 - INFO - Closing current connection to begin reconnect...
2025-12-05 21:22:54 - INFO - Connecting to 149.154.167.51:443/TcpFull...
2025-12-05 21:22:54 - INFO - <class 'TimeoutError'> during disconnect: [Errno 60] Operation timed out
2025-12-05 21:22:54 - INFO - Connection to 149.154.167.51:443/TcpFull complete!
2025-12-05 21:22:54 - WARNING - Server resent the older message 7580472008898899969, ignoring
2025-12-05 21:22:54 - INFO - Got difference for account updates
2025-12-05 21:22:54 - INFO - Got difference for account updates
2025-12-05 21:22:56 - INFO - login start
2025-12-05 21:23:06 - INFO - Контент функции get_payment: В данный момент запись невозможна.
2025-12-05 21:23:06 - INFO - Содержание функции login: None
2025-12-05 21:33:06 - WARNING - Server sent a very old message with ID 7580472062671980545, ignoring (see FAQ for details)
2025-12-05 21:33:06 - WARNING - Server sent a very old message with ID 7580472094224004097, ignoring (see FAQ for details)
2025-12-05 21:33:06 - WARNING - Server sent a very old message with ID 7580472107848615937, ignoring (see FAQ for details)
2025-12-05 21:33:06 - WARNING - Server sent a very old message with ID 7580472140381948929, ignoring (see FAQ for details)
2025-12-05 21:33:06 - WARNING - Server sent a very old message with ID 7580472210583193601, ignoring (see FAQ for details)
2025-12-05 21:33:06 - WARNING - Server sent a very old message with ID 7580472220010805249, ignoring (see FAQ for details)
2025-12-05 21:33:06 - WARNING - Server sent a very old message with ID 7580472222359127041, ignoring (see FAQ for details)
2025-12-05 21:33:06 - WARNING - Server sent a very old message with ID 7580472398633061377, ignoring (see FAQ for details)
2025-12-05 21:33:06 - WARNING - Server sent a very old message with ID 7580472407699976193, ignoring (see FAQ for details)
2025-12-05 21:33:06 - WARNING - Server sent a very old message with ID 7580472423639397377, ignoring (see FAQ for details)
2025-12-05 21:33:06 - WARNING - Security error while unpacking a received message: Too many messages had to be ignored consecutively
2025-12-05 21:33:06 - WARNING - Server sent a very old message with ID 7580472434495897601, ignoring (see FAQ for details)
2025-12-05 21:33:06 - WARNING - Security error while unpacking a received message: Too many messages had to be ignored consecutively
2025-12-05 21:33:06 - WARNING - Server sent a very old message with ID 7580472520794638337, ignoring (see FAQ for details)
2025-12-05 21:33:06 - WARNING - Security error while unpacking a received message: Too many messages had to be ignored consecutively
2025-12-05 21:33:06 - WARNING - Server sent a very old message with ID 7580472522527405057, ignoring (see FAQ for details)
2025-12-05 21:33:06 - WARNING - Security error while unpacking a received message: Too many messages had to be ignored consecutively
2025-12-05 21:33:06 - WARNING - Server sent a very old message with ID 7580472710584353793, ignoring (see FAQ for details)
2025-12-05 21:33:06 - WARNING - Security error while unpacking a received message: Too many messages had to be ignored consecutively
2025-12-05 21:33:06 - WARNING - Server sent a very old message with ID 7580473100565222401, ignoring (see FAQ for details)
2025-12-05 21:33:06 - WARNING - Security error while unpacking a received message: Too many messages had to be ignored consecutively
2025-12-05 21:33:06 - WARNING - Server sent a very old message with ID 7580473101826577409, ignoring (see FAQ for details)
2025-12-05 21:33:06 - WARNING - Security error while unpacking a received message: Too many messages had to be ignored consecutively
2025-12-05 21:33:06 - WARNING - Server sent a very old message with ID 7580473195212814337, ignoring (see FAQ for details)
2025-12-05 21:33:06 - WARNING - Security error while unpacking a received message: Too many messages had to be ignored consecutively
2025-12-05 21:33:06 - WARNING - Server sent a very old message with ID 7580473199556551681, ignoring (see FAQ for details)
2025-12-05 21:33:06 - WARNING - Security error while unpacking a received message: Too many messages had to be ignored consecutively
2025-12-05 21:33:06 - WARNING - Server sent a very old message with ID 7580473321985670145, ignoring (see FAQ for details)
2025-12-05 21:33:06 - WARNING - Security error while unpacking a received message: Too many messages had to be ignored consecutively
2025-12-05 21:33:06 - WARNING - Server sent a very old message with ID 7580473352778693633, ignoring (see FAQ for details)
2025-12-05 21:33:06 - WARNING - Security error while unpacking a received message: Too many messages had to be ignored consecutively
2025-12-05 21:33:09 - INFO - login start
2025-12-05 21:33:24 - INFO - Контент функции get_payment: В данный момент запись невозможна.
2025-12-05 21:33:24 - INFO - Содержание функции login: None
2025-12-05 21:43:24 - WARNING - Server sent a very old message with ID 7580474882606951425, ignoring (see FAQ for details)
2025-12-05 21:43:24 - WARNING - Server sent a very old message with ID 7580474919340310529, ignoring (see FAQ for details)
2025-12-05 21:43:24 - WARNING - Server sent a very old message with ID 7580475013798602753, ignoring (see FAQ for details)
2025-12-05 21:43:24 - WARNING - Server sent a very old message with ID 7580475017317029889, ignoring (see FAQ for details)
2025-12-05 21:43:24 - WARNING - Server sent a very old message with ID 7580475054741786633, ignoring (see FAQ for details)
2025-12-05 21:43:24 - WARNING - Server sent a very old message with ID 7580475054741859329, ignoring (see FAQ for details)
2025-12-05 21:43:24 - WARNING - Server sent a very old message with ID 7580475514095816705, ignoring (see FAQ for details)
2025-12-05 21:43:24 - WARNING - Server sent a very old message with ID 7580475566198437889, ignoring (see FAQ for details)
2025-12-05 21:43:24 - WARNING - Server sent a very old message with ID 7580475576841322497, ignoring (see FAQ for details)
2025-12-05 21:43:24 - WARNING - Server sent a very old message with ID 7580475628029858817, ignoring (see FAQ for details)
2025-12-05 21:43:24 - WARNING - Security error while unpacking a received message: Too many messages had to be ignored consecutively
2025-12-05 21:43:24 - WARNING - Server sent a very old message with ID 7580475653595719681, ignoring (see FAQ for details)
2025-12-05 21:43:24 - WARNING - Security error while unpacking a received message: Too many messages had to be ignored consecutively
2025-12-05 21:43:24 - WARNING - Server sent a very old message with ID 7580475669828408321, ignoring (see FAQ for details)
2025-12-05 21:43:24 - WARNING - Security error while unpacking a received message: Too many messages had to be ignored consecutively
2025-12-05 21:43:24 - WARNING - Server sent a very old message with ID 7580475669874446337, ignoring (see FAQ for details)
2025-12-05 21:43:24 - WARNING - Security error while unpacking a received message: Too many messages had to be ignored consecutively
2025-12-05 21:43:24 - WARNING - Server sent a very old message with ID 7580475688664809473, ignoring (see FAQ for details)
2025-12-05 21:43:24 - WARNING - Security error while unpacking a received message: Too many messages had to be ignored consecutively
2025-12-05 21:43:24 - WARNING - Server sent a very old message with ID 7580475710968074241, ignoring (see FAQ for details)
2025-12-05 21:43:24 - WARNING - Security error while unpacking a received message: Too many messages had to be ignored consecutively
2025-12-05 21:43:24 - WARNING - Server sent a very old message with ID 7580475763368279041, ignoring (see FAQ for details)
2025-12-05 21:43:24 - WARNING - Security error while unpacking a received message: Too many messages had to be ignored consecutively
2025-12-05 21:43:24 - WARNING - Server sent a very old message with ID 7580475763368279045, ignoring (see FAQ for details)
2025-12-05 21:43:24 - WARNING - Security error while unpacking a received message: Too many messages had to be ignored consecutively
2025-12-05 21:43:24 - WARNING - Server sent a very old message with ID 7580475835135779841, ignoring (see FAQ for details)
2025-12-05 21:43:24 - WARNING - Security error while unpacking a received message: Too many messages had to be ignored consecutively
2025-12-05 21:43:24 - WARNING - Server sent a very old message with ID 7580475859528655873, ignoring (see FAQ for details)
2025-12-05 21:43:24 - WARNING - Security error while unpacking a received message: Too many messages had to be ignored consecutively
2025-12-05 21:43:24 - WARNING - Server sent a very old message with ID 7580475934315121665, ignoring (see FAQ for details)
2025-12-05 21:43:24 - WARNING - Security error while unpacking a received message: Too many messages had to be ignored consecutively
2025-12-05 21:43:24 - WARNING - Server sent a very old message with ID 7580475973888422913, ignoring (see FAQ for details)
2025-12-05 21:43:24 - WARNING - Security error while unpacking a received message: Too many messages had to be ignored consecutively
2025-12-05 21:43:24 - INFO - Got difference for channel 1351029634 updates
2025-12-05 21:43:24 - INFO - Got difference for channel 1775975314 updates
2025-12-05 21:43:24 - INFO - Got difference for channel 2057918535 updates
2025-12-05 21:43:26 - INFO - login start
2025-12-05 21:43:39 - INFO - Контент функции get_payment: В данный момент запись невозможна.
2025-12-05 21:43:39 - INFO - Содержание функции login: None
2025-12-05 21:53:39 - WARNING - Server sent a very old message with ID 7580477395273993217, ignoring (see FAQ for details)
2025-12-05 21:53:39 - WARNING - Server sent a very old message with ID 7580477482965116929, ignoring (see FAQ for details)
2025-12-05 21:53:39 - WARNING - Server sent a very old message with ID 7580477518971565057, ignoring (see FAQ for details)
2025-12-05 21:53:39 - WARNING - Server sent a very old message with ID 7580477704172614657, ignoring (see FAQ for details)
2025-12-05 21:53:39 - WARNING - Server sent a very old message with ID 7580477704982164481, ignoring (see FAQ for details)
2025-12-05 21:53:39 - WARNING - Server sent a very old message with ID 7580477785674872833, ignoring (see FAQ for details)
2025-12-05 21:53:39 - WARNING - Server sent a very old message with ID 7580477785674872837, ignoring (see FAQ for details)
2025-12-05 21:53:39 - WARNING - Server sent a very old message with ID 7580477829655401473, ignoring (see FAQ for details)
2025-12-05 21:53:39 - WARNING - Server sent a very old message with ID 7580477902430188545, ignoring (see FAQ for details)
2025-12-05 21:53:39 - WARNING - Server sent a very old message with ID 7580477952329185281, ignoring (see FAQ for details)
2025-12-05 21:53:39 - WARNING - Security error while unpacking a received message: Too many messages had to be ignored consecutively
2025-12-05 21:53:39 - WARNING - Server sent a very old message with ID 7580477952822758401, ignoring (see FAQ for details)
2025-12-05 21:53:39 - WARNING - Security error while unpacking a received message: Too many messages had to be ignored consecutively
2025-12-05 21:53:39 - WARNING - Server sent a very old message with ID 7580478260521588737, ignoring (see FAQ for details)
2025-12-05 21:53:39 - WARNING - Security error while unpacking a received message: Too many messages had to be ignored consecutively
2025-12-05 21:53:39 - WARNING - Server sent a very old message with ID 7580478288579611649, ignoring (see FAQ for details)
2025-12-05 21:53:39 - WARNING - Security error while unpacking a received message: Too many messages had to be ignored consecutively
2025-12-05 21:53:43 - INFO - login start
2025-12-05 21:54:00 - INFO - Контент функции get_payment: В данный момент запись невозможна.
2025-12-05 21:54:00 - INFO - Содержание функции login: None
2025-12-05 22:04:00 - WARNING - Server sent a very old message with ID 7580480117550779393, ignoring (see FAQ for details)
2025-12-05 22:04:00 - WARNING - Server sent a very old message with ID 7580480152851567617, ignoring (see FAQ for details)
2025-12-05 22:04:00 - WARNING - Server sent a very old message with ID 7580480175285679105, ignoring (see FAQ for details)
2025-12-05 22:04:00 - WARNING - Server sent a very old message with ID 7580480190929611777, ignoring (see FAQ for details)
2025-12-05 22:04:00 - WARNING - Server sent a very old message with ID 7580480265729849345, ignoring (see FAQ for details)
2025-12-05 22:04:00 - WARNING - Server sent a very old message with ID 7580480341484333057, ignoring (see FAQ for details)
2025-12-05 22:04:00 - WARNING - Server sent a very old message with ID 7580480361342808065, ignoring (see FAQ for details)
2025-12-05 22:04:00 - WARNING - Server sent a very old message with ID 7580480633368203277, ignoring (see FAQ for details)
2025-12-05 22:04:00 - WARNING - Server sent a very old message with ID 7580480633368310785, ignoring (see FAQ for details)
2025-12-05 22:04:00 - WARNING - Server sent a very old message with ID 7580481182355907585, ignoring (see FAQ for details)
2025-12-05 22:04:00 - WARNING - Security error while unpacking a received message: Too many messages had to be ignored consecutively
2025-12-05 22:04:00 - WARNING - Server sent a very old message with ID 7580481182355797001, ignoring (see FAQ for details)
2025-12-05 22:04:00 - WARNING - Security error while unpacking a received message: Too many messages had to be ignored consecutively
2025-12-05 22:04:00 - WARNING - Server sent a very old message with ID 7580481299533485057, ignoring (see FAQ for details)
2025-12-05 22:04:00 - WARNING - Security error while unpacking a received message: Too many messages had to be ignored consecutively
2025-12-05 22:04:00 - WARNING - Server sent a very old message with ID 7580481306466366465, ignoring (see FAQ for details)
2025-12-05 22:04:00 - WARNING - Security error while unpacking a received message: Too many messages had to be ignored consecutively
2025-12-05 22:04:00 - INFO - Got difference for account updates
2025-12-05 22:04:01 - INFO - Got difference for channel 1588101140 updates
2025-12-05 22:04:01 - INFO - Got difference for channel 1047260531 updates
2025-12-05 22:04:03 - INFO - login start
2025-12-05 22:04:18 - INFO - Контент функции get_payment: В данный момент запись невозможна.
2025-12-05 22:04:18 - INFO - Содержание функции login: None
2025-12-05 22:14:18 - WARNING - Server sent a very old message with ID 7580483722206096385, ignoring (see FAQ for details)
2025-12-05 22:14:18 - WARNING - Server sent a very old message with ID 7580483722206004225, ignoring (see FAQ for details)
2025-12-05 22:14:18 - WARNING - Server sent a very old message with ID 7580483722206004229, ignoring (see FAQ for details)
2025-12-05 22:14:18 - WARNING - Server sent a very old message with ID 7580483790976705537, ignoring (see FAQ for details)
2025-12-05 22:14:18 - WARNING - Server sent a very old message with ID 7580483802505358337, ignoring (see FAQ for details)
2025-12-05 22:14:21 - INFO - login start
2025-12-05 22:14:32 - INFO - Контент функции get_payment: В данный момент запись невозможна.
2025-12-05 22:14:32 - INFO - Содержание функции login: None
2025-12-05 22:24:32 - WARNING - Server sent a very old message with ID 7580485583685097473, ignoring (see FAQ for details)
2025-12-05 22:24:32 - WARNING - Server sent a very old message with ID 7580485583685097477, ignoring (see FAQ for details)
2025-12-05 22:24:32 - WARNING - Server sent a very old message with ID 7580485594111468545, ignoring (see FAQ for details)
2025-12-05 22:24:32 - WARNING - Server sent a very old message with ID 7580485603172593665, ignoring (see FAQ for details)
2025-12-05 22:24:32 - INFO - Got difference for channel 1047260531 updates
2025-12-05 22:24:32 - INFO - Got difference for channel 1588101140 updates
2025-12-05 22:24:32 - INFO - Got difference for channel 1910872988 updates
2025-12-05 22:24:36 - INFO - login start
2025-12-05 22:25:00 - INFO - Контент функции get_payment: В данный момент запись невозможна.
2025-12-05 22:25:00 - INFO - Содержание функции login: None
2025-12-05 22:35:00 - WARNING - Server sent a very old message with ID 7580488362579984385, ignoring (see FAQ for details)
2025-12-05 22:35:00 - WARNING - Server sent a very old message with ID 7580488363893125121, ignoring (see FAQ for details)
2025-12-05 22:35:00 - WARNING - Server sent a very old message with ID 7580488394190724097, ignoring (see FAQ for details)
2025-12-05 22:35:00 - WARNING - Server sent a very old message with ID 7580488415794359297, ignoring (see FAQ for details)
2025-12-05 22:35:00 - WARNING - Server sent a very old message with ID 7580488509139064833, ignoring (see FAQ for details)
2025-12-05 22:35:00 - WARNING - Server sent a very old message with ID 7580488509139064837, ignoring (see FAQ for details)
2025-12-05 22:35:00 - WARNING - Server sent a very old message with ID 7580488511780930561, ignoring (see FAQ for details)
2025-12-05 22:35:00 - WARNING - Server sent a very old message with ID 7580488627005337601, ignoring (see FAQ for details)
2025-12-05 22:35:00 - WARNING - Server sent a very old message with ID 7580488627005337605, ignoring (see FAQ for details)
2025-12-05 22:35:00 - WARNING - Server sent a very old message with ID 7580488675061261313, ignoring (see FAQ for details)
2025-12-05 22:35:00 - WARNING - Security error while unpacking a received message: Too many messages had to be ignored consecutively
2025-12-05 22:35:00 - WARNING - Server sent a very old message with ID 7580488696152018945, ignoring (see FAQ for details)
2025-12-05 22:35:00 - WARNING - Security error while unpacking a received message: Too many messages had to be ignored consecutively
2025-12-05 22:35:00 - WARNING - Server sent a very old message with ID 7580488703791215617, ignoring (see FAQ for details)
2025-12-05 22:35:00 - WARNING - Security error while unpacking a received message: Too many messages had to be ignored consecutively
2025-12-05 22:35:00 - WARNING - Server sent a very old message with ID 7580488703889288193, ignoring (see FAQ for details)
2025-12-05 22:35:00 - WARNING - Security error while unpacking a received message: Too many messages had to be ignored consecutively
2025-12-05 22:35:00 - WARNING - Server sent a very old message with ID 7580488734236051457, ignoring (see FAQ for details)
2025-12-05 22:35:00 - WARNING - Security error while unpacking a received message: Too many messages had to be ignored consecutively
2025-12-05 22:35:00 - WARNING - Server sent a very old message with ID 7580488754082109441, ignoring (see FAQ for details)
2025-12-05 22:35:00 - WARNING - Security error while unpacking a received message: Too many messages had to be ignored consecutively
2025-12-05 22:35:00 - WARNING - Server sent a very old message with ID 7580488848372764673, ignoring (see FAQ for details)
2025-12-05 22:35:00 - WARNING - Security error while unpacking a received message: Too many messages had to be ignored consecutively
2025-12-05 22:35:00 - WARNING - Server sent a very old message with ID 7580488863157038081, ignoring (see FAQ for details)
2025-12-05 22:35:00 - WARNING - Security error while unpacking a received message: Too many messages had to be ignored consecutively
2025-12-05 22:35:00 - WARNING - Server sent a very old message with ID 7580488863352125441, ignoring (see FAQ for details)
2025-12-05 22:35:00 - WARNING - Security error while unpacking a received message: Too many messages had to be ignored consecutively
2025-12-05 22:35:00 - WARNING - Server sent a very old message with ID 7580489082970997761, ignoring (see FAQ for details)
2025-12-05 22:35:00 - WARNING - Security error while unpacking a received message: Too many messages had to be ignored consecutively
2025-12-05 22:35:03 - INFO - login start
2025-12-05 22:35:19 - INFO - Контент функции get_payment: В данный момент запись невозможна.
2025-12-05 22:35:19 - INFO - Содержание функции login: None
2025-12-05 22:45:19 - WARNING - Server sent a very old message with ID 7580490691300956161, ignoring (see FAQ for details)
2025-12-05 22:45:19 - WARNING - Server sent a very old message with ID 7580490698441901057, ignoring (see FAQ for details)
2025-12-05 22:45:19 - WARNING - Server sent a very old message with ID 7580490728175138817, ignoring (see FAQ for details)
2025-12-05 22:45:19 - WARNING - Server sent a very old message with ID 7580490734562878465, ignoring (see FAQ for details)
2025-12-05 22:45:19 - WARNING - Server sent a very old message with ID 7580490864941154305, ignoring (see FAQ for details)
2025-12-05 22:45:19 - WARNING - Server sent a very old message with ID 7580490943051732993, ignoring (see FAQ for details)
2025-12-05 22:45:19 - WARNING - Server sent a very old message with ID 7580490944343342081, ignoring (see FAQ for details)
2025-12-05 22:45:19 - WARNING - Server sent a very old message with ID 7580490945124507649, ignoring (see FAQ for details)
2025-12-05 22:45:19 - WARNING - Server sent a very old message with ID 7580490951131835393, ignoring (see FAQ for details)
2025-12-05 22:45:19 - WARNING - Server sent a very old message with ID 7580490994863093761, ignoring (see FAQ for details)
2025-12-05 22:45:19 - WARNING - Security error while unpacking a received message: Too many messages had to be ignored consecutively
2025-12-05 22:45:19 - WARNING - Server sent a very old message with ID 7580491123544184833, ignoring (see FAQ for details)
2025-12-05 22:45:19 - WARNING - Security error while unpacking a received message: Too many messages had to be ignored consecutively
2025-12-05 22:45:19 - WARNING - Server sent a very old message with ID 7580491271332636673, ignoring (see FAQ for details)
2025-12-05 22:45:19 - WARNING - Security error while unpacking a received message: Too many messages had to be ignored consecutively
2025-12-05 22:45:19 - WARNING - Server sent a very old message with ID 7580491343240165377, ignoring (see FAQ for details)
2025-12-05 22:45:19 - WARNING - Security error while unpacking a received message: Too many messages had to be ignored consecutively
2025-12-05 22:45:19 - WARNING - Server sent a very old message with ID 7580491356348594177, ignoring (see FAQ for details)
2025-12-05 22:45:19 - WARNING - Security error while unpacking a received message: Too many messages had to be ignored consecutively
2025-12-05 22:45:19 - WARNING - Server sent a very old message with ID 7580491432594192385, ignoring (see FAQ for details)
2025-12-05 22:45:19 - WARNING - Security error while unpacking a received message: Too many messages had to be ignored consecutively
2025-12-05 22:45:19 - WARNING - Server sent a very old message with ID 7580491731013534721, ignoring (see FAQ for details)
2025-12-05 22:45:19 - WARNING - Security error while unpacking a received message: Too many messages had to be ignored consecutively
2025-12-05 22:45:19 - WARNING - Server sent a very old message with ID 7580491790366609409, ignoring (see FAQ for details)
2025-12-05 22:45:19 - WARNING - Security error while unpacking a received message: Too many messages had to be ignored consecutively
2025-12-05 22:45:19 - WARNING - Server sent a very old message with ID 7580491796153084929, ignoring (see FAQ for details)
2025-12-05 22:45:19 - WARNING - Security error while unpacking a received message: Too many messages had to be ignored consecutively
2025-12-05 22:45:19 - WARNING - Server sent a very old message with ID 7580491852982548481, ignoring (see FAQ for details)
2025-12-05 22:45:19 - WARNING - Security error while unpacking a received message: Too many messages had to be ignored consecutively
2025-12-05 22:45:19 - INFO - Got difference for account updates
2025-12-05 22:45:20 - INFO - Got difference for channel 1910872988 updates
2025-12-05 22:45:20 - INFO - Got difference for channel 1047260531 updates
2025-12-05 22:45:23 - INFO - login start
2025-12-05 22:45:38 - INFO - Контент функции get_payment: В данный момент запись невозможна.
2025-12-05 22:45:38 - INFO - Содержание функции login: None
2025-12-05 22:55:38 - WARNING - Server sent a very old message with ID 7580493610896705537, ignoring (see FAQ for details)
2025-12-05 22:55:38 - WARNING - Server sent a very old message with ID 7580493623036892161, ignoring (see FAQ for details)
2025-12-05 22:55:38 - WARNING - Server sent a very old message with ID 7580493640830471169, ignoring (see FAQ for details)
2025-12-05 22:55:38 - WARNING - Server sent a very old message with ID 7580493677054270465, ignoring (see FAQ for details)
2025-12-05 22:55:38 - WARNING - Server sent a very old message with ID 7580493858214312961, ignoring (see FAQ for details)
2025-12-05 22:55:38 - WARNING - Server sent a very old message with ID 7580493858214312969, ignoring (see FAQ for details)
2025-12-05 22:55:38 - WARNING - Server sent a very old message with ID 7580493858214312965, ignoring (see FAQ for details)
2025-12-05 22:55:38 - WARNING - Server sent a very old message with ID 7580493956686265345, ignoring (see FAQ for details)
2025-12-05 22:55:38 - WARNING - Server sent a very old message with ID 7580493989142720513, ignoring (see FAQ for details)
2025-12-05 22:55:38 - WARNING - Server sent a very old message with ID 7580494517555804161, ignoring (see FAQ for details)
2025-12-05 22:55:38 - WARNING - Security error while unpacking a received message: Too many messages had to be ignored consecutively
2025-12-05 22:55:38 - WARNING - Server sent a very old message with ID 7580494526751762433, ignoring (see FAQ for details)
2025-12-05 22:55:38 - WARNING - Security error while unpacking a received message: Too many messages had to be ignored consecutively
2025-12-05 22:55:38 - WARNING - Server sent a very old message with ID 7580494589661446145, ignoring (see FAQ for details)
2025-12-05 22:55:38 - WARNING - Security error while unpacking a received message: Too many messages had to be ignored consecutively
2025-12-05 22:55:41 - INFO - login start
2025-12-05 22:55:59 - INFO - Контент функции get_payment: В данный момент запись невозможна.
2025-12-05 22:55:59 - INFO - Содержание функции login: None
2025-12-05 23:05:59 - WARNING - Server sent a very old message with ID 7580496527833165825, ignoring (see FAQ for details)
2025-12-05 23:05:59 - WARNING - Server sent a very old message with ID 7580496527833072649, ignoring (see FAQ for details)
2025-12-05 23:05:59 - WARNING - Server sent a very old message with ID 7580496925500025857, ignoring (see FAQ for details)
2025-12-05 23:05:59 - WARNING - Server sent a very old message with ID 7580496925499924493, ignoring (see FAQ for details)
2025-12-05 23:05:59 - WARNING - Server sent a very old message with ID 7580496935089559553, ignoring (see FAQ for details)
2025-12-05 23:05:59 - WARNING - Server sent a very old message with ID 7580496946477714433, ignoring (see FAQ for details)
2025-12-05 23:06:00 - INFO - Got difference for channel 1910872988 updates
2025-12-05 23:06:00 - INFO - Got difference for channel 1047260531 updates
2025-12-05 23:06:00 - INFO - Got difference for channel 1682735731 updates
2025-12-05 23:06:03 - INFO - login start
2025-12-05 23:06:18 - INFO - Контент функции get_payment: В данный момент запись невозможна.
2025-12-05 23:06:18 - INFO - Содержание функции login: None
2025-12-05 23:16:18 - WARNING - Server sent a very old message with ID 7580498675124762625, ignoring (see FAQ for details)
2025-12-05 23:16:18 - WARNING - Server sent a very old message with ID 7580498688420853761, ignoring (see FAQ for details)
2025-12-05 23:16:18 - WARNING - Server sent a very old message with ID 7580498849818650625, ignoring (see FAQ for details)
2025-12-05 23:16:18 - WARNING - Server sent a very old message with ID 7580499114287410185, ignoring (see FAQ for details)
2025-12-05 23:16:18 - WARNING - Server sent a very old message with ID 7580499114287510529, ignoring (see FAQ for details)
2025-12-05 23:16:18 - WARNING - Server sent a very old message with ID 7580499114287410189, ignoring (see FAQ for details)
2025-12-05 23:16:18 - WARNING - Server sent a very old message with ID 7580499129602388993, ignoring (see FAQ for details)
2025-12-05 23:16:18 - WARNING - Server sent a very old message with ID 7580499226259325953, ignoring (see FAQ for details)
2025-12-05 23:16:18 - WARNING - Server sent a very old message with ID 7580499343524221953, ignoring (see FAQ for details)
2025-12-05 23:16:18 - WARNING - Server sent a very old message with ID 7580499426048615425, ignoring (see FAQ for details)
2025-12-05 23:16:18 - WARNING - Security error while unpacking a received message: Too many messages had to be ignored consecutively
2025-12-05 23:16:18 - WARNING - Server sent a very old message with ID 7580499531392673793, ignoring (see FAQ for details)
2025-12-05 23:16:18 - WARNING - Security error while unpacking a received message: Too many messages had to be ignored consecutively
2025-12-05 23:16:18 - WARNING - Server sent a very old message with ID 7580499534278734849, ignoring (see FAQ for details)
2025-12-05 23:16:18 - WARNING - Security error while unpacking a received message: Too many messages had to be ignored consecutively
2025-12-05 23:16:18 - WARNING - Server sent a very old message with ID 7580499549292631041, ignoring (see FAQ for details)
2025-12-05 23:16:18 - WARNING - Security error while unpacking a received message: Too many messages had to be ignored consecutively
2025-12-05 23:16:18 - WARNING - Server sent a very old message with ID 7580499729908318209, ignoring (see FAQ for details)
2025-12-05 23:16:18 - WARNING - Security error while unpacking a received message: Too many messages had to be ignored consecutively
2025-12-05 23:16:18 - WARNING - Server sent a very old message with ID 7580499817570010113, ignoring (see FAQ for details)
2025-12-05 23:16:18 - WARNING - Security error while unpacking a received message: Too many messages had to be ignored consecutively
2025-12-05 23:16:22 - INFO - login start
2025-12-05 23:16:35 - INFO - Контент функции get_payment: В данный момент запись невозможна.
2025-12-05 23:16:35 - INFO - Содержание функции login: None
2025-12-05 23:26:35 - WARNING - Server sent a very old message with ID 7580502033305342985, ignoring (see FAQ for details)
2025-12-05 23:26:35 - WARNING - Server sent a very old message with ID 7580502033305411585, ignoring (see FAQ for details)
2025-12-05 23:26:35 - WARNING - Server sent a very old message with ID 7580502132450327553, ignoring (see FAQ for details)
2025-12-05 23:26:35 - WARNING - Server sent a very old message with ID 7580502216787386369, ignoring (see FAQ for details)
2025-12-05 23:26:35 - INFO - Got difference for channel 2450293828 updates
2025-12-05 23:26:35 - INFO - Got difference for channel 1588101140 updates
2025-12-05 23:26:35 - INFO - Got difference for channel 1047260531 updates
2025-12-05 23:26:38 - INFO - login start
2025-12-05 23:26:57 - INFO - Контент функции get_payment: В данный момент запись невозможна.
2025-12-05 23:26:57 - INFO - Содержание функции login: None
2025-12-05 23:36:57 - WARNING - Server sent a very old message with ID 7580504063965506569, ignoring (see FAQ for details)
2025-12-05 23:36:57 - WARNING - Server sent a very old message with ID 7580504063965581313, ignoring (see FAQ for details)
2025-12-05 23:36:57 - WARNING - Server sent a very old message with ID 7580504536825712641, ignoring (see FAQ for details)
2025-12-05 23:36:57 - WARNING - Server sent a very old message with ID 7580504666635211777, ignoring (see FAQ for details)
2025-12-05 23:36:57 - WARNING - Server sent a very old message with ID 7580504942872767489, ignoring (see FAQ for details)
2025-12-05 23:36:57 - WARNING - Server sent a very old message with ID 7580504980274251777, ignoring (see FAQ for details)
2025-12-05 23:36:57 - WARNING - Server sent a very old message with ID 7580505020354199553, ignoring (see FAQ for details)
2025-12-05 23:36:57 - WARNING - Server sent a very old message with ID 7580505049603991553, ignoring (see FAQ for details)
2025-12-05 23:36:58 - INFO - Got difference for channel 1588101140 updates
2025-12-05 23:37:00 - INFO - login start
2025-12-05 23:37:15 - INFO - Контент функции get_payment: В данный момент запись невозможна.
2025-12-05 23:37:15 - INFO - Содержание функции login: None
2025-12-05 23:47:15 - WARNING - Server sent a very old message with ID 7580506896347870209, ignoring (see FAQ for details)
2025-12-05 23:47:15 - WARNING - Server sent a very old message with ID 7580507106194891777, ignoring (see FAQ for details)
2025-12-05 23:47:15 - WARNING - Server sent a very old message with ID 7580507127772144641, ignoring (see FAQ for details)
2025-12-05 23:47:15 - WARNING - Server sent a very old message with ID 7580507302175817729, ignoring (see FAQ for details)
2025-12-05 23:47:15 - WARNING - Server sent a very old message with ID 7580507345957006337, ignoring (see FAQ for details)
2025-12-05 23:47:15 - WARNING - Server sent a very old message with ID 7580507346304919553, ignoring (see FAQ for details)
2025-12-05 23:47:15 - WARNING - Server sent a very old message with ID 7580507352073036801, ignoring (see FAQ for details)
2025-12-05 23:47:15 - WARNING - Server sent a very old message with ID 7580507570990996481, ignoring (see FAQ for details)
2025-12-05 23:47:15 - INFO - Got difference for channel 1588101140 updates
2025-12-05 23:47:18 - INFO - login start
2025-12-05 23:47:36 - INFO - Контент функции get_payment: В данный момент запись невозможна.
2025-12-05 23:47:36 - INFO - Содержание функции login: None
2025-12-05 23:57:36 - WARNING - Server sent a very old message with ID 7580509317639597057, ignoring (see FAQ for details)
2025-12-05 23:57:36 - WARNING - Server sent a very old message with ID 7580509366490891265, ignoring (see FAQ for details)
2025-12-05 23:57:36 - WARNING - Server sent a very old message with ID 7580509429019350017, ignoring (see FAQ for details)
2025-12-05 23:57:36 - WARNING - Server sent a very old message with ID 7580509508598761473, ignoring (see FAQ for details)
2025-12-05 23:57:36 - WARNING - Server sent a very old message with ID 7580509627391859713, ignoring (see FAQ for details)
2025-12-05 23:57:36 - WARNING - Server sent a very old message with ID 7580509709577208833, ignoring (see FAQ for details)
2025-12-05 23:57:36 - WARNING - Server sent a very old message with ID 7580509868775004161, ignoring (see FAQ for details)
2025-12-05 23:57:36 - WARNING - Server sent a very old message with ID 7580509928166779905, ignoring (see FAQ for details)
2025-12-05 23:57:36 - WARNING - Server sent a very old message with ID 7580509949001856001, ignoring (see FAQ for details)
2025-12-05 23:57:36 - WARNING - Server sent a very old message with ID 7580510008030779393, ignoring (see FAQ for details)
2025-12-05 23:57:36 - WARNING - Security error while unpacking a received message: Too many messages had to be ignored consecutively
2025-12-05 23:57:36 - WARNING - Server sent a very old message with ID 7580510157069860865, ignoring (see FAQ for details)
2025-12-05 23:57:36 - WARNING - Security error while unpacking a received message: Too many messages had to be ignored consecutively
2025-12-05 23:57:36 - WARNING - Server sent a very old message with ID 7580510409990672385, ignoring (see FAQ for details)
2025-12-05 23:57:36 - WARNING - Security error while unpacking a received message: Too many messages had to be ignored consecutively
2025-12-05 23:57:39 - INFO - login start
2025-12-05 23:57:53 - INFO - Контент функции get_payment: В данный момент запись невозможна.
2025-12-05 23:57:53 - INFO - Содержание функции login: None
2025-12-06 00:07:53 - WARNING - Server sent a very old message with ID 7580512012678750209, ignoring (see FAQ for details)
2025-12-06 00:07:53 - WARNING - Server sent a very old message with ID 7580512051511375873, ignoring (see FAQ for details)
2025-12-06 00:07:53 - WARNING - Server sent a very old message with ID 7580512065903345665, ignoring (see FAQ for details)
2025-12-06 00:07:53 - WARNING - Server sent a very old message with ID 7580512074923241473, ignoring (see FAQ for details)
2025-12-06 00:07:53 - WARNING - Server sent a very old message with ID 7580512338916538369, ignoring (see FAQ for details)
2025-12-06 00:07:53 - WARNING - Server sent a very old message with ID 7580512446099759105, ignoring (see FAQ for details)
2025-12-06 00:07:53 - WARNING - Server sent a very old message with ID 7580512513643284481, ignoring (see FAQ for details)
2025-12-06 00:07:53 - WARNING - Server sent a very old message with ID 7580512711875169281, ignoring (see FAQ for details)
2025-12-06 00:07:53 - WARNING - Server sent a very old message with ID 7580512967848464385, ignoring (see FAQ for details)
2025-12-06 00:07:54 - INFO - Got difference for channel 1047260531 updates
2025-12-06 00:07:54 - INFO - Got difference for channel 1588101140 updates
2025-12-06 00:07:54 - INFO - Got difference for channel 1910872988 updates
2025-12-06 00:07:57 - INFO - login start
2025-12-06 00:08:13 - INFO - Контент функции get_payment: В данный момент запись невозможна.
2025-12-06 00:08:13 - INFO - Содержание функции login: None
2025-12-08 09:46:40 - INFO - parsing start
2025-12-08 09:46:40 - INFO - Connecting to 149.154.167.51:443/TcpFull...
2025-12-08 09:46:40 - INFO - Connection to 149.154.167.51:443/TcpFull complete!
2025-12-08 09:46:45 - INFO - login start
2025-12-08 09:46:59 - INFO - Контент функции get_payment: В данный момент запись невозможна.
2025-12-08 09:46:59 - INFO - Содержание функции login: None
2025-12-08 10:57:49 - WARNING - Server sent a very old message with ID 7581405964604229633, ignoring (see FAQ for details)
2025-12-08 10:57:49 - WARNING - Server sent a very old message with ID 7581405990387306497, ignoring (see FAQ for details)
2025-12-08 10:57:49 - WARNING - Server sent a very old message with ID 7581406004792551425, ignoring (see FAQ for details)
2025-12-08 10:57:49 - INFO - The server closed the connection while sending
2025-12-08 10:57:49 - WARNING - Server sent a very old message with ID 7581406008054338561, ignoring (see FAQ for details)
2025-12-08 10:57:49 - INFO - Connection closed while receiving data: Not connected
2025-12-08 10:57:49 - INFO - Closing current connection to begin reconnect...
2025-12-08 10:57:49 - INFO - <class 'ConnectionResetError'> during disconnect: [Errno 54] Connection reset by peer
2025-12-08 10:57:49 - INFO - Connecting to 149.154.167.51:443/TcpFull...
2025-12-08 10:57:49 - INFO - Connection to 149.154.167.51:443/TcpFull complete!
2025-12-08 10:57:49 - WARNING - Security error while unpacking a received message: Server replied with a wrong session ID (see FAQ for details)
2025-12-08 10:57:49 - WARNING - Server resent the older message 7581424190751903745, ignoring
2025-12-08 10:57:53 - INFO - login start
2025-12-08 10:58:07 - INFO - Контент функции get_payment: В данный момент запись невозможна.
2025-12-08 10:58:08 - INFO - Содержание функции login: None
2025-12-08 11:36:57 - WARNING - Server closed the connection: [Errno 54] Connection reset by peer
2025-12-08 11:36:57 - INFO - Connection closed while receiving data: [Errno 54] Connection reset by peer
2025-12-08 11:36:57 - INFO - Closing current connection to begin reconnect...
2025-12-08 11:36:57 - INFO - Connecting to 149.154.167.51:443/TcpFull...
2025-12-08 11:36:57 - INFO - <class 'ConnectionResetError'> during disconnect: [Errno 54] Connection reset by peer
2025-12-08 11:36:57 - INFO - Connection to 149.154.167.51:443/TcpFull complete!
2025-12-08 11:36:58 - INFO - Got difference for account updates
2025-12-08 11:37:00 - INFO - login start
2025-12-08 11:37:14 - INFO - Контент функции get_payment: В данный момент запись невозможна.
2025-12-08 11:37:14 - INFO - Содержание функции login: None
2025-12-08 11:50:38 - WARNING - Server sent a very old message with ID 7581434348629644289, ignoring (see FAQ for details)
2025-12-08 11:50:38 - WARNING - Server sent a very old message with ID 7581434349912255489, ignoring (see FAQ for details)
2025-12-08 11:50:38 - WARNING - Server sent a very old message with ID 7581434365935551489, ignoring (see FAQ for details)
2025-12-08 11:50:38 - WARNING - Server sent a very old message with ID 7581434375699144705, ignoring (see FAQ for details)
2025-12-08 11:50:38 - WARNING - Server sent a very old message with ID 7581434383317279745, ignoring (see FAQ for details)
2025-12-08 11:50:38 - WARNING - Server sent a very old message with ID 7581434383530000385, ignoring (see FAQ for details)
2025-12-08 11:50:38 - WARNING - Server sent a very old message with ID 7581434385408774145, ignoring (see FAQ for details)
2025-12-08 11:50:38 - WARNING - Server sent a very old message with ID 7581434389014518785, ignoring (see FAQ for details)
2025-12-08 11:50:38 - WARNING - Server sent a very old message with ID 7581434394909833217, ignoring (see FAQ for details)
2025-12-08 11:50:38 - WARNING - Server sent a very old message with ID 7581434402730775553, ignoring (see FAQ for details)
2025-12-08 11:50:38 - WARNING - Security error while unpacking a received message: Too many messages had to be ignored consecutively
2025-12-08 11:50:38 - WARNING - Server sent a very old message with ID 7581434413607954433, ignoring (see FAQ for details)
2025-12-08 11:50:38 - WARNING - Security error while unpacking a received message: Too many messages had to be ignored consecutively
2025-12-08 11:50:38 - WARNING - Server sent a very old message with ID 7581434414318413825, ignoring (see FAQ for details)
2025-12-08 11:50:38 - WARNING - Security error while unpacking a received message: Too many messages had to be ignored consecutively
2025-12-08 11:50:38 - WARNING - Server sent a very old message with ID 7581434434513247233, ignoring (see FAQ for details)
2025-12-08 11:50:38 - WARNING - Security error while unpacking a received message: Too many messages had to be ignored consecutively
2025-12-08 11:50:38 - WARNING - Server sent a very old message with ID 7581434465186985985, ignoring (see FAQ for details)
2025-12-08 11:50:38 - WARNING - Security error while unpacking a received message: Too many messages had to be ignored consecutively
2025-12-08 11:50:38 - WARNING - Server sent a very old message with ID 7581434500256802817, ignoring (see FAQ for details)
2025-12-08 11:50:38 - WARNING - Security error while unpacking a received message: Too many messages had to be ignored consecutively
2025-12-08 11:50:38 - WARNING - Server sent a very old message with ID 7581434512369948673, ignoring (see FAQ for details)
2025-12-08 11:50:38 - WARNING - Security error while unpacking a received message: Too many messages had to be ignored consecutively
2025-12-08 11:50:38 - WARNING - Server sent a very old message with ID 7581434520848077825, ignoring (see FAQ for details)
2025-12-08 11:50:38 - WARNING - Security error while unpacking a received message: Too many messages had to be ignored consecutively
2025-12-08 11:50:38 - WARNING - Server sent a very old message with ID 7581434547376188417, ignoring (see FAQ for details)
2025-12-08 11:50:38 - WARNING - Security error while unpacking a received message: Too many messages had to be ignored consecutively
2025-12-08 11:50:38 - WARNING - Server sent a very old message with ID 7581434552789966849, ignoring (see FAQ for details)
2025-12-08 11:50:38 - WARNING - Security error while unpacking a received message: Too many messages had to be ignored consecutively
2025-12-08 11:50:38 - WARNING - Server sent a very old message with ID 7581434577874724865, ignoring (see FAQ for details)
2025-12-08 11:50:38 - WARNING - Security error while unpacking a received message: Too many messages had to be ignored consecutively
2025-12-08 11:50:38 - WARNING - Server sent a very old message with ID 7581434579450522625, ignoring (see FAQ for details)
2025-12-08 11:50:38 - WARNING - Security error while unpacking a received message: Too many messages had to be ignored consecutively
2025-12-08 11:50:38 - WARNING - Server sent a very old message with ID 7581434582060072961, ignoring (see FAQ for details)
2025-12-08 11:50:38 - WARNING - Security error while unpacking a received message: Too many messages had to be ignored consecutively
2025-12-08 11:50:38 - WARNING - Server sent a very old message with ID 7581434585371691009, ignoring (see FAQ for details)
2025-12-08 11:50:38 - WARNING - Security error while unpacking a received message: Too many messages had to be ignored consecutively
2025-12-08 11:50:38 - WARNING - Server sent a very old message with ID 7581434597110412289, ignoring (see FAQ for details)
2025-12-08 11:50:38 - WARNING - Security error while unpacking a received message: Too many messages had to be ignored consecutively
2025-12-08 11:50:38 - WARNING - Server sent a very old message with ID 7581434619897735169, ignoring (see FAQ for details)
2025-12-08 11:50:38 - WARNING - Security error while unpacking a received message: Too many messages had to be ignored consecutively
2025-12-08 11:50:38 - WARNING - Server sent a very old message with ID 7581434619997231105, ignoring (see FAQ for details)
2025-12-08 11:50:38 - WARNING - Security error while unpacking a received message: Too many messages had to be ignored consecutively
2025-12-08 11:50:38 - WARNING - Server sent a very old message with ID 7581434629007992833, ignoring (see FAQ for details)
2025-12-08 11:50:38 - WARNING - Security error while unpacking a received message: Too many messages had to be ignored consecutively
2025-12-08 11:50:38 - WARNING - Server sent a very old message with ID 7581434638688270337, ignoring (see FAQ for details)
2025-12-08 11:50:38 - WARNING - Security error while unpacking a received message: Too many messages had to be ignored consecutively
2025-12-08 11:50:38 - WARNING - Server sent a very old message with ID 7581434653465750529, ignoring (see FAQ for details)
2025-12-08 11:50:38 - WARNING - Security error while unpacking a received message: Too many messages had to be ignored consecutively
2025-12-08 11:50:38 - WARNING - Server sent a very old message with ID 7581434660713729025, ignoring (see FAQ for details)
2025-12-08 11:50:38 - WARNING - Security error while unpacking a received message: Too many messages had to be ignored consecutively
2025-12-08 11:50:38 - WARNING - Server sent a very old message with ID 7581434706242872321, ignoring (see FAQ for details)
2025-12-08 11:50:38 - WARNING - Security error while unpacking a received message: Too many messages had to be ignored consecutively
2025-12-08 11:50:38 - WARNING - Server sent a very old message with ID 7581434717688282113, ignoring (see FAQ for details)
2025-12-08 11:50:38 - WARNING - Security error while unpacking a received message: Too many messages had to be ignored consecutively
2025-12-08 11:50:38 - WARNING - Server sent a very old message with ID 7581434718435368961, ignoring (see FAQ for details)
2025-12-08 11:50:38 - WARNING - Security error while unpacking a received message: Too many messages had to be ignored consecutively
2025-12-08 11:50:38 - WARNING - Server sent a very old message with ID 7581434728669501441, ignoring (see FAQ for details)
2025-12-08 11:50:38 - WARNING - Security error while unpacking a received message: Too many messages had to be ignored consecutively
2025-12-08 11:50:38 - WARNING - Server sent a very old message with ID 7581434736813757441, ignoring (see FAQ for details)
2025-12-08 11:50:38 - WARNING - Security error while unpacking a received message: Too many messages had to be ignored consecutively
2025-12-08 11:50:38 - WARNING - Server sent a very old message with ID 7581434747642956801, ignoring (see FAQ for details)
2025-12-08 11:50:38 - WARNING - Security error while unpacking a received message: Too many messages had to be ignored consecutively
2025-12-08 11:50:38 - WARNING - Server sent a very old message with ID 7581434812103965697, ignoring (see FAQ for details)
2025-12-08 11:50:38 - WARNING - Security error while unpacking a received message: Too many messages had to be ignored consecutively
2025-12-08 11:50:38 - WARNING - Server sent a very old message with ID 7581434817326153729, ignoring (see FAQ for details)
2025-12-08 11:50:38 - WARNING - Security error while unpacking a received message: Too many messages had to be ignored consecutively
2025-12-08 11:50:38 - WARNING - Server sent a very old message with ID 7581434835036150785, ignoring (see FAQ for details)
2025-12-08 11:50:38 - WARNING - Security error while unpacking a received message: Too many messages had to be ignored consecutively
2025-12-08 11:50:38 - WARNING - Server sent a very old message with ID 7581434838274309121, ignoring (see FAQ for details)
2025-12-08 11:50:38 - WARNING - Security error while unpacking a received message: Too many messages had to be ignored consecutively
2025-12-08 11:50:38 - WARNING - Server sent a very old message with ID 7581434866737030145, ignoring (see FAQ for details)
2025-12-08 11:50:38 - WARNING - Security error while unpacking a received message: Too many messages had to be ignored consecutively
2025-12-08 11:50:38 - WARNING - Server sent a very old message with ID 7581434890016843777, ignoring (see FAQ for details)
2025-12-08 11:50:38 - WARNING - Security error while unpacking a received message: Too many messages had to be ignored consecutively
2025-12-08 11:50:38 - WARNING - Server sent a very old message with ID 7581434913217825793, ignoring (see FAQ for details)
2025-12-08 11:50:38 - WARNING - Security error while unpacking a received message: Too many messages had to be ignored consecutively
2025-12-08 11:50:38 - WARNING - Server sent a very old message with ID 7581434913666264065, ignoring (see FAQ for details)
2025-12-08 11:50:38 - WARNING - Security error while unpacking a received message: Too many messages had to be ignored consecutively
2025-12-08 11:50:38 - WARNING - Server sent a very old message with ID 7581434913965116417, ignoring (see FAQ for details)
2025-12-08 11:50:38 - WARNING - Security error while unpacking a received message: Too many messages had to be ignored consecutively
2025-12-08 11:50:38 - WARNING - Server sent a very old message with ID 7581434919697053697, ignoring (see FAQ for details)
2025-12-08 11:50:38 - WARNING - Security error while unpacking a received message: Too many messages had to be ignored consecutively
2025-12-08 11:50:38 - WARNING - Server sent a very old message with ID 7581434944389103617, ignoring (see FAQ for details)
2025-12-08 11:50:38 - WARNING - Security error while unpacking a received message: Too many messages had to be ignored consecutively
2025-12-08 11:50:38 - WARNING - Server sent a very old message with ID 7581434945172016129, ignoring (see FAQ for details)
2025-12-08 11:50:38 - WARNING - Security error while unpacking a received message: Too many messages had to be ignored consecutively
2025-12-08 11:50:38 - WARNING - Server sent a very old message with ID 7581434997036548097, ignoring (see FAQ for details)
2025-12-08 11:50:38 - WARNING - Security error while unpacking a received message: Too many messages had to be ignored consecutively
2025-12-08 11:50:38 - WARNING - Server sent a very old message with ID 7581435020032803841, ignoring (see FAQ for details)
2025-12-08 11:50:38 - WARNING - Security error while unpacking a received message: Too many messages had to be ignored consecutively
2025-12-08 11:50:38 - WARNING - Server sent a very old message with ID 7581435023581422593, ignoring (see FAQ for details)
2025-12-08 11:50:38 - WARNING - Security error while unpacking a received message: Too many messages had to be ignored consecutively
2025-12-08 11:50:38 - WARNING - Server sent a very old message with ID 7581435023581422597, ignoring (see FAQ for details)
2025-12-08 11:50:38 - WARNING - Security error while unpacking a received message: Too many messages had to be ignored consecutively
2025-12-08 11:50:38 - WARNING - Server sent a very old message with ID 7581435070223578113, ignoring (see FAQ for details)
2025-12-08 11:50:38 - WARNING - Security error while unpacking a received message: Too many messages had to be ignored consecutively
2025-12-08 11:50:38 - WARNING - Server sent a very old message with ID 7581435070223578117, ignoring (see FAQ for details)
2025-12-08 11:50:38 - WARNING - Security error while unpacking a received message: Too many messages had to be ignored consecutively
2025-12-08 11:50:38 - WARNING - Server sent a very old message with ID 7581435096356856833, ignoring (see FAQ for details)
2025-12-08 11:50:38 - WARNING - Security error while unpacking a received message: Too many messages had to be ignored consecutively
2025-12-08 11:50:38 - WARNING - Server sent a very old message with ID 7581435096810087425, ignoring (see FAQ for details)
2025-12-08 11:50:38 - WARNING - Security error while unpacking a received message: Too many messages had to be ignored consecutively
2025-12-08 11:50:38 - WARNING - Server sent a very old message with ID 7581435116580665345, ignoring (see FAQ for details)
2025-12-08 11:50:38 - WARNING - Security error while unpacking a received message: Too many messages had to be ignored consecutively
2025-12-08 11:50:38 - WARNING - Server sent a very old message with ID 7581435116580665349, ignoring (see FAQ for details)
2025-12-08 11:50:38 - WARNING - Security error while unpacking a received message: Too many messages had to be ignored consecutively
2025-12-08 11:50:38 - WARNING - Server sent a very old message with ID 7581435141890008065, ignoring (see FAQ for details)
2025-12-08 11:50:38 - WARNING - Security error while unpacking a received message: Too many messages had to be ignored consecutively
2025-12-08 11:50:38 - WARNING - Server sent a very old message with ID 7581435144494685185, ignoring (see FAQ for details)
2025-12-08 11:50:38 - WARNING - Security error while unpacking a received message: Too many messages had to be ignored consecutively
2025-12-08 11:50:38 - WARNING - Server sent a very old message with ID 7581435146125129729, ignoring (see FAQ for details)
2025-12-08 11:50:38 - WARNING - Security error while unpacking a received message: Too many messages had to be ignored consecutively
2025-12-08 11:50:38 - WARNING - Server sent a very old message with ID 7581435153281785857, ignoring (see FAQ for details)
2025-12-08 11:50:38 - WARNING - Security error while unpacking a received message: Too many messages had to be ignored consecutively
2025-12-08 11:50:38 - WARNING - Server sent a very old message with ID 7581435180364148737, ignoring (see FAQ for details)
2025-12-08 11:50:38 - WARNING - Security error while unpacking a received message: Too many messages had to be ignored consecutively
2025-12-08 11:50:38 - WARNING - Server sent a very old message with ID 7581435183100112897, ignoring (see FAQ for details)
2025-12-08 11:50:38 - WARNING - Security error while unpacking a received message: Too many messages had to be ignored consecutively
2025-12-08 11:50:38 - WARNING - Server sent a very old message with ID 7581435192733616129, ignoring (see FAQ for details)
2025-12-08 11:50:38 - WARNING - Security error while unpacking a received message: Too many messages had to be ignored consecutively
2025-12-08 11:50:38 - WARNING - Server sent a very old message with ID 7581435201496111105, ignoring (see FAQ for details)
2025-12-08 11:50:38 - WARNING - Security error while unpacking a received message: Too many messages had to be ignored consecutively
2025-12-08 11:50:38 - WARNING - Server sent a very old message with ID 7581435202214465537, ignoring (see FAQ for details)
2025-12-08 11:50:38 - WARNING - Security error while unpacking a received message: Too many messages had to be ignored consecutively
2025-12-08 11:50:38 - WARNING - Server sent a very old message with ID 7581435216618041345, ignoring (see FAQ for details)
2025-12-08 11:50:38 - WARNING - Security error while unpacking a received message: Too many messages had to be ignored consecutively
2025-12-08 11:50:38 - WARNING - Server sent a very old message with ID 7581435225894907905, ignoring (see FAQ for details)
2025-12-08 11:50:38 - WARNING - Security error while unpacking a received message: Too many messages had to be ignored consecutively
2025-12-08 11:50:38 - WARNING - Server sent a very old message with ID 7581435243859022849, ignoring (see FAQ for details)
2025-12-08 11:50:38 - WARNING - Security error while unpacking a received message: Too many messages had to be ignored consecutively
2025-12-08 11:50:38 - WARNING - Server sent a very old message with ID 7581435247504439297, ignoring (see FAQ for details)
2025-12-08 11:50:38 - WARNING - Security error while unpacking a received message: Too many messages had to be ignored consecutively
2025-12-08 11:50:38 - WARNING - Server sent a very old message with ID 7581435279887342593, ignoring (see FAQ for details)
2025-12-08 11:50:38 - WARNING - Security error while unpacking a received message: Too many messages had to be ignored consecutively
2025-12-08 11:50:38 - WARNING - Server sent a very old message with ID 7581435282128206849, ignoring (see FAQ for details)
2025-12-08 11:50:38 - WARNING - Security error while unpacking a received message: Too many messages had to be ignored consecutively
2025-12-08 11:50:38 - WARNING - Server sent a very old message with ID 7581435302537497601, ignoring (see FAQ for details)
2025-12-08 11:50:38 - WARNING - Security error while unpacking a received message: Too many messages had to be ignored consecutively
2025-12-08 11:50:38 - WARNING - Server sent a very old message with ID 7581435302623796225, ignoring (see FAQ for details)
2025-12-08 11:50:38 - WARNING - Security error while unpacking a received message: Too many messages had to be ignored consecutively
2025-12-08 11:50:38 - WARNING - Server sent a very old message with ID 7581435316831587329, ignoring (see FAQ for details)
2025-12-08 11:50:38 - WARNING - Security error while unpacking a received message: Too many messages had to be ignored consecutively
2025-12-08 11:50:38 - WARNING - Server sent a very old message with ID 7581435320021263361, ignoring (see FAQ for details)
2025-12-08 11:50:38 - WARNING - Security error while unpacking a received message: Too many messages had to be ignored consecutively
2025-12-08 11:50:38 - WARNING - Server sent a very old message with ID 7581435321616676865, ignoring (see FAQ for details)
2025-12-08 11:50:38 - WARNING - Security error while unpacking a received message: Too many messages had to be ignored consecutively
2025-12-08 11:50:38 - WARNING - Server sent a very old message with ID 7581435324008966145, ignoring (see FAQ for details)
2025-12-08 11:50:38 - WARNING - Security error while unpacking a received message: Too many messages had to be ignored consecutively
2025-12-08 11:50:38 - WARNING - Server sent a very old message with ID 7581435329808010241, ignoring (see FAQ for details)
2025-12-08 11:50:38 - WARNING - Security error while unpacking a received message: Too many messages had to be ignored consecutively
2025-12-08 11:50:38 - WARNING - Server sent a very old message with ID 7581435367910610945, ignoring (see FAQ for details)
2025-12-08 11:50:38 - WARNING - Security error while unpacking a received message: Too many messages had to be ignored consecutively
2025-12-08 11:50:38 - WARNING - Server sent a very old message with ID 7581435370148730881, ignoring (see FAQ for details)
2025-12-08 11:50:38 - WARNING - Security error while unpacking a received message: Too many messages had to be ignored consecutively
2025-12-08 11:50:38 - WARNING - Server sent a very old message with ID 7581435382124182529, ignoring (see FAQ for details)
2025-12-08 11:50:38 - WARNING - Security error while unpacking a received message: Too many messages had to be ignored consecutively
2025-12-08 11:50:38 - WARNING - Server sent a very old message with ID 7581435444152919041, ignoring (see FAQ for details)
2025-12-08 11:50:38 - WARNING - Security error while unpacking a received message: Too many messages had to be ignored consecutively
2025-12-08 11:50:38 - WARNING - Server sent a very old message with ID 7581435450241097729, ignoring (see FAQ for details)
2025-12-08 11:50:38 - WARNING - Security error while unpacking a received message: Too many messages had to be ignored consecutively
2025-12-08 11:50:38 - WARNING - Server sent a very old message with ID 7581435455285541889, ignoring (see FAQ for details)
2025-12-08 11:50:38 - WARNING - Security error while unpacking a received message: Too many messages had to be ignored consecutively
2025-12-08 11:50:38 - WARNING - Server sent a very old message with ID 7581435459690045441, ignoring (see FAQ for details)
2025-12-08 11:50:38 - WARNING - Security error while unpacking a received message: Too many messages had to be ignored consecutively
2025-12-08 11:50:38 - WARNING - Server sent a very old message with ID 7581435476644039681, ignoring (see FAQ for details)
2025-12-08 11:50:38 - WARNING - Security error while unpacking a received message: Too many messages had to be ignored consecutively
2025-12-08 11:50:38 - WARNING - Server sent a very old message with ID 7581435501727275009, ignoring (see FAQ for details)
2025-12-08 11:50:38 - WARNING - Security error while unpacking a received message: Too many messages had to be ignored consecutively
2025-12-08 11:50:38 - WARNING - Server sent a very old message with ID 7581435544415521793, ignoring (see FAQ for details)
2025-12-08 11:50:38 - WARNING - Security error while unpacking a received message: Too many messages had to be ignored consecutively
2025-12-08 11:50:38 - WARNING - Server sent a very old message with ID 7581435552997197825, ignoring (see FAQ for details)
2025-12-08 11:50:38 - WARNING - Security error while unpacking a received message: Too many messages had to be ignored consecutively
2025-12-08 11:50:38 - WARNING - Server sent a very old message with ID 7581435564052275201, ignoring (see FAQ for details)
2025-12-08 11:50:38 - WARNING - Security error while unpacking a received message: Too many messages had to be ignored consecutively
2025-12-08 11:50:38 - WARNING - Server sent a very old message with ID 7581435564856266753, ignoring (see FAQ for details)
2025-12-08 11:50:38 - WARNING - Security error while unpacking a received message: Too many messages had to be ignored consecutively
2025-12-08 11:50:38 - WARNING - Server sent a very old message with ID 7581435567954971649, ignoring (see FAQ for details)
2025-12-08 11:50:38 - WARNING - Security error while unpacking a received message: Too many messages had to be ignored consecutively
2025-12-08 11:50:38 - WARNING - Server sent a very old message with ID 7581435576137263105, ignoring (see FAQ for details)
2025-12-08 11:50:38 - WARNING - Security error while unpacking a received message: Too many messages had to be ignored consecutively
2025-12-08 11:50:38 - WARNING - Server sent a very old message with ID 7581435589812194305, ignoring (see FAQ for details)
2025-12-08 11:50:38 - WARNING - Security error while unpacking a received message: Too many messages had to be ignored consecutively
2025-12-08 11:50:38 - WARNING - Server sent a very old message with ID 7581435595761521665, ignoring (see FAQ for details)
2025-12-08 11:50:38 - WARNING - Security error while unpacking a received message: Too many messages had to be ignored consecutively
2025-12-08 11:50:38 - WARNING - Server sent a very old message with ID 7581435608858432513, ignoring (see FAQ for details)
2025-12-08 11:50:38 - WARNING - Security error while unpacking a received message: Too many messages had to be ignored consecutively
2025-12-08 11:50:38 - WARNING - Server sent a very old message with ID 7581435614372595713, ignoring (see FAQ for details)
2025-12-08 11:50:38 - WARNING - Security error while unpacking a received message: Too many messages had to be ignored consecutively
2025-12-08 11:50:38 - WARNING - Server sent a very old message with ID 7581435617413185537, ignoring (see FAQ for details)
2025-12-08 11:50:38 - WARNING - Security error while unpacking a received message: Too many messages had to be ignored consecutively
2025-12-08 11:50:38 - WARNING - Server sent a very old message with ID 7581435636950384641, ignoring (see FAQ for details)
2025-12-08 11:50:38 - WARNING - Security error while unpacking a received message: Too many messages had to be ignored consecutively
2025-12-08 11:50:38 - WARNING - Server sent a very old message with ID 7581435667707394049, ignoring (see FAQ for details)
2025-12-08 11:50:38 - WARNING - Security error while unpacking a received message: Too many messages had to be ignored consecutively
2025-12-08 11:50:38 - WARNING - Server sent a very old message with ID 7581435668923424769, ignoring (see FAQ for details)
2025-12-08 11:50:38 - WARNING - Security error while unpacking a received message: Too many messages had to be ignored consecutively
2025-12-08 11:50:38 - WARNING - Server sent a very old message with ID 7581435674915753985, ignoring (see FAQ for details)
2025-12-08 11:50:38 - WARNING - Security error while unpacking a received message: Too many messages had to be ignored consecutively
2025-12-08 11:50:38 - WARNING - Server sent a very old message with ID 7581435680370094081, ignoring (see FAQ for details)
2025-12-08 11:50:38 - WARNING - Security error while unpacking a received message: Too many messages had to be ignored consecutively
2025-12-08 11:50:38 - WARNING - Server sent a very old message with ID 7581435701168881665, ignoring (see FAQ for details)
2025-12-08 11:50:38 - WARNING - Security error while unpacking a received message: Too many messages had to be ignored consecutively
2025-12-08 11:50:38 - WARNING - Server sent a very old message with ID 7581435717511618561, ignoring (see FAQ for details)
2025-12-08 11:50:38 - WARNING - Security error while unpacking a received message: Too many messages had to be ignored consecutively
2025-12-08 11:50:38 - WARNING - Server sent a very old message with ID 7581435724326568961, ignoring (see FAQ for details)
2025-12-08 11:50:38 - WARNING - Security error while unpacking a received message: Too many messages had to be ignored consecutively
2025-12-08 11:50:38 - WARNING - Server sent a very old message with ID 7581435725740763137, ignoring (see FAQ for details)
2025-12-08 11:50:38 - WARNING - Security error while unpacking a received message: Too many messages had to be ignored consecutively
2025-12-08 11:50:38 - WARNING - Server sent a very old message with ID 7581435733066926081, ignoring (see FAQ for details)
2025-12-08 11:50:38 - WARNING - Security error while unpacking a received message: Too many messages had to be ignored consecutively
2025-12-08 11:50:38 - WARNING - Server sent a very old message with ID 7581435748571931649, ignoring (see FAQ for details)
2025-12-08 11:50:38 - WARNING - Security error while unpacking a received message: Too many messages had to be ignored consecutively
2025-12-08 11:50:38 - WARNING - Server sent a very old message with ID 7581435751228944385, ignoring (see FAQ for details)
2025-12-08 11:50:38 - WARNING - Security error while unpacking a received message: Too many messages had to be ignored consecutively
2025-12-08 11:50:38 - WARNING - Server sent a very old message with ID 7581435786777819137, ignoring (see FAQ for details)
2025-12-08 11:50:38 - WARNING - Security error while unpacking a received message: Too many messages had to be ignored consecutively
2025-12-08 11:50:38 - WARNING - Server sent a very old message with ID 7581435816780866561, ignoring (see FAQ for details)
2025-12-08 11:50:38 - WARNING - Security error while unpacking a received message: Too many messages had to be ignored consecutively
2025-12-08 11:50:38 - WARNING - Server sent a very old message with ID 7581435819653189633, ignoring (see FAQ for details)
2025-12-08 11:50:38 - WARNING - Security error while unpacking a received message: Too many messages had to be ignored consecutively
2025-12-08 11:50:38 - WARNING - Server sent a very old message with ID 7581435825333344257, ignoring (see FAQ for details)
2025-12-08 11:50:38 - WARNING - Security error while unpacking a received message: Too many messages had to be ignored consecutively
2025-12-08 11:50:38 - WARNING - Server sent a very old message with ID 7581435836884408321, ignoring (see FAQ for details)
2025-12-08 11:50:38 - WARNING - Security error while unpacking a received message: Too many messages had to be ignored consecutively
2025-12-08 11:50:38 - WARNING - Server sent a very old message with ID 7581435844696478721, ignoring (see FAQ for details)
2025-12-08 11:50:38 - WARNING - Security error while unpacking a received message: Too many messages had to be ignored consecutively
2025-12-08 11:50:38 - WARNING - Server sent a very old message with ID 7581435857191585793, ignoring (see FAQ for details)
2025-12-08 11:50:38 - WARNING - Security error while unpacking a received message: Too many messages had to be ignored consecutively
2025-12-08 11:50:38 - WARNING - Server sent a very old message with ID 7581435874351201281, ignoring (see FAQ for details)
2025-12-08 11:50:38 - WARNING - Security error while unpacking a received message: Too many messages had to be ignored consecutively
2025-12-08 11:50:38 - WARNING - Server sent a very old message with ID 7581435876718325761, ignoring (see FAQ for details)
2025-12-08 11:50:38 - WARNING - Security error while unpacking a received message: Too many messages had to be ignored consecutively
2025-12-08 11:50:38 - WARNING - Server sent a very old message with ID 7581435885261235201, ignoring (see FAQ for details)
2025-12-08 11:50:38 - WARNING - Security error while unpacking a received message: Too many messages had to be ignored consecutively
2025-12-08 11:50:38 - WARNING - Server sent a very old message with ID 7581435901018131457, ignoring (see FAQ for details)
2025-12-08 11:50:38 - WARNING - Security error while unpacking a received message: Too many messages had to be ignored consecutively
2025-12-08 11:50:38 - WARNING - Server sent a very old message with ID 7581435909748375553, ignoring (see FAQ for details)
2025-12-08 11:50:38 - WARNING - Security error while unpacking a received message: Too many messages had to be ignored consecutively
2025-12-08 11:50:38 - WARNING - Server sent a very old message with ID 7581435942803093505, ignoring (see FAQ for details)
2025-12-08 11:50:38 - WARNING - Security error while unpacking a received message: Too many messages had to be ignored consecutively
2025-12-08 11:50:38 - WARNING - Server sent a very old message with ID 7581435945341285377, ignoring (see FAQ for details)
2025-12-08 11:50:38 - WARNING - Security error while unpacking a received message: Too many messages had to be ignored consecutively
2025-12-08 11:50:38 - WARNING - Server sent a very old message with ID 7581435984716499969, ignoring (see FAQ for details)
2025-12-08 11:50:38 - WARNING - Security error while unpacking a received message: Too many messages had to be ignored consecutively
2025-12-08 11:50:38 - WARNING - Server sent a very old message with ID 7581436065571817473, ignoring (see FAQ for details)
2025-12-08 11:50:38 - WARNING - Security error while unpacking a received message: Too many messages had to be ignored consecutively
2025-12-08 11:50:38 - WARNING - Server sent a very old message with ID 7581436069852442625, ignoring (see FAQ for details)
2025-12-08 11:50:38 - WARNING - Security error while unpacking a received message: Too many messages had to be ignored consecutively
2025-12-08 11:50:38 - WARNING - Server sent a very old message with ID 7581436069932869633, ignoring (see FAQ for details)
2025-12-08 11:50:38 - WARNING - Security error while unpacking a received message: Too many messages had to be ignored consecutively
2025-12-08 11:50:38 - WARNING - Server sent a very old message with ID 7581436087071520769, ignoring (see FAQ for details)
2025-12-08 11:50:38 - WARNING - Security error while unpacking a received message: Too many messages had to be ignored consecutively
2025-12-08 11:50:38 - WARNING - Server sent a very old message with ID 7581436098432181249, ignoring (see FAQ for details)
2025-12-08 11:50:38 - WARNING - Security error while unpacking a received message: Too many messages had to be ignored consecutively
2025-12-08 11:50:38 - WARNING - Server sent a very old message with ID 7581436103433719809, ignoring (see FAQ for details)
2025-12-08 11:50:38 - WARNING - Security error while unpacking a received message: Too many messages had to be ignored consecutively
2025-12-08 11:50:38 - WARNING - Server sent a very old message with ID 7581436125789009921, ignoring (see FAQ for details)
2025-12-08 11:50:38 - WARNING - Security error while unpacking a received message: Too many messages had to be ignored consecutively
2025-12-08 11:50:38 - WARNING - Server sent a very old message with ID 7581436136491958273, ignoring (see FAQ for details)
2025-12-08 11:50:38 - WARNING - Security error while unpacking a received message: Too many messages had to be ignored consecutively
2025-12-08 11:50:38 - WARNING - Server sent a very old message with ID 7581436163450521601, ignoring (see FAQ for details)
2025-12-08 11:50:38 - WARNING - Security error while unpacking a received message: Too many messages had to be ignored consecutively
2025-12-08 11:50:38 - WARNING - Server sent a very old message with ID 7581436169026100225, ignoring (see FAQ for details)
2025-12-08 11:50:38 - WARNING - Security error while unpacking a received message: Too many messages had to be ignored consecutively
2025-12-08 11:50:38 - WARNING - Server sent a very old message with ID 7581436184411582465, ignoring (see FAQ for details)
2025-12-08 11:50:38 - WARNING - Security error while unpacking a received message: Too many messages had to be ignored consecutively
2025-12-08 11:50:38 - WARNING - Server sent a very old message with ID 7581436193326872577, ignoring (see FAQ for details)
2025-12-08 11:50:38 - WARNING - Security error while unpacking a received message: Too many messages had to be ignored consecutively
2025-12-08 11:50:38 - WARNING - Server sent a very old message with ID 7581436197397770241, ignoring (see FAQ for details)
2025-12-08 11:50:38 - WARNING - Security error while unpacking a received message: Too many messages had to be ignored consecutively
2025-12-08 11:50:38 - WARNING - Server sent a very old message with ID 7581436240462297089, ignoring (see FAQ for details)
2025-12-08 11:50:38 - WARNING - Security error while unpacking a received message: Too many messages had to be ignored consecutively
2025-12-08 11:50:38 - WARNING - Server sent a very old message with ID 7581436273230537729, ignoring (see FAQ for details)
2025-12-08 11:50:38 - WARNING - Security error while unpacking a received message: Too many messages had to be ignored consecutively
2025-12-08 11:50:38 - WARNING - Server sent a very old message with ID 7581436274567780353, ignoring (see FAQ for details)
2025-12-08 11:50:38 - WARNING - Security error while unpacking a received message: Too many messages had to be ignored consecutively
2025-12-08 11:50:38 - WARNING - Server sent a very old message with ID 7581436282974921729, ignoring (see FAQ for details)
2025-12-08 11:50:38 - WARNING - Security error while unpacking a received message: Too many messages had to be ignored consecutively
2025-12-08 11:50:38 - WARNING - Server sent a very old message with ID 7581436290630242305, ignoring (see FAQ for details)
2025-12-08 11:50:38 - WARNING - Security error while unpacking a received message: Too many messages had to be ignored consecutively
2025-12-08 11:50:38 - WARNING - Server sent a very old message with ID 7581436301386819585, ignoring (see FAQ for details)
2025-12-08 11:50:38 - WARNING - Security error while unpacking a received message: Too many messages had to be ignored consecutively
2025-12-08 11:50:38 - WARNING - Server sent a very old message with ID 7581436324859780097, ignoring (see FAQ for details)
2025-12-08 11:50:38 - WARNING - Security error while unpacking a received message: Too many messages had to be ignored consecutively
2025-12-08 11:50:38 - WARNING - Server sent a very old message with ID 7581436332418549761, ignoring (see FAQ for details)
2025-12-08 11:50:38 - WARNING - Security error while unpacking a received message: Too many messages had to be ignored consecutively
2025-12-08 11:50:38 - WARNING - Server sent a very old message with ID 7581436342432566273, ignoring (see FAQ for details)
2025-12-08 11:50:38 - WARNING - Security error while unpacking a received message: Too many messages had to be ignored consecutively
2025-12-08 11:50:38 - WARNING - Server sent a very old message with ID 7581436367727709185, ignoring (see FAQ for details)
2025-12-08 11:50:38 - WARNING - Security error while unpacking a received message: Too many messages had to be ignored consecutively
2025-12-08 11:50:38 - WARNING - Server sent a very old message with ID 7581436369230412801, ignoring (see FAQ for details)
2025-12-08 11:50:38 - WARNING - Security error while unpacking a received message: Too many messages had to be ignored consecutively
2025-12-08 11:50:38 - WARNING - Server sent a very old message with ID 7581436392298765313, ignoring (see FAQ for details)
2025-12-08 11:50:38 - WARNING - Security error while unpacking a received message: Too many messages had to be ignored consecutively
2025-12-08 11:50:38 - WARNING - Server sent a very old message with ID 7581436397832534017, ignoring (see FAQ for details)
2025-12-08 11:50:38 - WARNING - Security error while unpacking a received message: Too many messages had to be ignored consecutively
2025-12-08 11:50:38 - WARNING - Server sent a very old message with ID 7581436400447746049, ignoring (see FAQ for details)
2025-12-08 11:50:38 - WARNING - Security error while unpacking a received message: Too many messages had to be ignored consecutively
2025-12-08 11:50:38 - WARNING - Server sent a very old message with ID 7581436404874537985, ignoring (see FAQ for details)
2025-12-08 11:50:38 - WARNING - Security error while unpacking a received message: Too many messages had to be ignored consecutively
2025-12-08 11:50:38 - WARNING - Server sent a very old message with ID 7581436427061421057, ignoring (see FAQ for details)
2025-12-08 11:50:38 - WARNING - Security error while unpacking a received message: Too many messages had to be ignored consecutively
2025-12-08 11:50:38 - WARNING - Server sent a very old message with ID 7581436504080103425, ignoring (see FAQ for details)
2025-12-08 11:50:38 - WARNING - Security error while unpacking a received message: Too many messages had to be ignored consecutively
2025-12-08 11:50:41 - INFO - login start
2025-12-08 11:51:00 - INFO - Контент функции get_payment: В данный момент запись невозможна.
2025-12-08 11:51:00 - INFO - Содержание функции login: None
2025-12-08 12:01:00 - WARNING - Server sent a very old message with ID 7581437904325743617, ignoring (see FAQ for details)
2025-12-08 12:01:00 - WARNING - Server sent a very old message with ID 7581437908778620929, ignoring (see FAQ for details)
2025-12-08 12:01:00 - WARNING - Server sent a very old message with ID 7581437912468212737, ignoring (see FAQ for details)
2025-12-08 12:01:00 - WARNING - Server sent a very old message with ID 7581437986800021505, ignoring (see FAQ for details)
2025-12-08 12:01:00 - WARNING - Server sent a very old message with ID 7581438003225160705, ignoring (see FAQ for details)
2025-12-08 12:01:00 - WARNING - Server sent a very old message with ID 7581438016997790721, ignoring (see FAQ for details)
2025-12-08 12:01:00 - WARNING - Server sent a very old message with ID 7581438024026264577, ignoring (see FAQ for details)
2025-12-08 12:01:00 - WARNING - Server sent a very old message with ID 7581438038309595137, ignoring (see FAQ for details)
2025-12-08 12:01:00 - WARNING - Server sent a very old message with ID 7581438064440774657, ignoring (see FAQ for details)
2025-12-08 12:01:00 - WARNING - Server sent a very old message with ID 7581438068707814401, ignoring (see FAQ for details)
2025-12-08 12:01:00 - WARNING - Security error while unpacking a received message: Too many messages had to be ignored consecutively
2025-12-08 12:01:00 - WARNING - Server sent a very old message with ID 7581438070969100289, ignoring (see FAQ for details)
2025-12-08 12:01:00 - WARNING - Security error while unpacking a received message: Too many messages had to be ignored consecutively
2025-12-08 12:01:00 - WARNING - Server sent a very old message with ID 7581438084289565697, ignoring (see FAQ for details)
2025-12-08 12:01:00 - WARNING - Security error while unpacking a received message: Too many messages had to be ignored consecutively
2025-12-08 12:01:00 - WARNING - Server sent a very old message with ID 7581438095801444353, ignoring (see FAQ for details)
2025-12-08 12:01:00 - WARNING - Security error while unpacking a received message: Too many messages had to be ignored consecutively
2025-12-08 12:01:00 - WARNING - Server sent a very old message with ID 7581438098562838529, ignoring (see FAQ for details)
2025-12-08 12:01:00 - WARNING - Security error while unpacking a received message: Too many messages had to be ignored consecutively
2025-12-08 12:01:00 - WARNING - Server sent a very old message with ID 7581438104726578177, ignoring (see FAQ for details)
2025-12-08 12:01:00 - WARNING - Security error while unpacking a received message: Too many messages had to be ignored consecutively
2025-12-08 12:01:00 - WARNING - Server sent a very old message with ID 7581438120103689217, ignoring (see FAQ for details)
2025-12-08 12:01:00 - WARNING - Security error while unpacking a received message: Too many messages had to be ignored consecutively
2025-12-08 12:01:00 - WARNING - Server sent a very old message with ID 7581438151191276545, ignoring (see FAQ for details)
2025-12-08 12:01:00 - WARNING - Security error while unpacking a received message: Too many messages had to be ignored consecutively
2025-12-08 12:01:00 - WARNING - Server sent a very old message with ID 7581438160092431361, ignoring (see FAQ for details)
2025-12-08 12:01:00 - WARNING - Security error while unpacking a received message: Too many messages had to be ignored consecutively
2025-12-08 12:01:00 - WARNING - Server sent a very old message with ID 7581438178538201089, ignoring (see FAQ for details)
2025-12-08 12:01:00 - WARNING - Security error while unpacking a received message: Too many messages had to be ignored consecutively
2025-12-08 12:01:00 - WARNING - Server sent a very old message with ID 7581438198356937729, ignoring (see FAQ for details)
2025-12-08 12:01:00 - WARNING - Security error while unpacking a received message: Too many messages had to be ignored consecutively
2025-12-08 12:01:00 - WARNING - Server sent a very old message with ID 7581438203926455297, ignoring (see FAQ for details)
2025-12-08 12:01:00 - WARNING - Security error while unpacking a received message: Too many messages had to be ignored consecutively
2025-12-08 12:01:00 - WARNING - Server sent a very old message with ID 7581438209096091649, ignoring (see FAQ for details)
2025-12-08 12:01:00 - WARNING - Security error while unpacking a received message: Too many messages had to be ignored consecutively
2025-12-08 12:01:00 - WARNING - Server sent a very old message with ID 7581438216159388673, ignoring (see FAQ for details)
2025-12-08 12:01:00 - WARNING - Security error while unpacking a received message: Too many messages had to be ignored consecutively
2025-12-08 12:01:00 - WARNING - Server sent a very old message with ID 7581438217922471937, ignoring (see FAQ for details)
2025-12-08 12:01:00 - WARNING - Security error while unpacking a received message: Too many messages had to be ignored consecutively
2025-12-08 12:01:00 - WARNING - Server sent a very old message with ID 7581438223994894337, ignoring (see FAQ for details)
2025-12-08 12:01:00 - WARNING - Security error while unpacking a received message: Too many messages had to be ignored consecutively
2025-12-08 12:01:00 - WARNING - Server sent a very old message with ID 7581438230501530625, ignoring (see FAQ for details)
2025-12-08 12:01:00 - WARNING - Security error while unpacking a received message: Too many messages had to be ignored consecutively
2025-12-08 12:01:00 - WARNING - Server sent a very old message with ID 7581438230923120641, ignoring (see FAQ for details)
2025-12-08 12:01:00 - WARNING - Security error while unpacking a received message: Too many messages had to be ignored consecutively
2025-12-08 12:01:00 - WARNING - Server sent a very old message with ID 7581438235667631105, ignoring (see FAQ for details)
2025-12-08 12:01:00 - WARNING - Security error while unpacking a received message: Too many messages had to be ignored consecutively
2025-12-08 12:01:00 - WARNING - Server sent a very old message with ID 7581438240384915457, ignoring (see FAQ for details)
2025-12-08 12:01:00 - WARNING - Security error while unpacking a received message: Too many messages had to be ignored consecutively
2025-12-08 12:01:00 - WARNING - Server sent a very old message with ID 7581438241281254401, ignoring (see FAQ for details)
2025-12-08 12:01:00 - WARNING - Security error while unpacking a received message: Too many messages had to be ignored consecutively
2025-12-08 12:01:00 - WARNING - Server sent a very old message with ID 7581438251969062913, ignoring (see FAQ for details)
2025-12-08 12:01:00 - WARNING - Security error while unpacking a received message: Too many messages had to be ignored consecutively
2025-12-08 12:01:00 - WARNING - Server sent a very old message with ID 7581438261981584385, ignoring (see FAQ for details)
2025-12-08 12:01:00 - WARNING - Security error while unpacking a received message: Too many messages had to be ignored consecutively
2025-12-08 12:01:00 - WARNING - Server sent a very old message with ID 7581438263593174017, ignoring (see FAQ for details)
2025-12-08 12:01:00 - WARNING - Security error while unpacking a received message: Too many messages had to be ignored consecutively
2025-12-08 12:01:00 - WARNING - Server sent a very old message with ID 7581438267845556225, ignoring (see FAQ for details)
2025-12-08 12:01:00 - WARNING - Security error while unpacking a received message: Too many messages had to be ignored consecutively
2025-12-08 12:01:00 - WARNING - Server sent a very old message with ID 7581438272329047041, ignoring (see FAQ for details)
2025-12-08 12:01:00 - WARNING - Security error while unpacking a received message: Too many messages had to be ignored consecutively
2025-12-08 12:01:00 - WARNING - Server sent a very old message with ID 7581438277169406977, ignoring (see FAQ for details)
2025-12-08 12:01:00 - WARNING - Security error while unpacking a received message: Too many messages had to be ignored consecutively
2025-12-08 12:01:00 - WARNING - Server sent a very old message with ID 7581438279978759169, ignoring (see FAQ for details)
2025-12-08 12:01:00 - WARNING - Security error while unpacking a received message: Too many messages had to be ignored consecutively
2025-12-08 12:01:00 - WARNING - Server sent a very old message with ID 7581438280353483777, ignoring (see FAQ for details)
2025-12-08 12:01:00 - WARNING - Security error while unpacking a received message: Too many messages had to be ignored consecutively
2025-12-08 12:01:00 - WARNING - Server sent a very old message with ID 7581438282237497345, ignoring (see FAQ for details)
2025-12-08 12:01:00 - WARNING - Security error while unpacking a received message: Too many messages had to be ignored consecutively
2025-12-08 12:01:00 - WARNING - Server sent a very old message with ID 7581438289805392897, ignoring (see FAQ for details)
2025-12-08 12:01:00 - WARNING - Security error while unpacking a received message: Too many messages had to be ignored consecutively
2025-12-08 12:01:00 - WARNING - Server sent a very old message with ID 7581438347273500677, ignoring (see FAQ for details)
2025-12-08 12:01:00 - WARNING - Security error while unpacking a received message: Too many messages had to be ignored consecutively
2025-12-08 12:01:00 - WARNING - Server sent a very old message with ID 7581438347273500673, ignoring (see FAQ for details)
2025-12-08 12:01:00 - WARNING - Security error while unpacking a received message: Too many messages had to be ignored consecutively
2025-12-08 12:01:00 - WARNING - Server sent a very old message with ID 7581438357743878145, ignoring (see FAQ for details)
2025-12-08 12:01:00 - WARNING - Security error while unpacking a received message: Too many messages had to be ignored consecutively
2025-12-08 12:01:00 - WARNING - Server sent a very old message with ID 7581438362559827969, ignoring (see FAQ for details)
2025-12-08 12:01:00 - WARNING - Security error while unpacking a received message: Too many messages had to be ignored consecutively
2025-12-08 12:01:00 - WARNING - Server sent a very old message with ID 7581438372058615809, ignoring (see FAQ for details)
2025-12-08 12:01:00 - WARNING - Security error while unpacking a received message: Too many messages had to be ignored consecutively
2025-12-08 12:01:00 - WARNING - Server sent a very old message with ID 7581438383579730945, ignoring (see FAQ for details)
2025-12-08 12:01:00 - WARNING - Security error while unpacking a received message: Too many messages had to be ignored consecutively
2025-12-08 12:01:00 - WARNING - Server sent a very old message with ID 7581438387751758849, ignoring (see FAQ for details)
2025-12-08 12:01:00 - WARNING - Security error while unpacking a received message: Too many messages had to be ignored consecutively
2025-12-08 12:01:00 - WARNING - Server sent a very old message with ID 7581438387769123841, ignoring (see FAQ for details)
2025-12-08 12:01:00 - WARNING - Security error while unpacking a received message: Too many messages had to be ignored consecutively
2025-12-08 12:01:00 - WARNING - Server sent a very old message with ID 7581438392809955329, ignoring (see FAQ for details)
2025-12-08 12:01:00 - WARNING - Security error while unpacking a received message: Too many messages had to be ignored consecutively
2025-12-08 12:01:00 - WARNING - Server sent a very old message with ID 7581438398503891969, ignoring (see FAQ for details)
2025-12-08 12:01:00 - WARNING - Security error while unpacking a received message: Too many messages had to be ignored consecutively
2025-12-08 12:01:00 - WARNING - Server sent a very old message with ID 7581438402011764737, ignoring (see FAQ for details)
2025-12-08 12:01:00 - WARNING - Security error while unpacking a received message: Too many messages had to be ignored consecutively
2025-12-08 12:01:00 - WARNING - Server sent a very old message with ID 7581438404670170113, ignoring (see FAQ for details)
2025-12-08 12:01:00 - WARNING - Security error while unpacking a received message: Too many messages had to be ignored consecutively
2025-12-08 12:01:00 - WARNING - Server sent a very old message with ID 7581438407439518721, ignoring (see FAQ for details)
2025-12-08 12:01:00 - WARNING - Security error while unpacking a received message: Too many messages had to be ignored consecutively
2025-12-08 12:01:00 - WARNING - Server sent a very old message with ID 7581438413324479489, ignoring (see FAQ for details)
2025-12-08 12:01:00 - WARNING - Security error while unpacking a received message: Too many messages had to be ignored consecutively
2025-12-08 12:01:00 - WARNING - Server sent a very old message with ID 7581438419570507777, ignoring (see FAQ for details)
2025-12-08 12:01:00 - WARNING - Security error while unpacking a received message: Too many messages had to be ignored consecutively
2025-12-08 12:01:00 - WARNING - Server sent a very old message with ID 7581438422594954241, ignoring (see FAQ for details)
2025-12-08 12:01:00 - WARNING - Security error while unpacking a received message: Too many messages had to be ignored consecutively
2025-12-08 12:01:00 - WARNING - Server sent a very old message with ID 7581438423792919553, ignoring (see FAQ for details)
2025-12-08 12:01:00 - WARNING - Security error while unpacking a received message: Too many messages had to be ignored consecutively
2025-12-08 12:01:00 - WARNING - Server sent a very old message with ID 7581438427601726465, ignoring (see FAQ for details)
2025-12-08 12:01:00 - WARNING - Security error while unpacking a received message: Too many messages had to be ignored consecutively
2025-12-08 12:01:00 - WARNING - Server sent a very old message with ID 7581438433110203393, ignoring (see FAQ for details)
2025-12-08 12:01:00 - WARNING - Security error while unpacking a received message: Too many messages had to be ignored consecutively
2025-12-08 12:01:00 - WARNING - Server sent a very old message with ID 7581438433110203397, ignoring (see FAQ for details)
2025-12-08 12:01:00 - WARNING - Security error while unpacking a received message: Too many messages had to be ignored consecutively
2025-12-08 12:01:00 - WARNING - Server sent a very old message with ID 7581438434805597185, ignoring (see FAQ for details)
2025-12-08 12:01:00 - WARNING - Security error while unpacking a received message: Too many messages had to be ignored consecutively
2025-12-08 12:01:00 - WARNING - Server sent a very old message with ID 7581438435789467649, ignoring (see FAQ for details)
2025-12-08 12:01:00 - WARNING - Security error while unpacking a received message: Too many messages had to be ignored consecutively
2025-12-08 12:01:00 - WARNING - Server sent a very old message with ID 7581438446853087233, ignoring (see FAQ for details)
2025-12-08 12:01:00 - WARNING - Security error while unpacking a received message: Too many messages had to be ignored consecutively
2025-12-08 12:01:00 - WARNING - Server sent a very old message with ID 7581438446853087237, ignoring (see FAQ for details)
2025-12-08 12:01:00 - WARNING - Security error while unpacking a received message: Too many messages had to be ignored consecutively
2025-12-08 12:01:00 - WARNING - Server sent a very old message with ID 7581438448621148161, ignoring (see FAQ for details)
2025-12-08 12:01:00 - WARNING - Security error while unpacking a received message: Too many messages had to be ignored consecutively
2025-12-08 12:01:00 - WARNING - Server sent a very old message with ID 7581438450878318593, ignoring (see FAQ for details)
2025-12-08 12:01:00 - WARNING - Security error while unpacking a received message: Too many messages had to be ignored consecutively
2025-12-08 12:01:00 - WARNING - Server sent a very old message with ID 7581438451006673921, ignoring (see FAQ for details)
2025-12-08 12:01:00 - WARNING - Security error while unpacking a received message: Too many messages had to be ignored consecutively
2025-12-08 12:01:00 - WARNING - Server sent a very old message with ID 7581438451214968833, ignoring (see FAQ for details)
2025-12-08 12:01:00 - WARNING - Security error while unpacking a received message: Too many messages had to be ignored consecutively
2025-12-08 12:01:00 - WARNING - Server sent a very old message with ID 7581438452834143233, ignoring (see FAQ for details)
2025-12-08 12:01:00 - WARNING - Security error while unpacking a received message: Too many messages had to be ignored consecutively
2025-12-08 12:01:00 - WARNING - Server sent a very old message with ID 7581438455463383041, ignoring (see FAQ for details)
2025-12-08 12:01:00 - WARNING - Security error while unpacking a received message: Too many messages had to be ignored consecutively
2025-12-08 12:01:00 - WARNING - Server sent a very old message with ID 7581438455645279233, ignoring (see FAQ for details)
2025-12-08 12:01:00 - WARNING - Security error while unpacking a received message: Too many messages had to be ignored consecutively
2025-12-08 12:01:00 - WARNING - Server sent a very old message with ID 7581438459977424897, ignoring (see FAQ for details)
2025-12-08 12:01:00 - WARNING - Security error while unpacking a received message: Too many messages had to be ignored consecutively
2025-12-08 12:01:00 - WARNING - Server sent a very old message with ID 7581438462843745281, ignoring (see FAQ for details)
2025-12-08 12:01:00 - WARNING - Security error while unpacking a received message: Too many messages had to be ignored consecutively
2025-12-08 12:01:00 - WARNING - Server sent a very old message with ID 7581438464321050625, ignoring (see FAQ for details)
2025-12-08 12:01:00 - WARNING - Security error while unpacking a received message: Too many messages had to be ignored consecutively
2025-12-08 12:01:00 - WARNING - Server sent a very old message with ID 7581438464987467777, ignoring (see FAQ for details)
2025-12-08 12:01:00 - WARNING - Security error while unpacking a received message: Too many messages had to be ignored consecutively
2025-12-08 12:01:00 - WARNING - Server sent a very old message with ID 7581438467903605761, ignoring (see FAQ for details)
2025-12-08 12:01:00 - WARNING - Security error while unpacking a received message: Too many messages had to be ignored consecutively
2025-12-08 12:01:00 - WARNING - Server sent a very old message with ID 7581438471059682305, ignoring (see FAQ for details)
2025-12-08 12:01:00 - WARNING - Security error while unpacking a received message: Too many messages had to be ignored consecutively
2025-12-08 12:01:00 - WARNING - Server sent a very old message with ID 7581438478417576961, ignoring (see FAQ for details)
2025-12-08 12:01:00 - WARNING - Security error while unpacking a received message: Too many messages had to be ignored consecutively
2025-12-08 12:01:00 - WARNING - Server sent a very old message with ID 7581438489453914113, ignoring (see FAQ for details)
2025-12-08 12:01:00 - WARNING - Security error while unpacking a received message: Too many messages had to be ignored consecutively
2025-12-08 12:01:00 - WARNING - Server sent a very old message with ID 7581438489754818561, ignoring (see FAQ for details)
2025-12-08 12:01:00 - WARNING - Security error while unpacking a received message: Too many messages had to be ignored consecutively
2025-12-08 12:01:00 - WARNING - Server sent a very old message with ID 7581438511767952385, ignoring (see FAQ for details)
2025-12-08 12:01:00 - WARNING - Security error while unpacking a received message: Too many messages had to be ignored consecutively
2025-12-08 12:01:00 - WARNING - Server sent a very old message with ID 7581438528305596417, ignoring (see FAQ for details)
2025-12-08 12:01:00 - WARNING - Security error while unpacking a received message: Too many messages had to be ignored consecutively
2025-12-08 12:01:00 - WARNING - Server sent a very old message with ID 7581438538147800065, ignoring (see FAQ for details)
2025-12-08 12:01:00 - WARNING - Security error while unpacking a received message: Too many messages had to be ignored consecutively
2025-12-08 12:01:00 - WARNING - Server sent a very old message with ID 7581438539116411905, ignoring (see FAQ for details)
2025-12-08 12:01:00 - WARNING - Security error while unpacking a received message: Too many messages had to be ignored consecutively
2025-12-08 12:01:00 - WARNING - Server sent a very old message with ID 7581438543053791233, ignoring (see FAQ for details)
2025-12-08 12:01:00 - WARNING - Security error while unpacking a received message: Too many messages had to be ignored consecutively
2025-12-08 12:01:00 - WARNING - Server sent a very old message with ID 7581438545231991809, ignoring (see FAQ for details)
2025-12-08 12:01:00 - WARNING - Security error while unpacking a received message: Too many messages had to be ignored consecutively
2025-12-08 12:01:00 - WARNING - Server sent a very old message with ID 7581438547699282945, ignoring (see FAQ for details)
2025-12-08 12:01:00 - WARNING - Security error while unpacking a received message: Too many messages had to be ignored consecutively
2025-12-08 12:01:00 - WARNING - Server sent a very old message with ID 7581438562568990721, ignoring (see FAQ for details)
2025-12-08 12:01:00 - WARNING - Security error while unpacking a received message: Too many messages had to be ignored consecutively
2025-12-08 12:01:00 - WARNING - Server sent a very old message with ID 7581438582068711425, ignoring (see FAQ for details)
2025-12-08 12:01:00 - WARNING - Security error while unpacking a received message: Too many messages had to be ignored consecutively
2025-12-08 12:01:00 - WARNING - Server sent a very old message with ID 7581438586264733697, ignoring (see FAQ for details)
2025-12-08 12:01:00 - WARNING - Security error while unpacking a received message: Too many messages had to be ignored consecutively
2025-12-08 12:01:00 - WARNING - Server sent a very old message with ID 7581438604281267201, ignoring (see FAQ for details)
2025-12-08 12:01:00 - WARNING - Security error while unpacking a received message: Too many messages had to be ignored consecutively
2025-12-08 12:01:00 - WARNING - Server sent a very old message with ID 7581438609481289729, ignoring (see FAQ for details)
2025-12-08 12:01:00 - WARNING - Security error while unpacking a received message: Too many messages had to be ignored consecutively
2025-12-08 12:01:00 - WARNING - Server sent a very old message with ID 7581438616544802817, ignoring (see FAQ for details)
2025-12-08 12:01:00 - WARNING - Security error while unpacking a received message: Too many messages had to be ignored consecutively
2025-12-08 12:01:00 - WARNING - Server sent a very old message with ID 7581438636248784897, ignoring (see FAQ for details)
2025-12-08 12:01:00 - WARNING - Security error while unpacking a received message: Too many messages had to be ignored consecutively
2025-12-08 12:01:00 - WARNING - Server sent a very old message with ID 7581438636984769537, ignoring (see FAQ for details)
2025-12-08 12:01:00 - WARNING - Security error while unpacking a received message: Too many messages had to be ignored consecutively
2025-12-08 12:01:00 - WARNING - Server sent a very old message with ID 7581438651331467265, ignoring (see FAQ for details)
2025-12-08 12:01:00 - WARNING - Security error while unpacking a received message: Too many messages had to be ignored consecutively
2025-12-08 12:01:00 - WARNING - Server sent a very old message with ID 7581438805637113857, ignoring (see FAQ for details)
2025-12-08 12:01:00 - WARNING - Security error while unpacking a received message: Too many messages had to be ignored consecutively
2025-12-08 12:01:00 - WARNING - Server sent a very old message with ID 7581438824406363137, ignoring (see FAQ for details)
2025-12-08 12:01:00 - WARNING - Security error while unpacking a received message: Too many messages had to be ignored consecutively
2025-12-08 12:01:00 - WARNING - Server sent a very old message with ID 7581438852782562305, ignoring (see FAQ for details)
2025-12-08 12:01:00 - WARNING - Security error while unpacking a received message: Too many messages had to be ignored consecutively
2025-12-08 12:01:00 - WARNING - Server sent a very old message with ID 7581438858812251137, ignoring (see FAQ for details)
2025-12-08 12:01:00 - WARNING - Security error while unpacking a received message: Too many messages had to be ignored consecutively
2025-12-08 12:01:00 - WARNING - Server sent a very old message with ID 7581438872878296065, ignoring (see FAQ for details)
2025-12-08 12:01:00 - WARNING - Security error while unpacking a received message: Too many messages had to be ignored consecutively
2025-12-08 12:01:00 - WARNING - Server sent a very old message with ID 7581438883033075713, ignoring (see FAQ for details)
2025-12-08 12:01:00 - WARNING - Security error while unpacking a received message: Too many messages had to be ignored consecutively
2025-12-08 12:01:00 - WARNING - Server sent a very old message with ID 7581438901036530689, ignoring (see FAQ for details)
2025-12-08 12:01:00 - WARNING - Security error while unpacking a received message: Too many messages had to be ignored consecutively
2025-12-08 12:01:00 - WARNING - Server sent a very old message with ID 7581438903111824385, ignoring (see FAQ for details)
2025-12-08 12:01:00 - WARNING - Security error while unpacking a received message: Too many messages had to be ignored consecutively
2025-12-08 12:01:00 - WARNING - Server sent a very old message with ID 7581438929572373505, ignoring (see FAQ for details)
2025-12-08 12:01:00 - WARNING - Security error while unpacking a received message: Too many messages had to be ignored consecutively
2025-12-08 12:01:00 - WARNING - Server sent a very old message with ID 7581438938306953217, ignoring (see FAQ for details)
2025-12-08 12:01:00 - WARNING - Security error while unpacking a received message: Too many messages had to be ignored consecutively
2025-12-08 12:01:00 - WARNING - Server sent a very old message with ID 7581438953176169473, ignoring (see FAQ for details)
2025-12-08 12:01:00 - WARNING - Security error while unpacking a received message: Too many messages had to be ignored consecutively
2025-12-08 12:01:00 - WARNING - Server sent a very old message with ID 7581438975506663425, ignoring (see FAQ for details)
2025-12-08 12:01:00 - WARNING - Security error while unpacking a received message: Too many messages had to be ignored consecutively
2025-12-08 12:01:00 - WARNING - Server sent a very old message with ID 7581439062710459393, ignoring (see FAQ for details)
2025-12-08 12:01:00 - WARNING - Security error while unpacking a received message: Too many messages had to be ignored consecutively
2025-12-08 12:01:00 - WARNING - Server sent a very old message with ID 7581439110916609025, ignoring (see FAQ for details)
2025-12-08 12:01:00 - WARNING - Security error while unpacking a received message: Too many messages had to be ignored consecutively
2025-12-08 12:01:00 - WARNING - Server sent a very old message with ID 7581439111476260865, ignoring (see FAQ for details)
2025-12-08 12:01:00 - WARNING - Security error while unpacking a received message: Too many messages had to be ignored consecutively
2025-12-08 12:01:00 - WARNING - Server sent a very old message with ID 7581439146024087561, ignoring (see FAQ for details)
2025-12-08 12:01:00 - WARNING - Security error while unpacking a received message: Too many messages had to be ignored consecutively
2025-12-08 12:01:00 - WARNING - Server sent a very old message with ID 7581439146024163329, ignoring (see FAQ for details)
2025-12-08 12:01:00 - WARNING - Security error while unpacking a received message: Too many messages had to be ignored consecutively
2025-12-08 12:01:00 - WARNING - Server sent a very old message with ID 7581439154552932353, ignoring (see FAQ for details)
2025-12-08 12:01:00 - WARNING - Security error while unpacking a received message: Too many messages had to be ignored consecutively
2025-12-08 12:01:00 - WARNING - Server sent a very old message with ID 7581439162019794945, ignoring (see FAQ for details)
2025-12-08 12:01:00 - WARNING - Security error while unpacking a received message: Too many messages had to be ignored consecutively
2025-12-08 12:01:00 - WARNING - Server sent a very old message with ID 7581439181224991745, ignoring (see FAQ for details)
2025-12-08 12:01:00 - WARNING - Security error while unpacking a received message: Too many messages had to be ignored consecutively
2025-12-08 12:01:00 - INFO - Got difference for account updates
2025-12-08 12:01:01 - INFO - Got difference for channel 2057918535 updates
2025-12-08 12:01:01 - INFO - Got difference for channel 2131185146 updates
2025-12-08 12:01:02 - INFO - Got difference for channel 1682735731 updates
2025-12-08 12:01:02 - INFO - Got difference for channel 1469480309 updates
2025-12-08 12:01:03 - INFO - login start
2025-12-08 12:01:17 - INFO - Контент функции get_payment: В данный момент запись невозможна.
2025-12-08 12:01:18 - INFO - Содержание функции login: None
2025-12-08 12:13:15 - WARNING - Server sent a very old message with ID 7581440583622208513, ignoring (see FAQ for details)
2025-12-08 12:13:15 - WARNING - Server sent a very old message with ID 7581440595906509825, ignoring (see FAQ for details)
2025-12-08 12:13:15 - WARNING - Server sent a very old message with ID 7581440609998640129, ignoring (see FAQ for details)
2025-12-08 12:13:15 - WARNING - Server sent a very old message with ID 7581440638315348993, ignoring (see FAQ for details)
2025-12-08 12:13:15 - WARNING - Server sent a very old message with ID 7581440647672429569, ignoring (see FAQ for details)
2025-12-08 12:13:15 - WARNING - Server sent a very old message with ID 7581440649961445377, ignoring (see FAQ for details)
2025-12-08 12:13:15 - WARNING - Server sent a very old message with ID 7581440656654666753, ignoring (see FAQ for details)
2025-12-08 12:13:15 - WARNING - Server sent a very old message with ID 7581440682997697537, ignoring (see FAQ for details)
2025-12-08 12:13:15 - WARNING - Server sent a very old message with ID 7581440686197135361, ignoring (see FAQ for details)
2025-12-08 12:13:15 - WARNING - Server sent a very old message with ID 7581440695053575169, ignoring (see FAQ for details)
2025-12-08 12:13:15 - WARNING - Security error while unpacking a received message: Too many messages had to be ignored consecutively
2025-12-08 12:13:15 - WARNING - Server sent a very old message with ID 7581440700708110337, ignoring (see FAQ for details)
2025-12-08 12:13:15 - WARNING - Security error while unpacking a received message: Too many messages had to be ignored consecutively
2025-12-08 12:13:15 - WARNING - Server sent a very old message with ID 7581440716720686081, ignoring (see FAQ for details)
2025-12-08 12:13:15 - WARNING - Security error while unpacking a received message: Too many messages had to be ignored consecutively
2025-12-08 12:13:15 - WARNING - Server sent a very old message with ID 7581440720734341121, ignoring (see FAQ for details)
2025-12-08 12:13:15 - WARNING - Security error while unpacking a received message: Too many messages had to be ignored consecutively
2025-12-08 12:13:15 - WARNING - Server sent a very old message with ID 7581440724031361025, ignoring (see FAQ for details)
2025-12-08 12:13:15 - WARNING - Security error while unpacking a received message: Too many messages had to be ignored consecutively
2025-12-08 12:13:15 - WARNING - Server sent a very old message with ID 7581440727509625857, ignoring (see FAQ for details)
2025-12-08 12:13:15 - WARNING - Security error while unpacking a received message: Too many messages had to be ignored consecutively
2025-12-08 12:13:15 - WARNING - Server sent a very old message with ID 7581440737363063809, ignoring (see FAQ for details)
2025-12-08 12:13:15 - WARNING - Security error while unpacking a received message: Too many messages had to be ignored consecutively
2025-12-08 12:13:15 - WARNING - Server sent a very old message with ID 7581440743914206209, ignoring (see FAQ for details)
2025-12-08 12:13:15 - WARNING - Security error while unpacking a received message: Too many messages had to be ignored consecutively
2025-12-08 12:13:15 - WARNING - Server sent a very old message with ID 7581440783535066113, ignoring (see FAQ for details)
2025-12-08 12:13:15 - WARNING - Security error while unpacking a received message: Too many messages had to be ignored consecutively
2025-12-08 12:13:15 - WARNING - Server sent a very old message with ID 7581440793679636481, ignoring (see FAQ for details)
2025-12-08 12:13:15 - WARNING - Security error while unpacking a received message: Too many messages had to be ignored consecutively
2025-12-08 12:13:15 - WARNING - Server sent a very old message with ID 7581440796833289217, ignoring (see FAQ for details)
2025-12-08 12:13:15 - WARNING - Security error while unpacking a received message: Too many messages had to be ignored consecutively
2025-12-08 12:13:15 - WARNING - Server sent a very old message with ID 7581440829806712833, ignoring (see FAQ for details)
2025-12-08 12:13:15 - WARNING - Security error while unpacking a received message: Too many messages had to be ignored consecutively
2025-12-08 12:13:15 - WARNING - Server sent a very old message with ID 7581440839979039745, ignoring (see FAQ for details)
2025-12-08 12:13:15 - WARNING - Security error while unpacking a received message: Too many messages had to be ignored consecutively
2025-12-08 12:13:15 - WARNING - Server sent a very old message with ID 7581440845727772673, ignoring (see FAQ for details)
2025-12-08 12:13:15 - WARNING - Security error while unpacking a received message: Too many messages had to be ignored consecutively
2025-12-08 12:13:15 - WARNING - Server sent a very old message with ID 7581440872829861889, ignoring (see FAQ for details)
2025-12-08 12:13:15 - WARNING - Security error while unpacking a received message: Too many messages had to be ignored consecutively
2025-12-08 12:13:15 - WARNING - Server sent a very old message with ID 7581440878070817793, ignoring (see FAQ for details)
2025-12-08 12:13:15 - WARNING - Security error while unpacking a received message: Too many messages had to be ignored consecutively
2025-12-08 12:13:15 - WARNING - Server sent a very old message with ID 7581440882488243201, ignoring (see FAQ for details)
2025-12-08 12:13:15 - WARNING - Security error while unpacking a received message: Too many messages had to be ignored consecutively
2025-12-08 12:13:15 - WARNING - Server sent a very old message with ID 7581440894586227713, ignoring (see FAQ for details)
2025-12-08 12:13:15 - WARNING - Security error while unpacking a received message: Too many messages had to be ignored consecutively
2025-12-08 12:13:15 - WARNING - Server sent a very old message with ID 7581440943804647425, ignoring (see FAQ for details)
2025-12-08 12:13:15 - WARNING - Security error while unpacking a received message: Too many messages had to be ignored consecutively
2025-12-08 12:13:15 - WARNING - Server sent a very old message with ID 7581440968339149825, ignoring (see FAQ for details)
2025-12-08 12:13:15 - WARNING - Security error while unpacking a received message: Too many messages had to be ignored consecutively
2025-12-08 12:13:15 - WARNING - Server sent a very old message with ID 7581440980453794817, ignoring (see FAQ for details)
2025-12-08 12:13:15 - WARNING - Security error while unpacking a received message: Too many messages had to be ignored consecutively
2025-12-08 12:13:15 - WARNING - Server sent a very old message with ID 7581441009446028289, ignoring (see FAQ for details)
2025-12-08 12:13:15 - WARNING - Security error while unpacking a received message: Too many messages had to be ignored consecutively
2025-12-08 12:13:15 - WARNING - Server sent a very old message with ID 7581441057353722881, ignoring (see FAQ for details)
2025-12-08 12:13:15 - WARNING - Security error while unpacking a received message: Too many messages had to be ignored consecutively
2025-12-08 12:13:15 - WARNING - Server sent a very old message with ID 7581441073607583745, ignoring (see FAQ for details)
2025-12-08 12:13:15 - WARNING - Security error while unpacking a received message: Too many messages had to be ignored consecutively
2025-12-08 12:13:15 - WARNING - Server sent a very old message with ID 7581441081548834817, ignoring (see FAQ for details)
2025-12-08 12:13:15 - WARNING - Security error while unpacking a received message: Too many messages had to be ignored consecutively
2025-12-08 12:13:15 - WARNING - Server sent a very old message with ID 7581441089515824129, ignoring (see FAQ for details)
2025-12-08 12:13:15 - WARNING - Security error while unpacking a received message: Too many messages had to be ignored consecutively
2025-12-08 12:13:15 - WARNING - Server sent a very old message with ID 7581441131153646593, ignoring (see FAQ for details)
2025-12-08 12:13:15 - WARNING - Security error while unpacking a received message: Too many messages had to be ignored consecutively
2025-12-08 12:13:15 - WARNING - Server sent a very old message with ID 7581441133987216385, ignoring (see FAQ for details)
2025-12-08 12:13:15 - WARNING - Security error while unpacking a received message: Too many messages had to be ignored consecutively
2025-12-08 12:13:15 - WARNING - Server sent a very old message with ID 7581441139047805953, ignoring (see FAQ for details)
2025-12-08 12:13:15 - WARNING - Security error while unpacking a received message: Too many messages had to be ignored consecutively
2025-12-08 12:13:15 - WARNING - Server sent a very old message with ID 7581441143223473153, ignoring (see FAQ for details)
2025-12-08 12:13:15 - WARNING - Security error while unpacking a received message: Too many messages had to be ignored consecutively
2025-12-08 12:13:15 - WARNING - Server sent a very old message with ID 7581441179363502081, ignoring (see FAQ for details)
2025-12-08 12:13:15 - WARNING - Security error while unpacking a received message: Too many messages had to be ignored consecutively
2025-12-08 12:13:15 - WARNING - Server sent a very old message with ID 7581441183002149889, ignoring (see FAQ for details)
2025-12-08 12:13:15 - WARNING - Security error while unpacking a received message: Too many messages had to be ignored consecutively
2025-12-08 12:13:15 - WARNING - Server sent a very old message with ID 7581441201999520769, ignoring (see FAQ for details)
2025-12-08 12:13:15 - WARNING - Security error while unpacking a received message: Too many messages had to be ignored consecutively
2025-12-08 12:13:15 - WARNING - Server sent a very old message with ID 7581441203246529537, ignoring (see FAQ for details)
2025-12-08 12:13:15 - WARNING - Security error while unpacking a received message: Too many messages had to be ignored consecutively
2025-12-08 12:13:15 - WARNING - Server sent a very old message with ID 7581441216236009473, ignoring (see FAQ for details)
2025-12-08 12:13:15 - WARNING - Security error while unpacking a received message: Too many messages had to be ignored consecutively
2025-12-08 12:13:15 - WARNING - Server sent a very old message with ID 7581441230453008385, ignoring (see FAQ for details)
2025-12-08 12:13:15 - WARNING - Security error while unpacking a received message: Too many messages had to be ignored consecutively
2025-12-08 12:13:15 - WARNING - Server sent a very old message with ID 7581441235195652097, ignoring (see FAQ for details)
2025-12-08 12:13:15 - WARNING - Security error while unpacking a received message: Too many messages had to be ignored consecutively
2025-12-08 12:13:15 - WARNING - Server sent a very old message with ID 7581441235373713409, ignoring (see FAQ for details)
2025-12-08 12:13:15 - WARNING - Security error while unpacking a received message: Too many messages had to be ignored consecutively
2025-12-08 12:13:15 - WARNING - Server sent a very old message with ID 7581441241548503041, ignoring (see FAQ for details)
2025-12-08 12:13:15 - WARNING - Security error while unpacking a received message: Too many messages had to be ignored consecutively
2025-12-08 12:13:15 - WARNING - Server sent a very old message with ID 7581441241906399233, ignoring (see FAQ for details)
2025-12-08 12:13:15 - WARNING - Security error while unpacking a received message: Too many messages had to be ignored consecutively
2025-12-08 12:13:15 - WARNING - Server sent a very old message with ID 7581441250408604673, ignoring (see FAQ for details)
2025-12-08 12:13:15 - WARNING - Security error while unpacking a received message: Too many messages had to be ignored consecutively
2025-12-08 12:13:15 - WARNING - Server sent a very old message with ID 7581441256081229825, ignoring (see FAQ for details)
2025-12-08 12:13:15 - WARNING - Security error while unpacking a received message: Too many messages had to be ignored consecutively
2025-12-08 12:13:15 - WARNING - Server sent a very old message with ID 7581441261301301249, ignoring (see FAQ for details)
2025-12-08 12:13:15 - WARNING - Security error while unpacking a received message: Too many messages had to be ignored consecutively
2025-12-08 12:13:15 - WARNING - Server sent a very old message with ID 7581441274205355009, ignoring (see FAQ for details)
2025-12-08 12:13:15 - WARNING - Security error while unpacking a received message: Too many messages had to be ignored consecutively
2025-12-08 12:13:15 - WARNING - Server sent a very old message with ID 7581441297269389313, ignoring (see FAQ for details)
2025-12-08 12:13:15 - WARNING - Security error while unpacking a received message: Too many messages had to be ignored consecutively
2025-12-08 12:13:15 - WARNING - Server sent a very old message with ID 7581441304988347393, ignoring (see FAQ for details)
2025-12-08 12:13:15 - WARNING - Security error while unpacking a received message: Too many messages had to be ignored consecutively
2025-12-08 12:13:15 - WARNING - Server sent a very old message with ID 7581441340229412865, ignoring (see FAQ for details)
2025-12-08 12:13:15 - WARNING - Security error while unpacking a received message: Too many messages had to be ignored consecutively
2025-12-08 12:13:15 - WARNING - Server sent a very old message with ID 7581441340747113473, ignoring (see FAQ for details)
2025-12-08 12:13:15 - WARNING - Security error while unpacking a received message: Too many messages had to be ignored consecutively
2025-12-08 12:13:15 - WARNING - Server sent a very old message with ID 7581441343446776833, ignoring (see FAQ for details)
2025-12-08 12:13:15 - WARNING - Security error while unpacking a received message: Too many messages had to be ignored consecutively
2025-12-08 12:13:15 - WARNING - Server sent a very old message with ID 7581441354297194497, ignoring (see FAQ for details)
2025-12-08 12:13:15 - WARNING - Security error while unpacking a received message: Too many messages had to be ignored consecutively
2025-12-08 12:13:15 - WARNING - Server sent a very old message with ID 7581441360836921345, ignoring (see FAQ for details)
2025-12-08 12:13:15 - WARNING - Security error while unpacking a received message: Too many messages had to be ignored consecutively
2025-12-08 12:13:15 - WARNING - Server sent a very old message with ID 7581441374595928065, ignoring (see FAQ for details)
2025-12-08 12:13:15 - WARNING - Security error while unpacking a received message: Too many messages had to be ignored consecutively
2025-12-08 12:13:15 - WARNING - Server sent a very old message with ID 7581441375686478849, ignoring (see FAQ for details)
2025-12-08 12:13:15 - WARNING - Security error while unpacking a received message: Too many messages had to be ignored consecutively
2025-12-08 12:13:15 - WARNING - Server sent a very old message with ID 7581441386032760833, ignoring (see FAQ for details)
2025-12-08 12:13:15 - WARNING - Security error while unpacking a received message: Too many messages had to be ignored consecutively
2025-12-08 12:13:15 - WARNING - Server sent a very old message with ID 7581441393881179137, ignoring (see FAQ for details)
2025-12-08 12:13:15 - WARNING - Security error while unpacking a received message: Too many messages had to be ignored consecutively
2025-12-08 12:13:15 - WARNING - Server sent a very old message with ID 7581441398577832961, ignoring (see FAQ for details)
2025-12-08 12:13:15 - WARNING - Security error while unpacking a received message: Too many messages had to be ignored consecutively
2025-12-08 12:13:15 - WARNING - Server sent a very old message with ID 7581441407506752513, ignoring (see FAQ for details)
2025-12-08 12:13:15 - WARNING - Security error while unpacking a received message: Too many messages had to be ignored consecutively
2025-12-08 12:13:15 - WARNING - Server sent a very old message with ID 7581441421061668865, ignoring (see FAQ for details)
2025-12-08 12:13:15 - WARNING - Security error while unpacking a received message: Too many messages had to be ignored consecutively
2025-12-08 12:13:15 - WARNING - Server sent a very old message with ID 7581441468467065857, ignoring (see FAQ for details)
2025-12-08 12:13:15 - WARNING - Security error while unpacking a received message: Too many messages had to be ignored consecutively
2025-12-08 12:13:15 - WARNING - Server sent a very old message with ID 7581441477977498625, ignoring (see FAQ for details)
2025-12-08 12:13:15 - WARNING - Security error while unpacking a received message: Too many messages had to be ignored consecutively
2025-12-08 12:13:15 - WARNING - Server sent a very old message with ID 7581441478108999681, ignoring (see FAQ for details)
2025-12-08 12:13:15 - WARNING - Security error while unpacking a received message: Too many messages had to be ignored consecutively
2025-12-08 12:13:15 - WARNING - Server sent a very old message with ID 7581441481480452097, ignoring (see FAQ for details)
2025-12-08 12:13:15 - WARNING - Security error while unpacking a received message: Too many messages had to be ignored consecutively
2025-12-08 12:13:15 - WARNING - Server sent a very old message with ID 7581441482246572033, ignoring (see FAQ for details)
2025-12-08 12:13:15 - WARNING - Security error while unpacking a received message: Too many messages had to be ignored consecutively
2025-12-08 12:13:15 - WARNING - Server sent a very old message with ID 7581441497586763777, ignoring (see FAQ for details)
2025-12-08 12:13:15 - WARNING - Security error while unpacking a received message: Too many messages had to be ignored consecutively
2025-12-08 12:13:15 - WARNING - Server sent a very old message with ID 7581441514224418821, ignoring (see FAQ for details)
2025-12-08 12:13:15 - WARNING - Security error while unpacking a received message: Too many messages had to be ignored consecutively
2025-12-08 12:13:15 - WARNING - Server sent a very old message with ID 7581441514224418817, ignoring (see FAQ for details)
2025-12-08 12:13:15 - WARNING - Security error while unpacking a received message: Too many messages had to be ignored consecutively
2025-12-08 12:13:15 - WARNING - Server sent a very old message with ID 7581441532374418433, ignoring (see FAQ for details)
2025-12-08 12:13:15 - WARNING - Security error while unpacking a received message: Too many messages had to be ignored consecutively
2025-12-08 12:13:15 - WARNING - Server sent a very old message with ID 7581441590536842241, ignoring (see FAQ for details)
2025-12-08 12:13:15 - WARNING - Security error while unpacking a received message: Too many messages had to be ignored consecutively
2025-12-08 12:13:15 - WARNING - Server sent a very old message with ID 7581441591991589889, ignoring (see FAQ for details)
2025-12-08 12:13:15 - WARNING - Security error while unpacking a received message: Too many messages had to be ignored consecutively
2025-12-08 12:13:15 - WARNING - Server sent a very old message with ID 7581441603456607233, ignoring (see FAQ for details)
2025-12-08 12:13:15 - WARNING - Security error while unpacking a received message: Too many messages had to be ignored consecutively
2025-12-08 12:13:15 - WARNING - Server sent a very old message with ID 7581441604563335169, ignoring (see FAQ for details)
2025-12-08 12:13:15 - WARNING - Security error while unpacking a received message: Too many messages had to be ignored consecutively
2025-12-08 12:13:15 - WARNING - Server sent a very old message with ID 7581441615457625089, ignoring (see FAQ for details)
2025-12-08 12:13:15 - WARNING - Security error while unpacking a received message: Too many messages had to be ignored consecutively
2025-12-08 12:13:15 - WARNING - Server sent a very old message with ID 7581441622259160065, ignoring (see FAQ for details)
2025-12-08 12:13:15 - WARNING - Security error while unpacking a received message: Too many messages had to be ignored consecutively
2025-12-08 12:13:15 - WARNING - Server sent a very old message with ID 7581441649783630849, ignoring (see FAQ for details)
2025-12-08 12:13:15 - WARNING - Security error while unpacking a received message: Too many messages had to be ignored consecutively
2025-12-08 12:13:15 - WARNING - Server sent a very old message with ID 7581441649783630853, ignoring (see FAQ for details)
2025-12-08 12:13:15 - WARNING - Security error while unpacking a received message: Too many messages had to be ignored consecutively
2025-12-08 12:13:15 - WARNING - Server sent a very old message with ID 7581441677425912833, ignoring (see FAQ for details)
2025-12-08 12:13:15 - WARNING - Security error while unpacking a received message: Too many messages had to be ignored consecutively
2025-12-08 12:13:15 - WARNING - Server sent a very old message with ID 7581441681863224321, ignoring (see FAQ for details)
2025-12-08 12:13:15 - WARNING - Security error while unpacking a received message: Too many messages had to be ignored consecutively
2025-12-08 12:13:15 - WARNING - Server sent a very old message with ID 7581441685159632897, ignoring (see FAQ for details)
2025-12-08 12:13:15 - WARNING - Security error while unpacking a received message: Too many messages had to be ignored consecutively
2025-12-08 12:13:15 - WARNING - Server sent a very old message with ID 7581441733365011457, ignoring (see FAQ for details)
2025-12-08 12:13:15 - WARNING - Security error while unpacking a received message: Too many messages had to be ignored consecutively
2025-12-08 12:13:15 - WARNING - Server sent a very old message with ID 7581441734685031425, ignoring (see FAQ for details)
2025-12-08 12:13:15 - WARNING - Security error while unpacking a received message: Too many messages had to be ignored consecutively
2025-12-08 12:13:15 - WARNING - Server sent a very old message with ID 7581441764443338753, ignoring (see FAQ for details)
2025-12-08 12:13:15 - WARNING - Security error while unpacking a received message: Too many messages had to be ignored consecutively
2025-12-08 12:13:15 - WARNING - Server sent a very old message with ID 7581441775264501761, ignoring (see FAQ for details)
2025-12-08 12:13:15 - WARNING - Security error while unpacking a received message: Too many messages had to be ignored consecutively
2025-12-08 12:13:15 - WARNING - Server sent a very old message with ID 7581441781770883073, ignoring (see FAQ for details)
2025-12-08 12:13:15 - WARNING - Security error while unpacking a received message: Too many messages had to be ignored consecutively
2025-12-08 12:13:15 - WARNING - Server sent a very old message with ID 7581441783972495361, ignoring (see FAQ for details)
2025-12-08 12:13:15 - WARNING - Security error while unpacking a received message: Too many messages had to be ignored consecutively
2025-12-08 12:13:15 - WARNING - Server sent a very old message with ID 7581441789380203521, ignoring (see FAQ for details)
2025-12-08 12:13:15 - WARNING - Security error while unpacking a received message: Too many messages had to be ignored consecutively
2025-12-08 12:13:15 - WARNING - Server sent a very old message with ID 7581441795996930049, ignoring (see FAQ for details)
2025-12-08 12:13:15 - WARNING - Security error while unpacking a received message: Too many messages had to be ignored consecutively
2025-12-08 12:13:15 - WARNING - Server sent a very old message with ID 7581441803915055105, ignoring (see FAQ for details)
2025-12-08 12:13:15 - WARNING - Security error while unpacking a received message: Too many messages had to be ignored consecutively
2025-12-08 12:13:15 - WARNING - Server sent a very old message with ID 7581441804877493249, ignoring (see FAQ for details)
2025-12-08 12:13:15 - WARNING - Security error while unpacking a received message: Too many messages had to be ignored consecutively
2025-12-08 12:13:15 - WARNING - Server sent a very old message with ID 7581441841087418369, ignoring (see FAQ for details)
2025-12-08 12:13:15 - WARNING - Security error while unpacking a received message: Too many messages had to be ignored consecutively
2025-12-08 12:13:15 - WARNING - Server sent a very old message with ID 7581441842131019777, ignoring (see FAQ for details)
2025-12-08 12:13:15 - WARNING - Security error while unpacking a received message: Too many messages had to be ignored consecutively
2025-12-08 12:13:15 - WARNING - Server sent a very old message with ID 7581441853296621569, ignoring (see FAQ for details)
2025-12-08 12:13:15 - WARNING - Security error while unpacking a received message: Too many messages had to be ignored consecutively
2025-12-08 12:13:15 - WARNING - Server sent a very old message with ID 7581441861962318849, ignoring (see FAQ for details)
2025-12-08 12:13:15 - WARNING - Security error while unpacking a received message: Too many messages had to be ignored consecutively
2025-12-08 12:13:15 - WARNING - Server sent a very old message with ID 7581441904361425921, ignoring (see FAQ for details)
2025-12-08 12:13:15 - WARNING - Security error while unpacking a received message: Too many messages had to be ignored consecutively
2025-12-08 12:13:15 - WARNING - Server sent a very old message with ID 7581441907603080193, ignoring (see FAQ for details)
2025-12-08 12:13:15 - WARNING - Security error while unpacking a received message: Too many messages had to be ignored consecutively
2025-12-08 12:13:15 - WARNING - Server sent a very old message with ID 7581441916216333313, ignoring (see FAQ for details)
2025-12-08 12:13:15 - WARNING - Security error while unpacking a received message: Too many messages had to be ignored consecutively
2025-12-08 12:13:15 - WARNING - Server sent a very old message with ID 7581441917775358977, ignoring (see FAQ for details)
2025-12-08 12:13:15 - WARNING - Security error while unpacking a received message: Too many messages had to be ignored consecutively
2025-12-08 12:13:15 - WARNING - Server sent a very old message with ID 7581441925969906689, ignoring (see FAQ for details)
2025-12-08 12:13:15 - WARNING - Security error while unpacking a received message: Too many messages had to be ignored consecutively
2025-12-08 12:13:15 - WARNING - Server sent a very old message with ID 7581441935405978625, ignoring (see FAQ for details)
2025-12-08 12:13:15 - WARNING - Security error while unpacking a received message: Too many messages had to be ignored consecutively
2025-12-08 12:13:15 - WARNING - Server sent a very old message with ID 7581441939718036481, ignoring (see FAQ for details)
2025-12-08 12:13:15 - WARNING - Security error while unpacking a received message: Too many messages had to be ignored consecutively
2025-12-08 12:13:15 - WARNING - Server sent a very old message with ID 7581441990666278913, ignoring (see FAQ for details)
2025-12-08 12:13:15 - WARNING - Security error while unpacking a received message: Too many messages had to be ignored consecutively
2025-12-08 12:13:15 - WARNING - Server sent a very old message with ID 7581442020742529025, ignoring (see FAQ for details)
2025-12-08 12:13:15 - WARNING - Security error while unpacking a received message: Too many messages had to be ignored consecutively
2025-12-08 12:13:15 - WARNING - Server sent a very old message with ID 7581442020989092865, ignoring (see FAQ for details)
2025-12-08 12:13:15 - WARNING - Security error while unpacking a received message: Too many messages had to be ignored consecutively
2025-12-08 12:13:15 - WARNING - Server sent a very old message with ID 7581442029838078977, ignoring (see FAQ for details)
2025-12-08 12:13:15 - WARNING - Security error while unpacking a received message: Too many messages had to be ignored consecutively
2025-12-08 12:13:15 - WARNING - Server sent a very old message with ID 7581442072093132801, ignoring (see FAQ for details)
2025-12-08 12:13:15 - WARNING - Security error while unpacking a received message: Too many messages had to be ignored consecutively
2025-12-08 12:13:15 - WARNING - Server sent a very old message with ID 7581442082492141569, ignoring (see FAQ for details)
2025-12-08 12:13:15 - WARNING - Security error while unpacking a received message: Too many messages had to be ignored consecutively
2025-12-08 12:13:15 - WARNING - Server sent a very old message with ID 7581442092869140481, ignoring (see FAQ for details)
2025-12-08 12:13:15 - WARNING - Security error while unpacking a received message: Too many messages had to be ignored consecutively
2025-12-08 12:13:15 - WARNING - Server sent a very old message with ID 7581442114733342721, ignoring (see FAQ for details)
2025-12-08 12:13:15 - WARNING - Security error while unpacking a received message: Too many messages had to be ignored consecutively
2025-12-08 12:13:15 - WARNING - Server sent a very old message with ID 7581442166098597889, ignoring (see FAQ for details)
2025-12-08 12:13:15 - WARNING - Security error while unpacking a received message: Too many messages had to be ignored consecutively
2025-12-08 12:13:15 - WARNING - Server sent a very old message with ID 7581442200952628225, ignoring (see FAQ for details)
2025-12-08 12:13:15 - WARNING - Security error while unpacking a received message: Too many messages had to be ignored consecutively
2025-12-08 12:13:15 - WARNING - Server sent a very old message with ID 7581442207007820801, ignoring (see FAQ for details)
2025-12-08 12:13:15 - WARNING - Security error while unpacking a received message: Too many messages had to be ignored consecutively
2025-12-08 12:13:15 - WARNING - Server sent a very old message with ID 7581442245282112513, ignoring (see FAQ for details)
2025-12-08 12:13:15 - WARNING - Security error while unpacking a received message: Too many messages had to be ignored consecutively
2025-12-08 12:13:15 - WARNING - Server sent a very old message with ID 7581442259261431809, ignoring (see FAQ for details)
2025-12-08 12:13:15 - WARNING - Security error while unpacking a received message: Too many messages had to be ignored consecutively
2025-12-08 12:13:15 - WARNING - Server sent a very old message with ID 7581442275844706305, ignoring (see FAQ for details)
2025-12-08 12:13:15 - WARNING - Security error while unpacking a received message: Too many messages had to be ignored consecutively
2025-12-08 12:13:15 - WARNING - Server sent a very old message with ID 7581442290450595841, ignoring (see FAQ for details)
2025-12-08 12:13:15 - WARNING - Security error while unpacking a received message: Too many messages had to be ignored consecutively
2025-12-08 12:13:15 - WARNING - Server sent a very old message with ID 7581442294814742529, ignoring (see FAQ for details)
2025-12-08 12:13:15 - WARNING - Security error while unpacking a received message: Too many messages had to be ignored consecutively
2025-12-08 12:13:15 - WARNING - Server sent a very old message with ID 7581442295653268481, ignoring (see FAQ for details)
2025-12-08 12:13:15 - WARNING - Security error while unpacking a received message: Too many messages had to be ignored consecutively
2025-12-08 12:13:15 - WARNING - Server sent a very old message with ID 7581442301781350401, ignoring (see FAQ for details)
2025-12-08 12:13:15 - WARNING - Security error while unpacking a received message: Too many messages had to be ignored consecutively
2025-12-08 12:13:15 - WARNING - Server sent a very old message with ID 7581442316268923905, ignoring (see FAQ for details)
2025-12-08 12:13:15 - WARNING - Security error while unpacking a received message: Too many messages had to be ignored consecutively
2025-12-08 12:13:15 - WARNING - Server sent a very old message with ID 7581442332238357505, ignoring (see FAQ for details)
2025-12-08 12:13:15 - WARNING - Security error while unpacking a received message: Too many messages had to be ignored consecutively
2025-12-08 12:13:15 - INFO - Got difference for channel 1429590454 updates
2025-12-08 12:13:15 - INFO - Got difference for account updates
2025-12-08 12:13:18 - INFO - login start
2025-12-08 12:13:36 - INFO - Контент функции get_payment: В данный момент запись невозможна.
2025-12-08 12:13:36 - INFO - Содержание функции login: None
2025-12-08 12:23:36 - WARNING - Server sent a very old message with ID 7581443734784789505, ignoring (see FAQ for details)
2025-12-08 12:23:36 - WARNING - Server sent a very old message with ID 7581443746264019969, ignoring (see FAQ for details)
2025-12-08 12:23:36 - WARNING - Server sent a very old message with ID 7581443764734332929, ignoring (see FAQ for details)
2025-12-08 12:23:36 - WARNING - Server sent a very old message with ID 7581443787015026689, ignoring (see FAQ for details)
2025-12-08 12:23:36 - WARNING - Server sent a very old message with ID 7581443806655068161, ignoring (see FAQ for details)
2025-12-08 12:23:36 - WARNING - Server sent a very old message with ID 7581443807345519617, ignoring (see FAQ for details)
2025-12-08 12:23:36 - WARNING - Server sent a very old message with ID 7581443809605760001, ignoring (see FAQ for details)
2025-12-08 12:23:36 - WARNING - Server sent a very old message with ID 7581443814897520641, ignoring (see FAQ for details)
2025-12-08 12:23:36 - WARNING - Server sent a very old message with ID 7581443828738271233, ignoring (see FAQ for details)
2025-12-08 12:23:36 - WARNING - Server sent a very old message with ID 7581443857116167169, ignoring (see FAQ for details)
2025-12-08 12:23:36 - WARNING - Security error while unpacking a received message: Too many messages had to be ignored consecutively
2025-12-08 12:23:36 - WARNING - Server sent a very old message with ID 7581443876129254401, ignoring (see FAQ for details)
2025-12-08 12:23:36 - WARNING - Security error while unpacking a received message: Too many messages had to be ignored consecutively
2025-12-08 12:23:36 - WARNING - Server sent a very old message with ID 7581443884984256513, ignoring (see FAQ for details)
2025-12-08 12:23:36 - WARNING - Security error while unpacking a received message: Too many messages had to be ignored consecutively
2025-12-08 12:23:36 - WARNING - Server sent a very old message with ID 7581443887348404225, ignoring (see FAQ for details)
2025-12-08 12:23:36 - WARNING - Security error while unpacking a received message: Too many messages had to be ignored consecutively
2025-12-08 12:23:36 - WARNING - Server sent a very old message with ID 7581443891112047617, ignoring (see FAQ for details)
2025-12-08 12:23:36 - WARNING - Security error while unpacking a received message: Too many messages had to be ignored consecutively
2025-12-08 12:23:36 - WARNING - Server sent a very old message with ID 7581443911229472769, ignoring (see FAQ for details)
2025-12-08 12:23:36 - WARNING - Security error while unpacking a received message: Too many messages had to be ignored consecutively
2025-12-08 12:23:36 - WARNING - Server sent a very old message with ID 7581443912855330817, ignoring (see FAQ for details)
2025-12-08 12:23:36 - WARNING - Security error while unpacking a received message: Too many messages had to be ignored consecutively
2025-12-08 12:23:36 - WARNING - Server sent a very old message with ID 7581443919485919233, ignoring (see FAQ for details)
2025-12-08 12:23:36 - WARNING - Security error while unpacking a received message: Too many messages had to be ignored consecutively
2025-12-08 12:23:36 - WARNING - Server sent a very old message with ID 7581443926856803329, ignoring (see FAQ for details)
2025-12-08 12:23:36 - WARNING - Security error while unpacking a received message: Too many messages had to be ignored consecutively
2025-12-08 12:23:36 - WARNING - Server sent a very old message with ID 7581443935086370817, ignoring (see FAQ for details)
2025-12-08 12:23:36 - WARNING - Security error while unpacking a received message: Too many messages had to be ignored consecutively
2025-12-08 12:23:36 - WARNING - Server sent a very old message with ID 7581443972611575809, ignoring (see FAQ for details)
2025-12-08 12:23:36 - WARNING - Security error while unpacking a received message: Too many messages had to be ignored consecutively
2025-12-08 12:23:36 - WARNING - Server sent a very old message with ID 7581444021238276097, ignoring (see FAQ for details)
2025-12-08 12:23:36 - WARNING - Security error while unpacking a received message: Too many messages had to be ignored consecutively
2025-12-08 12:23:36 - WARNING - Server sent a very old message with ID 7581444021249029121, ignoring (see FAQ for details)
2025-12-08 12:23:36 - WARNING - Security error while unpacking a received message: Too many messages had to be ignored consecutively
2025-12-08 12:23:36 - WARNING - Server sent a very old message with ID 7581444044654721025, ignoring (see FAQ for details)
2025-12-08 12:23:36 - WARNING - Security error while unpacking a received message: Too many messages had to be ignored consecutively
2025-12-08 12:23:36 - WARNING - Server sent a very old message with ID 7581444048620832769, ignoring (see FAQ for details)
2025-12-08 12:23:36 - WARNING - Security error while unpacking a received message: Too many messages had to be ignored consecutively
2025-12-08 12:23:36 - WARNING - Server sent a very old message with ID 7581444053698375681, ignoring (see FAQ for details)
2025-12-08 12:23:36 - WARNING - Security error while unpacking a received message: Too many messages had to be ignored consecutively
2025-12-08 12:23:36 - WARNING - Server sent a very old message with ID 7581444060054546433, ignoring (see FAQ for details)
2025-12-08 12:23:36 - WARNING - Security error while unpacking a received message: Too many messages had to be ignored consecutively
2025-12-08 12:23:36 - WARNING - Server sent a very old message with ID 7581444076951900161, ignoring (see FAQ for details)
2025-12-08 12:23:36 - WARNING - Security error while unpacking a received message: Too many messages had to be ignored consecutively
2025-12-08 12:23:36 - WARNING - Server sent a very old message with ID 7581444105962796033, ignoring (see FAQ for details)
2025-12-08 12:23:36 - WARNING - Security error while unpacking a received message: Too many messages had to be ignored consecutively
2025-12-08 12:23:36 - WARNING - Server sent a very old message with ID 7581444154018463745, ignoring (see FAQ for details)
2025-12-08 12:23:36 - WARNING - Security error while unpacking a received message: Too many messages had to be ignored consecutively
2025-12-08 12:23:36 - WARNING - Server sent a very old message with ID 7581444158083176449, ignoring (see FAQ for details)
2025-12-08 12:23:36 - WARNING - Security error while unpacking a received message: Too many messages had to be ignored consecutively
2025-12-08 12:23:36 - WARNING - Server sent a very old message with ID 7581444163591620609, ignoring (see FAQ for details)
2025-12-08 12:23:36 - WARNING - Security error while unpacking a received message: Too many messages had to be ignored consecutively
2025-12-08 12:23:36 - WARNING - Server sent a very old message with ID 7581444174913431553, ignoring (see FAQ for details)
2025-12-08 12:23:36 - WARNING - Security error while unpacking a received message: Too many messages had to be ignored consecutively
2025-12-08 12:23:36 - WARNING - Server sent a very old message with ID 7581444176903158785, ignoring (see FAQ for details)
2025-12-08 12:23:36 - WARNING - Security error while unpacking a received message: Too many messages had to be ignored consecutively
2025-12-08 12:23:36 - WARNING - Server sent a very old message with ID 7581444184773723137, ignoring (see FAQ for details)
2025-12-08 12:23:36 - WARNING - Security error while unpacking a received message: Too many messages had to be ignored consecutively
2025-12-08 12:23:36 - WARNING - Server sent a very old message with ID 7581444209362268161, ignoring (see FAQ for details)
2025-12-08 12:23:36 - WARNING - Security error while unpacking a received message: Too many messages had to be ignored consecutively
2025-12-08 12:23:36 - WARNING - Server sent a very old message with ID 7581444230214767617, ignoring (see FAQ for details)
2025-12-08 12:23:36 - WARNING - Security error while unpacking a received message: Too many messages had to be ignored consecutively
2025-12-08 12:23:36 - WARNING - Server sent a very old message with ID 7581444310633140225, ignoring (see FAQ for details)
2025-12-08 12:23:36 - WARNING - Security error while unpacking a received message: Too many messages had to be ignored consecutively
2025-12-08 12:23:36 - WARNING - Server sent a very old message with ID 7581444310633140229, ignoring (see FAQ for details)
2025-12-08 12:23:36 - WARNING - Security error while unpacking a received message: Too many messages had to be ignored consecutively
2025-12-08 12:23:36 - WARNING - Server sent a very old message with ID 7581444320867748865, ignoring (see FAQ for details)
2025-12-08 12:23:36 - WARNING - Security error while unpacking a received message: Too many messages had to be ignored consecutively
2025-12-08 12:23:36 - WARNING - Server sent a very old message with ID 7581444320867748869, ignoring (see FAQ for details)
2025-12-08 12:23:36 - WARNING - Security error while unpacking a received message: Too many messages had to be ignored consecutively
2025-12-08 12:23:36 - WARNING - Server sent a very old message with ID 7581444321866010625, ignoring (see FAQ for details)
2025-12-08 12:23:36 - WARNING - Security error while unpacking a received message: Too many messages had to be ignored consecutively
2025-12-08 12:23:36 - WARNING - Server sent a very old message with ID 7581444340221682689, ignoring (see FAQ for details)
2025-12-08 12:23:36 - WARNING - Security error while unpacking a received message: Too many messages had to be ignored consecutively
2025-12-08 12:23:36 - WARNING - Server sent a very old message with ID 7581444342498585601, ignoring (see FAQ for details)
2025-12-08 12:23:36 - WARNING - Security error while unpacking a received message: Too many messages had to be ignored consecutively
2025-12-08 12:23:36 - WARNING - Server sent a very old message with ID 7581444358078639105, ignoring (see FAQ for details)
2025-12-08 12:23:36 - WARNING - Security error while unpacking a received message: Too many messages had to be ignored consecutively
2025-12-08 12:23:36 - WARNING - Server sent a very old message with ID 7581444371054834689, ignoring (see FAQ for details)
2025-12-08 12:23:36 - WARNING - Security error while unpacking a received message: Too many messages had to be ignored consecutively
2025-12-08 12:23:36 - WARNING - Server sent a very old message with ID 7581444372553210881, ignoring (see FAQ for details)
2025-12-08 12:23:36 - WARNING - Security error while unpacking a received message: Too many messages had to be ignored consecutively
2025-12-08 12:23:36 - WARNING - Server sent a very old message with ID 7581444374438650881, ignoring (see FAQ for details)
2025-12-08 12:23:36 - WARNING - Security error while unpacking a received message: Too many messages had to be ignored consecutively
2025-12-08 12:23:36 - WARNING - Server sent a very old message with ID 7581444384589663233, ignoring (see FAQ for details)
2025-12-08 12:23:36 - WARNING - Security error while unpacking a received message: Too many messages had to be ignored consecutively
2025-12-08 12:23:36 - WARNING - Server sent a very old message with ID 7581444385430437889, ignoring (see FAQ for details)
2025-12-08 12:23:36 - WARNING - Security error while unpacking a received message: Too many messages had to be ignored consecutively
2025-12-08 12:23:36 - WARNING - Server sent a very old message with ID 7581444391474311169, ignoring (see FAQ for details)
2025-12-08 12:23:36 - WARNING - Security error while unpacking a received message: Too many messages had to be ignored consecutively
2025-12-08 12:23:36 - WARNING - Server sent a very old message with ID 7581444393742104577, ignoring (see FAQ for details)
2025-12-08 12:23:36 - WARNING - Security error while unpacking a received message: Too many messages had to be ignored consecutively
2025-12-08 12:23:36 - WARNING - Server sent a very old message with ID 7581444423517280257, ignoring (see FAQ for details)
2025-12-08 12:23:36 - WARNING - Security error while unpacking a received message: Too many messages had to be ignored consecutively
2025-12-08 12:23:36 - WARNING - Server sent a very old message with ID 7581444427407328257, ignoring (see FAQ for details)
2025-12-08 12:23:36 - WARNING - Security error while unpacking a received message: Too many messages had to be ignored consecutively
2025-12-08 12:23:36 - WARNING - Server sent a very old message with ID 7581444441685793793, ignoring (see FAQ for details)
2025-12-08 12:23:36 - WARNING - Security error while unpacking a received message: Too many messages had to be ignored consecutively
2025-12-08 12:23:36 - WARNING - Server sent a very old message with ID 7581444465353091073, ignoring (see FAQ for details)
2025-12-08 12:23:36 - WARNING - Security error while unpacking a received message: Too many messages had to be ignored consecutively
2025-12-08 12:23:36 - WARNING - Server sent a very old message with ID 7581444468603147265, ignoring (see FAQ for details)
2025-12-08 12:23:36 - WARNING - Security error while unpacking a received message: Too many messages had to be ignored consecutively
2025-12-08 12:23:36 - WARNING - Server sent a very old message with ID 7581444472035073025, ignoring (see FAQ for details)
2025-12-08 12:23:36 - WARNING - Security error while unpacking a received message: Too many messages had to be ignored consecutively
2025-12-08 12:23:36 - WARNING - Server sent a very old message with ID 7581444479911616513, ignoring (see FAQ for details)
2025-12-08 12:23:36 - WARNING - Security error while unpacking a received message: Too many messages had to be ignored consecutively
2025-12-08 12:23:36 - WARNING - Server sent a very old message with ID 7581444484825380865, ignoring (see FAQ for details)
2025-12-08 12:23:36 - WARNING - Security error while unpacking a received message: Too many messages had to be ignored consecutively
2025-12-08 12:23:36 - WARNING - Server sent a very old message with ID 7581444485898708993, ignoring (see FAQ for details)
2025-12-08 12:23:36 - WARNING - Security error while unpacking a received message: Too many messages had to be ignored consecutively
2025-12-08 12:23:36 - WARNING - Server sent a very old message with ID 7581444488007171073, ignoring (see FAQ for details)
2025-12-08 12:23:36 - WARNING - Security error while unpacking a received message: Too many messages had to be ignored consecutively
2025-12-08 12:23:36 - WARNING - Server sent a very old message with ID 7581444489544195073, ignoring (see FAQ for details)
2025-12-08 12:23:36 - WARNING - Security error while unpacking a received message: Too many messages had to be ignored consecutively
2025-12-08 12:23:36 - WARNING - Server sent a very old message with ID 7581444497904563201, ignoring (see FAQ for details)
2025-12-08 12:23:36 - WARNING - Security error while unpacking a received message: Too many messages had to be ignored consecutively
2025-12-08 12:23:36 - WARNING - Server sent a very old message with ID 7581444505866377217, ignoring (see FAQ for details)
2025-12-08 12:23:36 - WARNING - Security error while unpacking a received message: Too many messages had to be ignored consecutively
2025-12-08 12:23:36 - WARNING - Server sent a very old message with ID 7581444543321232385, ignoring (see FAQ for details)
2025-12-08 12:23:36 - WARNING - Security error while unpacking a received message: Too many messages had to be ignored consecutively
2025-12-08 12:23:36 - WARNING - Server sent a very old message with ID 7581444547049606145, ignoring (see FAQ for details)
2025-12-08 12:23:36 - WARNING - Security error while unpacking a received message: Too many messages had to be ignored consecutively
2025-12-08 12:23:36 - WARNING - Server sent a very old message with ID 7581444547176109057, ignoring (see FAQ for details)
2025-12-08 12:23:36 - WARNING - Security error while unpacking a received message: Too many messages had to be ignored consecutively
2025-12-08 12:23:36 - WARNING - Server sent a very old message with ID 7581444552716622849, ignoring (see FAQ for details)
2025-12-08 12:23:36 - WARNING - Security error while unpacking a received message: Too many messages had to be ignored consecutively
2025-12-08 12:23:36 - WARNING - Server sent a very old message with ID 7581444556672970753, ignoring (see FAQ for details)
2025-12-08 12:23:36 - WARNING - Security error while unpacking a received message: Too many messages had to be ignored consecutively
2025-12-08 12:23:36 - WARNING - Server sent a very old message with ID 7581444556843288577, ignoring (see FAQ for details)
2025-12-08 12:23:36 - WARNING - Security error while unpacking a received message: Too many messages had to be ignored consecutively
2025-12-08 12:23:36 - WARNING - Server sent a very old message with ID 7581444562181638145, ignoring (see FAQ for details)
2025-12-08 12:23:36 - WARNING - Security error while unpacking a received message: Too many messages had to be ignored consecutively
2025-12-08 12:23:36 - WARNING - Server sent a very old message with ID 7581444562324893697, ignoring (see FAQ for details)
2025-12-08 12:23:36 - WARNING - Security error while unpacking a received message: Too many messages had to be ignored consecutively
2025-12-08 12:23:36 - WARNING - Server sent a very old message with ID 7581444580218882049, ignoring (see FAQ for details)
2025-12-08 12:23:36 - WARNING - Security error while unpacking a received message: Too many messages had to be ignored consecutively
2025-12-08 12:23:36 - WARNING - Server sent a very old message with ID 7581444628356488193, ignoring (see FAQ for details)
2025-12-08 12:23:36 - WARNING - Security error while unpacking a received message: Too many messages had to be ignored consecutively
2025-12-08 12:23:36 - WARNING - Server sent a very old message with ID 7581444710064879625, ignoring (see FAQ for details)
2025-12-08 12:23:36 - WARNING - Security error while unpacking a received message: Too many messages had to be ignored consecutively
2025-12-08 12:23:36 - WARNING - Server sent a very old message with ID 7581444710064879633, ignoring (see FAQ for details)
2025-12-08 12:23:36 - WARNING - Security error while unpacking a received message: Too many messages had to be ignored consecutively
2025-12-08 12:23:36 - WARNING - Server sent a very old message with ID 7581444710064879629, ignoring (see FAQ for details)
2025-12-08 12:23:36 - WARNING - Security error while unpacking a received message: Too many messages had to be ignored consecutively
2025-12-08 12:23:36 - WARNING - Server sent a very old message with ID 7581444710064962561, ignoring (see FAQ for details)
2025-12-08 12:23:36 - WARNING - Security error while unpacking a received message: Too many messages had to be ignored consecutively
2025-12-08 12:23:36 - WARNING - Server sent a very old message with ID 7581444742102102017, ignoring (see FAQ for details)
2025-12-08 12:23:36 - WARNING - Security error while unpacking a received message: Too many messages had to be ignored consecutively
2025-12-08 12:23:36 - WARNING - Server sent a very old message with ID 7581444742102102021, ignoring (see FAQ for details)
2025-12-08 12:23:36 - WARNING - Security error while unpacking a received message: Too many messages had to be ignored consecutively
2025-12-08 12:23:36 - WARNING - Server sent a very old message with ID 7581444744684775425, ignoring (see FAQ for details)
2025-12-08 12:23:36 - WARNING - Security error while unpacking a received message: Too many messages had to be ignored consecutively
2025-12-08 12:23:36 - WARNING - Server sent a very old message with ID 7581444747039120385, ignoring (see FAQ for details)
2025-12-08 12:23:36 - WARNING - Security error while unpacking a received message: Too many messages had to be ignored consecutively
2025-12-08 12:23:36 - WARNING - Server sent a very old message with ID 7581444761991083009, ignoring (see FAQ for details)
2025-12-08 12:23:36 - WARNING - Security error while unpacking a received message: Too many messages had to be ignored consecutively
2025-12-08 12:23:36 - WARNING - Server sent a very old message with ID 7581444772039498753, ignoring (see FAQ for details)
2025-12-08 12:23:36 - WARNING - Security error while unpacking a received message: Too many messages had to be ignored consecutively
2025-12-08 12:23:36 - WARNING - Server sent a very old message with ID 7581444781682853889, ignoring (see FAQ for details)
2025-12-08 12:23:36 - WARNING - Security error while unpacking a received message: Too many messages had to be ignored consecutively
2025-12-08 12:23:36 - WARNING - Server sent a very old message with ID 7581444786636084225, ignoring (see FAQ for details)
2025-12-08 12:23:36 - WARNING - Security error while unpacking a received message: Too many messages had to be ignored consecutively
2025-12-08 12:23:36 - WARNING - Server sent a very old message with ID 7581444798961736705, ignoring (see FAQ for details)
2025-12-08 12:23:36 - WARNING - Security error while unpacking a received message: Too many messages had to be ignored consecutively
2025-12-08 12:23:36 - WARNING - Server sent a very old message with ID 7581444806352140289, ignoring (see FAQ for details)
2025-12-08 12:23:36 - WARNING - Security error while unpacking a received message: Too many messages had to be ignored consecutively
2025-12-08 12:23:36 - WARNING - Server sent a very old message with ID 7581444811270083585, ignoring (see FAQ for details)
2025-12-08 12:23:36 - WARNING - Security error while unpacking a received message: Too many messages had to be ignored consecutively
2025-12-08 12:23:36 - WARNING - Server sent a very old message with ID 7581444813632850945, ignoring (see FAQ for details)
2025-12-08 12:23:36 - WARNING - Security error while unpacking a received message: Too many messages had to be ignored consecutively
2025-12-08 12:23:36 - WARNING - Server sent a very old message with ID 7581444821297528833, ignoring (see FAQ for details)
2025-12-08 12:23:36 - WARNING - Security error while unpacking a received message: Too many messages had to be ignored consecutively
2025-12-08 12:23:36 - WARNING - Server sent a very old message with ID 7581444826467542017, ignoring (see FAQ for details)
2025-12-08 12:23:36 - WARNING - Security error while unpacking a received message: Too many messages had to be ignored consecutively
2025-12-08 12:23:36 - WARNING - Server sent a very old message with ID 7581444838880618497, ignoring (see FAQ for details)
2025-12-08 12:23:36 - WARNING - Security error while unpacking a received message: Too many messages had to be ignored consecutively
2025-12-08 12:23:36 - WARNING - Server sent a very old message with ID 7581444875239008257, ignoring (see FAQ for details)
2025-12-08 12:23:36 - WARNING - Security error while unpacking a received message: Too many messages had to be ignored consecutively
2025-12-08 12:23:36 - WARNING - Server sent a very old message with ID 7581444896829326337, ignoring (see FAQ for details)
2025-12-08 12:23:36 - WARNING - Security error while unpacking a received message: Too many messages had to be ignored consecutively
2025-12-08 12:23:36 - WARNING - Server sent a very old message with ID 7581444951049167873, ignoring (see FAQ for details)
2025-12-08 12:23:36 - WARNING - Security error while unpacking a received message: Too many messages had to be ignored consecutively
2025-12-08 12:23:37 - WARNING - Server sent a very old message with ID 7581444969431534593, ignoring (see FAQ for details)
2025-12-08 12:23:37 - WARNING - Security error while unpacking a received message: Too many messages had to be ignored consecutively
2025-12-08 12:23:37 - WARNING - Server sent a very old message with ID 7581444975926501377, ignoring (see FAQ for details)
2025-12-08 12:23:37 - WARNING - Security error while unpacking a received message: Too many messages had to be ignored consecutively
2025-12-08 12:23:37 - WARNING - Server sent a very old message with ID 7581445004017131521, ignoring (see FAQ for details)
2025-12-08 12:23:37 - WARNING - Security error while unpacking a received message: Too many messages had to be ignored consecutively
2025-12-08 12:23:37 - WARNING - Server sent a very old message with ID 7581445010559744001, ignoring (see FAQ for details)
2025-12-08 12:23:37 - WARNING - Security error while unpacking a received message: Too many messages had to be ignored consecutively
2025-12-08 12:23:37 - INFO - Got difference for channel 1518812505 updates
2025-12-08 12:23:37 - INFO - Got difference for channel 2660964783 updates
2025-12-08 12:23:37 - INFO - Got difference for channel 1469480309 updates
2025-12-08 12:23:37 - INFO - Got difference for channel 1910872988 updates
2025-12-08 12:23:37 - INFO - Got difference for channel 1588101140 updates
2025-12-08 12:23:39 - INFO - login start
2025-12-08 12:23:56 - INFO - Контент функции get_payment: В данный момент запись невозможна.
2025-12-08 12:23:56 - INFO - Содержание функции login: None
2025-12-08 12:34:08 - WARNING - Server sent a very old message with ID 7581446409878353921, ignoring (see FAQ for details)
2025-12-08 12:34:08 - WARNING - Server sent a very old message with ID 7581446418881160193, ignoring (see FAQ for details)
2025-12-08 12:34:08 - WARNING - Server sent a very old message with ID 7581446421043798017, ignoring (see FAQ for details)
2025-12-08 12:34:08 - WARNING - Server sent a very old message with ID 7581446435459631105, ignoring (see FAQ for details)
2025-12-08 12:34:08 - WARNING - Server sent a very old message with ID 7581446445681512449, ignoring (see FAQ for details)
2025-12-08 12:34:08 - WARNING - Server sent a very old message with ID 7581446450679769089, ignoring (see FAQ for details)
2025-12-08 12:34:08 - WARNING - Server sent a very old message with ID 7581446464924389377, ignoring (see FAQ for details)
2025-12-08 12:34:08 - WARNING - Server sent a very old message with ID 7581446468477599745, ignoring (see FAQ for details)
2025-12-08 12:34:08 - WARNING - Server sent a very old message with ID 7581446490133515265, ignoring (see FAQ for details)
2025-12-08 12:34:08 - WARNING - Server sent a very old message with ID 7581446507188428801, ignoring (see FAQ for details)
2025-12-08 12:34:08 - WARNING - Security error while unpacking a received message: Too many messages had to be ignored consecutively
2025-12-08 12:34:08 - WARNING - Server sent a very old message with ID 7581446528068850689, ignoring (see FAQ for details)
2025-12-08 12:34:08 - WARNING - Security error while unpacking a received message: Too many messages had to be ignored consecutively
2025-12-08 12:34:08 - WARNING - Server sent a very old message with ID 7581446533291900929, ignoring (see FAQ for details)
2025-12-08 12:34:08 - WARNING - Security error while unpacking a received message: Too many messages had to be ignored consecutively
2025-12-08 12:34:08 - WARNING - Server sent a very old message with ID 7581446573228990465, ignoring (see FAQ for details)
2025-12-08 12:34:08 - WARNING - Security error while unpacking a received message: Too many messages had to be ignored consecutively
2025-12-08 12:34:08 - WARNING - Server sent a very old message with ID 7581446597209886721, ignoring (see FAQ for details)
2025-12-08 12:34:08 - WARNING - Security error while unpacking a received message: Too many messages had to be ignored consecutively
2025-12-08 12:34:08 - WARNING - Server sent a very old message with ID 7581446611147321345, ignoring (see FAQ for details)
2025-12-08 12:34:08 - WARNING - Security error while unpacking a received message: Too many messages had to be ignored consecutively
2025-12-08 12:34:08 - WARNING - Server sent a very old message with ID 7581446625053217793, ignoring (see FAQ for details)
2025-12-08 12:34:08 - WARNING - Security error while unpacking a received message: Too many messages had to be ignored consecutively
2025-12-08 12:34:08 - WARNING - Server sent a very old message with ID 7581446635264902145, ignoring (see FAQ for details)
2025-12-08 12:34:08 - WARNING - Security error while unpacking a received message: Too many messages had to be ignored consecutively
2025-12-08 12:34:08 - WARNING - Server sent a very old message with ID 7581446641054575617, ignoring (see FAQ for details)
2025-12-08 12:34:08 - WARNING - Security error while unpacking a received message: Too many messages had to be ignored consecutively
2025-12-08 12:34:08 - WARNING - Server sent a very old message with ID 7581446641403710465, ignoring (see FAQ for details)
2025-12-08 12:34:08 - WARNING - Security error while unpacking a received message: Too many messages had to be ignored consecutively
2025-12-08 12:34:08 - WARNING - Server sent a very old message with ID 7581446646360272897, ignoring (see FAQ for details)
2025-12-08 12:34:08 - WARNING - Security error while unpacking a received message: Too many messages had to be ignored consecutively
2025-12-08 12:34:08 - WARNING - Server sent a very old message with ID 7581446647452048385, ignoring (see FAQ for details)
2025-12-08 12:34:08 - WARNING - Security error while unpacking a received message: Too many messages had to be ignored consecutively
2025-12-08 12:34:08 - WARNING - Server sent a very old message with ID 7581446657533633537, ignoring (see FAQ for details)
2025-12-08 12:34:08 - WARNING - Security error while unpacking a received message: Too many messages had to be ignored consecutively
2025-12-08 12:34:08 - WARNING - Server sent a very old message with ID 7581446670208953345, ignoring (see FAQ for details)
2025-12-08 12:34:08 - WARNING - Security error while unpacking a received message: Too many messages had to be ignored consecutively
2025-12-08 12:34:08 - WARNING - Server sent a very old message with ID 7581446670756430849, ignoring (see FAQ for details)
2025-12-08 12:34:08 - WARNING - Security error while unpacking a received message: Too many messages had to be ignored consecutively
2025-12-08 12:34:08 - WARNING - Server sent a very old message with ID 7581446683756962817, ignoring (see FAQ for details)
2025-12-08 12:34:08 - WARNING - Security error while unpacking a received message: Too many messages had to be ignored consecutively
2025-12-08 12:34:08 - WARNING - Server sent a very old message with ID 7581446747761526785, ignoring (see FAQ for details)
2025-12-08 12:34:08 - WARNING - Security error while unpacking a received message: Too many messages had to be ignored consecutively
2025-12-08 12:34:08 - WARNING - Server sent a very old message with ID 7581446759035279361, ignoring (see FAQ for details)
2025-12-08 12:34:08 - WARNING - Security error while unpacking a received message: Too many messages had to be ignored consecutively
2025-12-08 12:34:08 - WARNING - Server sent a very old message with ID 7581446760983650305, ignoring (see FAQ for details)
2025-12-08 12:34:08 - WARNING - Security error while unpacking a received message: Too many messages had to be ignored consecutively
2025-12-08 12:34:08 - WARNING - Server sent a very old message with ID 7581446774468003841, ignoring (see FAQ for details)
2025-12-08 12:34:08 - WARNING - Security error while unpacking a received message: Too many messages had to be ignored consecutively
2025-12-08 12:34:08 - WARNING - Server sent a very old message with ID 7581446794409570305, ignoring (see FAQ for details)
2025-12-08 12:34:08 - WARNING - Security error while unpacking a received message: Too many messages had to be ignored consecutively
2025-12-08 12:34:08 - WARNING - Server sent a very old message with ID 7581446818415328257, ignoring (see FAQ for details)
2025-12-08 12:34:08 - WARNING - Security error while unpacking a received message: Too many messages had to be ignored consecutively
2025-12-08 12:34:08 - WARNING - Server sent a very old message with ID 7581446823369939969, ignoring (see FAQ for details)
2025-12-08 12:34:08 - WARNING - Security error while unpacking a received message: Too many messages had to be ignored consecutively
2025-12-08 12:34:08 - WARNING - Server sent a very old message with ID 7581446874295651329, ignoring (see FAQ for details)
2025-12-08 12:34:08 - WARNING - Security error while unpacking a received message: Too many messages had to be ignored consecutively
2025-12-08 12:34:08 - WARNING - Server sent a very old message with ID 7581446908205832193, ignoring (see FAQ for details)
2025-12-08 12:34:08 - WARNING - Security error while unpacking a received message: Too many messages had to be ignored consecutively
2025-12-08 12:34:08 - WARNING - Server sent a very old message with ID 7581446922048149505, ignoring (see FAQ for details)
2025-12-08 12:34:08 - WARNING - Security error while unpacking a received message: Too many messages had to be ignored consecutively
2025-12-08 12:34:08 - WARNING - Server sent a very old message with ID 7581446929817859073, ignoring (see FAQ for details)
2025-12-08 12:34:08 - WARNING - Security error while unpacking a received message: Too many messages had to be ignored consecutively
2025-12-08 12:34:08 - WARNING - Server sent a very old message with ID 7581446936219496449, ignoring (see FAQ for details)
2025-12-08 12:34:08 - WARNING - Security error while unpacking a received message: Too many messages had to be ignored consecutively
2025-12-08 12:34:08 - WARNING - Server sent a very old message with ID 7581446953754034177, ignoring (see FAQ for details)
2025-12-08 12:34:08 - WARNING - Security error while unpacking a received message: Too many messages had to be ignored consecutively
2025-12-08 12:34:08 - WARNING - Server sent a very old message with ID 7581446954036120577, ignoring (see FAQ for details)
2025-12-08 12:34:08 - WARNING - Security error while unpacking a received message: Too many messages had to be ignored consecutively
2025-12-08 12:34:08 - WARNING - Server sent a very old message with ID 7581446965490765825, ignoring (see FAQ for details)
2025-12-08 12:34:08 - WARNING - Security error while unpacking a received message: Too many messages had to be ignored consecutively
2025-12-08 12:34:08 - WARNING - Server sent a very old message with ID 7581446974402252801, ignoring (see FAQ for details)
2025-12-08 12:34:08 - WARNING - Security error while unpacking a received message: Too many messages had to be ignored consecutively
2025-12-08 12:34:08 - WARNING - Server sent a very old message with ID 7581446978633647105, ignoring (see FAQ for details)
2025-12-08 12:34:08 - WARNING - Security error while unpacking a received message: Too many messages had to be ignored consecutively
2025-12-08 12:34:08 - WARNING - Server sent a very old message with ID 7581446979990130689, ignoring (see FAQ for details)
2025-12-08 12:34:08 - WARNING - Security error while unpacking a received message: Too many messages had to be ignored consecutively
2025-12-08 12:34:08 - WARNING - Server sent a very old message with ID 7581446996549069825, ignoring (see FAQ for details)
2025-12-08 12:34:08 - WARNING - Security error while unpacking a received message: Too many messages had to be ignored consecutively
2025-12-08 12:34:08 - WARNING - Server sent a very old message with ID 7581447019510397953, ignoring (see FAQ for details)
2025-12-08 12:34:08 - WARNING - Security error while unpacking a received message: Too many messages had to be ignored consecutively
2025-12-08 12:34:08 - WARNING - Server sent a very old message with ID 7581447032056160257, ignoring (see FAQ for details)
2025-12-08 12:34:08 - WARNING - Security error while unpacking a received message: Too many messages had to be ignored consecutively
2025-12-08 12:34:08 - WARNING - Server sent a very old message with ID 7581447052305600513, ignoring (see FAQ for details)
2025-12-08 12:34:08 - WARNING - Security error while unpacking a received message: Too many messages had to be ignored consecutively
2025-12-08 12:34:08 - WARNING - Server sent a very old message with ID 7581447065973709825, ignoring (see FAQ for details)
2025-12-08 12:34:08 - WARNING - Security error while unpacking a received message: Too many messages had to be ignored consecutively
2025-12-08 12:34:08 - WARNING - Server sent a very old message with ID 7581447077694311425, ignoring (see FAQ for details)
2025-12-08 12:34:08 - WARNING - Security error while unpacking a received message: Too many messages had to be ignored consecutively
2025-12-08 12:34:08 - WARNING - Server sent a very old message with ID 7581447087808145409, ignoring (see FAQ for details)
2025-12-08 12:34:08 - WARNING - Security error while unpacking a received message: Too many messages had to be ignored consecutively
2025-12-08 12:34:08 - WARNING - Server sent a very old message with ID 7581447100056668161, ignoring (see FAQ for details)
2025-12-08 12:34:08 - WARNING - Security error while unpacking a received message: Too many messages had to be ignored consecutively
2025-12-08 12:34:08 - WARNING - Server sent a very old message with ID 7581447119111150593, ignoring (see FAQ for details)
2025-12-08 12:34:08 - WARNING - Security error while unpacking a received message: Too many messages had to be ignored consecutively
2025-12-08 12:34:08 - WARNING - Server sent a very old message with ID 7581447120372608001, ignoring (see FAQ for details)
2025-12-08 12:34:08 - WARNING - Security error while unpacking a received message: Too many messages had to be ignored consecutively
2025-12-08 12:34:08 - WARNING - Server sent a very old message with ID 7581447123856173057, ignoring (see FAQ for details)
2025-12-08 12:34:08 - WARNING - Security error while unpacking a received message: Too many messages had to be ignored consecutively
2025-12-08 12:34:08 - WARNING - Server sent a very old message with ID 7581447124819053569, ignoring (see FAQ for details)
2025-12-08 12:34:08 - WARNING - Security error while unpacking a received message: Too many messages had to be ignored consecutively
2025-12-08 12:34:08 - WARNING - Server sent a very old message with ID 7581447146938505217, ignoring (see FAQ for details)
2025-12-08 12:34:08 - WARNING - Security error while unpacking a received message: Too many messages had to be ignored consecutively
2025-12-08 12:34:08 - WARNING - Server sent a very old message with ID 7581447155993815041, ignoring (see FAQ for details)
2025-12-08 12:34:08 - WARNING - Security error while unpacking a received message: Too many messages had to be ignored consecutively
2025-12-08 12:34:08 - WARNING - Server sent a very old message with ID 7581447156231731201, ignoring (see FAQ for details)
2025-12-08 12:34:08 - WARNING - Security error while unpacking a received message: Too many messages had to be ignored consecutively
2025-12-08 12:34:08 - WARNING - Server sent a very old message with ID 7581447205308782593, ignoring (see FAQ for details)
2025-12-08 12:34:08 - WARNING - Security error while unpacking a received message: Too many messages had to be ignored consecutively
2025-12-08 12:34:08 - WARNING - Server sent a very old message with ID 7581447212367763457, ignoring (see FAQ for details)
2025-12-08 12:34:08 - WARNING - Security error while unpacking a received message: Too many messages had to be ignored consecutively
2025-12-08 12:34:08 - WARNING - Server sent a very old message with ID 7581447225192287233, ignoring (see FAQ for details)
2025-12-08 12:34:08 - WARNING - Security error while unpacking a received message: Too many messages had to be ignored consecutively
2025-12-08 12:34:08 - WARNING - Server sent a very old message with ID 7581447240256149505, ignoring (see FAQ for details)
2025-12-08 12:34:08 - WARNING - Security error while unpacking a received message: Too many messages had to be ignored consecutively
2025-12-08 12:34:08 - WARNING - Server sent a very old message with ID 7581447262516736001, ignoring (see FAQ for details)
2025-12-08 12:34:08 - WARNING - Security error while unpacking a received message: Too many messages had to be ignored consecutively
2025-12-08 12:34:08 - WARNING - Server sent a very old message with ID 7581447285114160129, ignoring (see FAQ for details)
2025-12-08 12:34:08 - WARNING - Security error while unpacking a received message: Too many messages had to be ignored consecutively
2025-12-08 12:34:08 - WARNING - Server sent a very old message with ID 7581447295429985281, ignoring (see FAQ for details)
2025-12-08 12:34:08 - WARNING - Security error while unpacking a received message: Too many messages had to be ignored consecutively
2025-12-08 12:34:08 - WARNING - Server sent a very old message with ID 7581447324665900033, ignoring (see FAQ for details)
2025-12-08 12:34:08 - WARNING - Security error while unpacking a received message: Too many messages had to be ignored consecutively
2025-12-08 12:34:08 - WARNING - Server sent a very old message with ID 7581447361440162817, ignoring (see FAQ for details)
2025-12-08 12:34:08 - WARNING - Security error while unpacking a received message: Too many messages had to be ignored consecutively
2025-12-08 12:34:08 - WARNING - Server sent a very old message with ID 7581447395041373185, ignoring (see FAQ for details)
2025-12-08 12:34:08 - WARNING - Security error while unpacking a received message: Too many messages had to be ignored consecutively
2025-12-08 12:34:08 - WARNING - Server sent a very old message with ID 7581447395054443521, ignoring (see FAQ for details)
2025-12-08 12:34:08 - WARNING - Security error while unpacking a received message: Too many messages had to be ignored consecutively
2025-12-08 12:34:08 - WARNING - Server sent a very old message with ID 7581447401377126401, ignoring (see FAQ for details)
2025-12-08 12:34:08 - WARNING - Security error while unpacking a received message: Too many messages had to be ignored consecutively
2025-12-08 12:34:08 - WARNING - Server sent a very old message with ID 7581447415479259137, ignoring (see FAQ for details)
2025-12-08 12:34:08 - WARNING - Security error while unpacking a received message: Too many messages had to be ignored consecutively
2025-12-08 12:34:08 - WARNING - Server sent a very old message with ID 7581447418292888577, ignoring (see FAQ for details)
2025-12-08 12:34:08 - WARNING - Security error while unpacking a received message: Too many messages had to be ignored consecutively
2025-12-08 12:34:08 - WARNING - Server sent a very old message with ID 7581447467976516609, ignoring (see FAQ for details)
2025-12-08 12:34:08 - WARNING - Security error while unpacking a received message: Too many messages had to be ignored consecutively
2025-12-08 12:34:08 - WARNING - Server sent a very old message with ID 7581447478535289857, ignoring (see FAQ for details)
2025-12-08 12:34:08 - WARNING - Security error while unpacking a received message: Too many messages had to be ignored consecutively
2025-12-08 12:34:08 - WARNING - Server sent a very old message with ID 7581447487554968577, ignoring (see FAQ for details)
2025-12-08 12:34:08 - WARNING - Security error while unpacking a received message: Too many messages had to be ignored consecutively
2025-12-08 12:34:08 - WARNING - Server sent a very old message with ID 7581447505633557505, ignoring (see FAQ for details)
2025-12-08 12:34:08 - WARNING - Security error while unpacking a received message: Too many messages had to be ignored consecutively
2025-12-08 12:34:08 - WARNING - Server sent a very old message with ID 7581447563773428737, ignoring (see FAQ for details)
2025-12-08 12:34:08 - WARNING - Security error while unpacking a received message: Too many messages had to be ignored consecutively
2025-12-08 12:34:08 - WARNING - Server sent a very old message with ID 7581447587732590593, ignoring (see FAQ for details)
2025-12-08 12:34:08 - WARNING - Security error while unpacking a received message: Too many messages had to be ignored consecutively
2025-12-08 12:34:08 - WARNING - Server sent a very old message with ID 7581447597611374593, ignoring (see FAQ for details)
2025-12-08 12:34:08 - WARNING - Security error while unpacking a received message: Too many messages had to be ignored consecutively
2025-12-08 12:34:08 - WARNING - Server sent a very old message with ID 7581447598474726401, ignoring (see FAQ for details)
2025-12-08 12:34:08 - WARNING - Security error while unpacking a received message: Too many messages had to be ignored consecutively
2025-12-08 12:34:08 - WARNING - Server sent a very old message with ID 7581447601331303425, ignoring (see FAQ for details)
2025-12-08 12:34:08 - WARNING - Security error while unpacking a received message: Too many messages had to be ignored consecutively
2025-12-08 12:34:08 - WARNING - Server sent a very old message with ID 7581447607621797889, ignoring (see FAQ for details)
2025-12-08 12:34:08 - WARNING - Security error while unpacking a received message: Too many messages had to be ignored consecutively
2025-12-08 12:34:08 - WARNING - Server sent a very old message with ID 7581447632058380289, ignoring (see FAQ for details)
2025-12-08 12:34:08 - WARNING - Security error while unpacking a received message: Too many messages had to be ignored consecutively
2025-12-08 12:34:08 - WARNING - Server sent a very old message with ID 7581447649406610433, ignoring (see FAQ for details)
2025-12-08 12:34:08 - WARNING - Security error while unpacking a received message: Too many messages had to be ignored consecutively
2025-12-08 12:34:08 - WARNING - Server sent a very old message with ID 7581447720253078529, ignoring (see FAQ for details)
2025-12-08 12:34:08 - WARNING - Security error while unpacking a received message: Too many messages had to be ignored consecutively
2025-12-08 12:34:08 - WARNING - Server sent a very old message with ID 7581447721513703425, ignoring (see FAQ for details)
2025-12-08 12:34:09 - WARNING - Security error while unpacking a received message: Too many messages had to be ignored consecutively
2025-12-08 12:34:09 - INFO - Got difference for account updates
2025-12-08 12:34:09 - INFO - Got difference for channel 1429590454 updates
2025-12-08 12:34:09 - INFO - Got difference for channel 1910872988 updates
2025-12-08 12:34:12 - INFO - login start
2025-12-08 12:34:26 - INFO - Контент функции get_payment: В данный момент запись невозможна.
2025-12-08 12:34:27 - INFO - Содержание функции login: None
2025-12-08 12:44:27 - WARNING - Server sent a very old message with ID 7581449154259813377, ignoring (see FAQ for details)
2025-12-08 12:44:27 - WARNING - Server sent a very old message with ID 7581449182533157889, ignoring (see FAQ for details)
2025-12-08 12:44:27 - WARNING - Server sent a very old message with ID 7581449190704779265, ignoring (see FAQ for details)
2025-12-08 12:44:27 - WARNING - Server sent a very old message with ID 7581449194587756545, ignoring (see FAQ for details)
2025-12-08 12:44:27 - WARNING - Server sent a very old message with ID 7581449226142578689, ignoring (see FAQ for details)
2025-12-08 12:44:27 - WARNING - Server sent a very old message with ID 7581449231672676353, ignoring (see FAQ for details)
2025-12-08 12:44:27 - WARNING - Server sent a very old message with ID 7581449232825696257, ignoring (see FAQ for details)
2025-12-08 12:44:27 - WARNING - Server sent a very old message with ID 7581449235779346433, ignoring (see FAQ for details)
2025-12-08 12:44:27 - WARNING - Server sent a very old message with ID 7581449272970469377, ignoring (see FAQ for details)
2025-12-08 12:44:27 - WARNING - Server sent a very old message with ID 7581449273126763521, ignoring (see FAQ for details)
2025-12-08 12:44:27 - WARNING - Security error while unpacking a received message: Too many messages had to be ignored consecutively
2025-12-08 12:44:27 - WARNING - Server sent a very old message with ID 7581449285430413313, ignoring (see FAQ for details)
2025-12-08 12:44:27 - WARNING - Security error while unpacking a received message: Too many messages had to be ignored consecutively
2025-12-08 12:44:27 - WARNING - Server sent a very old message with ID 7581449293392086017, ignoring (see FAQ for details)
2025-12-08 12:44:27 - WARNING - Security error while unpacking a received message: Too many messages had to be ignored consecutively
2025-12-08 12:44:27 - WARNING - Server sent a very old message with ID 7581449313716191233, ignoring (see FAQ for details)
2025-12-08 12:44:27 - WARNING - Security error while unpacking a received message: Too many messages had to be ignored consecutively
2025-12-08 12:44:27 - WARNING - Server sent a very old message with ID 7581449331151928321, ignoring (see FAQ for details)
2025-12-08 12:44:27 - WARNING - Security error while unpacking a received message: Too many messages had to be ignored consecutively
2025-12-08 12:44:27 - WARNING - Server sent a very old message with ID 7581449344180091905, ignoring (see FAQ for details)
2025-12-08 12:44:27 - WARNING - Security error while unpacking a received message: Too many messages had to be ignored consecutively
2025-12-08 12:44:27 - WARNING - Server sent a very old message with ID 7581449353944224769, ignoring (see FAQ for details)
2025-12-08 12:44:27 - WARNING - Security error while unpacking a received message: Too many messages had to be ignored consecutively
2025-12-08 12:44:27 - WARNING - Server sent a very old message with ID 7581449359892467713, ignoring (see FAQ for details)
2025-12-08 12:44:27 - WARNING - Security error while unpacking a received message: Too many messages had to be ignored consecutively
2025-12-08 12:44:27 - WARNING - Server sent a very old message with ID 7581449379944478721, ignoring (see FAQ for details)
2025-12-08 12:44:27 - WARNING - Security error while unpacking a received message: Too many messages had to be ignored consecutively
2025-12-08 12:44:27 - WARNING - Server sent a very old message with ID 7581449399700805633, ignoring (see FAQ for details)
2025-12-08 12:44:27 - WARNING - Security error while unpacking a received message: Too many messages had to be ignored consecutively
2025-12-08 12:44:27 - WARNING - Server sent a very old message with ID 7581449425024970753, ignoring (see FAQ for details)
2025-12-08 12:44:27 - WARNING - Security error while unpacking a received message: Too many messages had to be ignored consecutively
2025-12-08 12:44:27 - WARNING - Server sent a very old message with ID 7581449431408762881, ignoring (see FAQ for details)
2025-12-08 12:44:27 - WARNING - Security error while unpacking a received message: Too many messages had to be ignored consecutively
2025-12-08 12:44:27 - WARNING - Server sent a very old message with ID 7581449439658316801, ignoring (see FAQ for details)
2025-12-08 12:44:27 - WARNING - Security error while unpacking a received message: Too many messages had to be ignored consecutively
2025-12-08 12:44:27 - WARNING - Server sent a very old message with ID 7581449447623529473, ignoring (see FAQ for details)
2025-12-08 12:44:27 - WARNING - Security error while unpacking a received message: Too many messages had to be ignored consecutively
2025-12-08 12:44:27 - WARNING - Server sent a very old message with ID 7581449470236790785, ignoring (see FAQ for details)
2025-12-08 12:44:27 - WARNING - Security error while unpacking a received message: Too many messages had to be ignored consecutively
2025-12-08 12:44:27 - WARNING - Server sent a very old message with ID 7581449475292803073, ignoring (see FAQ for details)
2025-12-08 12:44:27 - WARNING - Security error while unpacking a received message: Too many messages had to be ignored consecutively
2025-12-08 12:44:27 - WARNING - Server sent a very old message with ID 7581449512949534721, ignoring (see FAQ for details)
2025-12-08 12:44:27 - WARNING - Security error while unpacking a received message: Too many messages had to be ignored consecutively
2025-12-08 12:44:27 - WARNING - Server sent a very old message with ID 7581449530506892289, ignoring (see FAQ for details)
2025-12-08 12:44:27 - WARNING - Security error while unpacking a received message: Too many messages had to be ignored consecutively
2025-12-08 12:44:27 - WARNING - Server sent a very old message with ID 7581449532627638273, ignoring (see FAQ for details)
2025-12-08 12:44:27 - WARNING - Security error while unpacking a received message: Too many messages had to be ignored consecutively
2025-12-08 12:44:27 - WARNING - Server sent a very old message with ID 7581449576734707713, ignoring (see FAQ for details)
2025-12-08 12:44:27 - WARNING - Security error while unpacking a received message: Too many messages had to be ignored consecutively
2025-12-08 12:44:27 - WARNING - Server sent a very old message with ID 7581449579927212033, ignoring (see FAQ for details)
2025-12-08 12:44:27 - WARNING - Security error while unpacking a received message: Too many messages had to be ignored consecutively
2025-12-08 12:44:27 - WARNING - Server sent a very old message with ID 7581449611006271489, ignoring (see FAQ for details)
2025-12-08 12:44:27 - WARNING - Security error while unpacking a received message: Too many messages had to be ignored consecutively
2025-12-08 12:44:27 - WARNING - Server sent a very old message with ID 7581449628342661121, ignoring (see FAQ for details)
2025-12-08 12:44:27 - WARNING - Security error while unpacking a received message: Too many messages had to be ignored consecutively
2025-12-08 12:44:27 - WARNING - Server sent a very old message with ID 7581449637125243905, ignoring (see FAQ for details)
2025-12-08 12:44:27 - WARNING - Security error while unpacking a received message: Too many messages had to be ignored consecutively
2025-12-08 12:44:27 - WARNING - Server sent a very old message with ID 7581449639998786561, ignoring (see FAQ for details)
2025-12-08 12:44:27 - WARNING - Security error while unpacking a received message: Too many messages had to be ignored consecutively
2025-12-08 12:44:27 - WARNING - Server sent a very old message with ID 7581449648048422913, ignoring (see FAQ for details)
2025-12-08 12:44:27 - WARNING - Security error while unpacking a received message: Too many messages had to be ignored consecutively
2025-12-08 12:44:27 - WARNING - Server sent a very old message with ID 7581449671505007617, ignoring (see FAQ for details)
2025-12-08 12:44:27 - WARNING - Security error while unpacking a received message: Too many messages had to be ignored consecutively
2025-12-08 12:44:27 - WARNING - Server sent a very old message with ID 7581449678747182081, ignoring (see FAQ for details)
2025-12-08 12:44:27 - WARNING - Security error while unpacking a received message: Too many messages had to be ignored consecutively
2025-12-08 12:44:27 - WARNING - Server sent a very old message with ID 7581449700725284865, ignoring (see FAQ for details)
2025-12-08 12:44:27 - WARNING - Security error while unpacking a received message: Too many messages had to be ignored consecutively
2025-12-08 12:44:27 - WARNING - Server sent a very old message with ID 7581449700970027009, ignoring (see FAQ for details)
2025-12-08 12:44:27 - WARNING - Security error while unpacking a received message: Too many messages had to be ignored consecutively
2025-12-08 12:44:27 - WARNING - Server sent a very old message with ID 7581449712777985025, ignoring (see FAQ for details)
2025-12-08 12:44:27 - WARNING - Security error while unpacking a received message: Too many messages had to be ignored consecutively
2025-12-08 12:44:27 - WARNING - Server sent a very old message with ID 7581449760563024897, ignoring (see FAQ for details)
2025-12-08 12:44:27 - WARNING - Security error while unpacking a received message: Too many messages had to be ignored consecutively
2025-12-08 12:44:27 - WARNING - Server sent a very old message with ID 7581449777840448513, ignoring (see FAQ for details)
2025-12-08 12:44:27 - WARNING - Security error while unpacking a received message: Too many messages had to be ignored consecutively
2025-12-08 12:44:27 - WARNING - Server sent a very old message with ID 7581449798714960897, ignoring (see FAQ for details)
2025-12-08 12:44:27 - WARNING - Security error while unpacking a received message: Too many messages had to be ignored consecutively
2025-12-08 12:44:27 - WARNING - Server sent a very old message with ID 7581449838717358081, ignoring (see FAQ for details)
2025-12-08 12:44:27 - WARNING - Security error while unpacking a received message: Too many messages had to be ignored consecutively
2025-12-08 12:44:27 - WARNING - Server sent a very old message with ID 7581449852129428481, ignoring (see FAQ for details)
2025-12-08 12:44:27 - WARNING - Security error while unpacking a received message: Too many messages had to be ignored consecutively
2025-12-08 12:44:27 - WARNING - Server sent a very old message with ID 7581449868012088321, ignoring (see FAQ for details)
2025-12-08 12:44:27 - WARNING - Security error while unpacking a received message: Too many messages had to be ignored consecutively
2025-12-08 12:44:27 - WARNING - Server sent a very old message with ID 7581449895995369473, ignoring (see FAQ for details)
2025-12-08 12:44:27 - WARNING - Security error while unpacking a received message: Too many messages had to be ignored consecutively
2025-12-08 12:44:27 - WARNING - Server sent a very old message with ID 7581449900823306241, ignoring (see FAQ for details)
2025-12-08 12:44:27 - WARNING - Security error while unpacking a received message: Too many messages had to be ignored consecutively
2025-12-08 12:44:27 - WARNING - Server sent a very old message with ID 7581449942392885249, ignoring (see FAQ for details)
2025-12-08 12:44:27 - WARNING - Security error while unpacking a received message: Too many messages had to be ignored consecutively
2025-12-08 12:44:27 - WARNING - Server sent a very old message with ID 7581449945141501953, ignoring (see FAQ for details)
2025-12-08 12:44:27 - WARNING - Security error while unpacking a received message: Too many messages had to be ignored consecutively
2025-12-08 12:44:27 - WARNING - Server sent a very old message with ID 7581449972338253825, ignoring (see FAQ for details)
2025-12-08 12:44:27 - WARNING - Security error while unpacking a received message: Too many messages had to be ignored consecutively
2025-12-08 12:44:27 - WARNING - Server sent a very old message with ID 7581449990212827137, ignoring (see FAQ for details)
2025-12-08 12:44:27 - WARNING - Security error while unpacking a received message: Too many messages had to be ignored consecutively
2025-12-08 12:44:27 - WARNING - Server sent a very old message with ID 7581450001346698241, ignoring (see FAQ for details)
2025-12-08 12:44:27 - WARNING - Security error while unpacking a received message: Too many messages had to be ignored consecutively
2025-12-08 12:44:27 - WARNING - Server sent a very old message with ID 7581450005003492353, ignoring (see FAQ for details)
2025-12-08 12:44:27 - WARNING - Security error while unpacking a received message: Too many messages had to be ignored consecutively
2025-12-08 12:44:27 - WARNING - Server sent a very old message with ID 7581450006459498497, ignoring (see FAQ for details)
2025-12-08 12:44:27 - WARNING - Security error while unpacking a received message: Too many messages had to be ignored consecutively
2025-12-08 12:44:27 - WARNING - Server sent a very old message with ID 7581450032072139777, ignoring (see FAQ for details)
2025-12-08 12:44:27 - WARNING - Security error while unpacking a received message: Too many messages had to be ignored consecutively
2025-12-08 12:44:27 - WARNING - Server sent a very old message with ID 7581450036736801793, ignoring (see FAQ for details)
2025-12-08 12:44:27 - WARNING - Security error while unpacking a received message: Too many messages had to be ignored consecutively
2025-12-08 12:44:27 - WARNING - Server sent a very old message with ID 7581450044764464129, ignoring (see FAQ for details)
2025-12-08 12:44:27 - WARNING - Security error while unpacking a received message: Too many messages had to be ignored consecutively
2025-12-08 12:44:27 - WARNING - Server sent a very old message with ID 7581450068788692993, ignoring (see FAQ for details)
2025-12-08 12:44:27 - WARNING - Security error while unpacking a received message: Too many messages had to be ignored consecutively
2025-12-08 12:44:27 - WARNING - Server sent a very old message with ID 7581450087823929345, ignoring (see FAQ for details)
2025-12-08 12:44:27 - WARNING - Security error while unpacking a received message: Too many messages had to be ignored consecutively
2025-12-08 12:44:27 - WARNING - Server sent a very old message with ID 7581450098369783809, ignoring (see FAQ for details)
2025-12-08 12:44:27 - WARNING - Security error while unpacking a received message: Too many messages had to be ignored consecutively
2025-12-08 12:44:27 - WARNING - Server sent a very old message with ID 7581450110870062081, ignoring (see FAQ for details)
2025-12-08 12:44:27 - WARNING - Security error while unpacking a received message: Too many messages had to be ignored consecutively
2025-12-08 12:44:27 - WARNING - Server sent a very old message with ID 7581450128522843137, ignoring (see FAQ for details)
2025-12-08 12:44:27 - WARNING - Security error while unpacking a received message: Too many messages had to be ignored consecutively
2025-12-08 12:44:27 - WARNING - Server sent a very old message with ID 7581450129035819009, ignoring (see FAQ for details)
2025-12-08 12:44:27 - WARNING - Security error while unpacking a received message: Too many messages had to be ignored consecutively
2025-12-08 12:44:27 - WARNING - Server sent a very old message with ID 7581450134373637121, ignoring (see FAQ for details)
2025-12-08 12:44:27 - WARNING - Security error while unpacking a received message: Too many messages had to be ignored consecutively
2025-12-08 12:44:27 - WARNING - Server sent a very old message with ID 7581450136921660417, ignoring (see FAQ for details)
2025-12-08 12:44:27 - WARNING - Security error while unpacking a received message: Too many messages had to be ignored consecutively
2025-12-08 12:44:27 - WARNING - Server sent a very old message with ID 7581450142637391873, ignoring (see FAQ for details)
2025-12-08 12:44:27 - WARNING - Security error while unpacking a received message: Too many messages had to be ignored consecutively
2025-12-08 12:44:27 - WARNING - Server sent a very old message with ID 7581450155106932737, ignoring (see FAQ for details)
2025-12-08 12:44:27 - WARNING - Security error while unpacking a received message: Too many messages had to be ignored consecutively
2025-12-08 12:44:27 - WARNING - Server sent a very old message with ID 7581450162186994689, ignoring (see FAQ for details)
2025-12-08 12:44:27 - WARNING - Security error while unpacking a received message: Too many messages had to be ignored consecutively
2025-12-08 12:44:27 - WARNING - Server sent a very old message with ID 7581450213536387073, ignoring (see FAQ for details)
2025-12-08 12:44:27 - WARNING - Security error while unpacking a received message: Too many messages had to be ignored consecutively
2025-12-08 12:44:27 - WARNING - Server sent a very old message with ID 7581450215152591873, ignoring (see FAQ for details)
2025-12-08 12:44:27 - WARNING - Security error while unpacking a received message: Too many messages had to be ignored consecutively
2025-12-08 12:44:27 - WARNING - Server sent a very old message with ID 7581450219550013441, ignoring (see FAQ for details)
2025-12-08 12:44:27 - WARNING - Security error while unpacking a received message: Too many messages had to be ignored consecutively
2025-12-08 12:44:27 - WARNING - Server sent a very old message with ID 7581450222632866817, ignoring (see FAQ for details)
2025-12-08 12:44:27 - WARNING - Security error while unpacking a received message: Too many messages had to be ignored consecutively
2025-12-08 12:44:27 - WARNING - Server sent a very old message with ID 7581450223654702081, ignoring (see FAQ for details)
2025-12-08 12:44:27 - WARNING - Security error while unpacking a received message: Too many messages had to be ignored consecutively
2025-12-08 12:44:27 - WARNING - Server sent a very old message with ID 7581450223950768129, ignoring (see FAQ for details)
2025-12-08 12:44:27 - WARNING - Security error while unpacking a received message: Too many messages had to be ignored consecutively
2025-12-08 12:44:27 - WARNING - Server sent a very old message with ID 7581450224318297089, ignoring (see FAQ for details)
2025-12-08 12:44:27 - WARNING - Security error while unpacking a received message: Too many messages had to be ignored consecutively
2025-12-08 12:44:27 - WARNING - Server sent a very old message with ID 7581450248810384385, ignoring (see FAQ for details)
2025-12-08 12:44:27 - WARNING - Security error while unpacking a received message: Too many messages had to be ignored consecutively
2025-12-08 12:44:27 - WARNING - Server sent a very old message with ID 7581450256071886849, ignoring (see FAQ for details)
2025-12-08 12:44:27 - WARNING - Security error while unpacking a received message: Too many messages had to be ignored consecutively
2025-12-08 12:44:27 - WARNING - Server sent a very old message with ID 7581450268510923777, ignoring (see FAQ for details)
2025-12-08 12:44:27 - WARNING - Security error while unpacking a received message: Too many messages had to be ignored consecutively
2025-12-08 12:44:27 - WARNING - Server sent a very old message with ID 7581450308399175681, ignoring (see FAQ for details)
2025-12-08 12:44:27 - WARNING - Security error while unpacking a received message: Too many messages had to be ignored consecutively
2025-12-08 12:44:27 - WARNING - Server sent a very old message with ID 7581450335111417857, ignoring (see FAQ for details)
2025-12-08 12:44:27 - WARNING - Security error while unpacking a received message: Too many messages had to be ignored consecutively
2025-12-08 12:44:27 - WARNING - Server sent a very old message with ID 7581450336370851841, ignoring (see FAQ for details)
2025-12-08 12:44:27 - WARNING - Security error while unpacking a received message: Too many messages had to be ignored consecutively
2025-12-08 12:44:27 - WARNING - Server sent a very old message with ID 7581450342688102401, ignoring (see FAQ for details)
2025-12-08 12:44:27 - WARNING - Security error while unpacking a received message: Too many messages had to be ignored consecutively
2025-12-08 12:44:27 - WARNING - Server sent a very old message with ID 7581450376356919297, ignoring (see FAQ for details)
2025-12-08 12:44:27 - WARNING - Security error while unpacking a received message: Too many messages had to be ignored consecutively
2025-12-08 12:44:27 - WARNING - Server sent a very old message with ID 7581450383251762177, ignoring (see FAQ for details)
2025-12-08 12:44:27 - WARNING - Security error while unpacking a received message: Too many messages had to be ignored consecutively
2025-12-08 12:44:27 - INFO - Got difference for channel 1047260531 updates
2025-12-08 12:44:27 - INFO - Got difference for channel 1891922549 updates
2025-12-08 12:44:30 - INFO - login start
2025-12-08 12:44:48 - INFO - Контент функции get_payment: В данный момент запись невозможна.
2025-12-08 12:44:48 - INFO - Содержание функции login: None
2025-12-08 12:54:48 - WARNING - Server sent a very old message with ID 7581451790871751681, ignoring (see FAQ for details)
2025-12-08 12:54:48 - WARNING - Server sent a very old message with ID 7581451792976743425, ignoring (see FAQ for details)
2025-12-08 12:54:48 - WARNING - Server sent a very old message with ID 7581451800648444929, ignoring (see FAQ for details)
2025-12-08 12:54:48 - WARNING - Server sent a very old message with ID 7581451809517998081, ignoring (see FAQ for details)
2025-12-08 12:54:48 - WARNING - Server sent a very old message with ID 7581451832396988417, ignoring (see FAQ for details)
2025-12-08 12:54:48 - WARNING - Server sent a very old message with ID 7581451844913672193, ignoring (see FAQ for details)
2025-12-08 12:54:48 - WARNING - Server sent a very old message with ID 7581451853628226561, ignoring (see FAQ for details)
2025-12-08 12:54:48 - WARNING - Server sent a very old message with ID 7581451883874358273, ignoring (see FAQ for details)
2025-12-08 12:54:48 - WARNING - Server sent a very old message with ID 7581451888070255617, ignoring (see FAQ for details)
2025-12-08 12:54:48 - WARNING - Server sent a very old message with ID 7581451891771875329, ignoring (see FAQ for details)
2025-12-08 12:54:48 - WARNING - Security error while unpacking a received message: Too many messages had to be ignored consecutively
2025-12-08 12:54:48 - WARNING - Server sent a very old message with ID 7581451926743979009, ignoring (see FAQ for details)
2025-12-08 12:54:48 - WARNING - Security error while unpacking a received message: Too many messages had to be ignored consecutively
2025-12-08 12:54:48 - WARNING - Server sent a very old message with ID 7581451930026509313, ignoring (see FAQ for details)
2025-12-08 12:54:48 - WARNING - Security error while unpacking a received message: Too many messages had to be ignored consecutively
2025-12-08 12:54:48 - WARNING - Server sent a very old message with ID 7581451958356042753, ignoring (see FAQ for details)
2025-12-08 12:54:48 - WARNING - Security error while unpacking a received message: Too many messages had to be ignored consecutively
2025-12-08 12:54:48 - WARNING - Server sent a very old message with ID 7581451958356042757, ignoring (see FAQ for details)
2025-12-08 12:54:48 - WARNING - Security error while unpacking a received message: Too many messages had to be ignored consecutively
2025-12-08 12:54:48 - WARNING - Server sent a very old message with ID 7581451960739073025, ignoring (see FAQ for details)
2025-12-08 12:54:48 - WARNING - Security error while unpacking a received message: Too many messages had to be ignored consecutively
2025-12-08 12:54:48 - WARNING - Server sent a very old message with ID 7581451974763841537, ignoring (see FAQ for details)
2025-12-08 12:54:48 - WARNING - Security error while unpacking a received message: Too many messages had to be ignored consecutively
2025-12-08 12:54:48 - WARNING - Server sent a very old message with ID 7581452007767380993, ignoring (see FAQ for details)
2025-12-08 12:54:48 - WARNING - Security error while unpacking a received message: Too many messages had to be ignored consecutively
2025-12-08 12:54:48 - WARNING - Server sent a very old message with ID 7581452047102473217, ignoring (see FAQ for details)
2025-12-08 12:54:48 - WARNING - Security error while unpacking a received message: Too many messages had to be ignored consecutively
2025-12-08 12:54:48 - WARNING - Server sent a very old message with ID 7581452071629577217, ignoring (see FAQ for details)
2025-12-08 12:54:48 - WARNING - Security error while unpacking a received message: Too many messages had to be ignored consecutively
2025-12-08 12:54:48 - WARNING - Server sent a very old message with ID 7581452084998894593, ignoring (see FAQ for details)
2025-12-08 12:54:48 - WARNING - Security error while unpacking a received message: Too many messages had to be ignored consecutively
2025-12-08 12:54:48 - WARNING - Server sent a very old message with ID 7581452096576234497, ignoring (see FAQ for details)
2025-12-08 12:54:48 - WARNING - Security error while unpacking a received message: Too many messages had to be ignored consecutively
2025-12-08 12:54:48 - WARNING - Server sent a very old message with ID 7581452130493115393, ignoring (see FAQ for details)
2025-12-08 12:54:48 - WARNING - Security error while unpacking a received message: Too many messages had to be ignored consecutively
2025-12-08 12:54:48 - WARNING - Server sent a very old message with ID 7581452181725973505, ignoring (see FAQ for details)
2025-12-08 12:54:48 - WARNING - Security error while unpacking a received message: Too many messages had to be ignored consecutively
2025-12-08 12:54:48 - WARNING - Server sent a very old message with ID 7581452188034127873, ignoring (see FAQ for details)
2025-12-08 12:54:48 - WARNING - Security error while unpacking a received message: Too many messages had to be ignored consecutively
2025-12-08 12:54:48 - WARNING - Server sent a very old message with ID 7581452210904715265, ignoring (see FAQ for details)
2025-12-08 12:54:48 - WARNING - Security error while unpacking a received message: Too many messages had to be ignored consecutively
2025-12-08 12:54:48 - WARNING - Server sent a very old message with ID 7581452220070049793, ignoring (see FAQ for details)
2025-12-08 12:54:48 - WARNING - Security error while unpacking a received message: Too many messages had to be ignored consecutively
2025-12-08 12:54:48 - WARNING - Server sent a very old message with ID 7581452246688653313, ignoring (see FAQ for details)
2025-12-08 12:54:48 - WARNING - Security error while unpacking a received message: Too many messages had to be ignored consecutively
2025-12-08 12:54:48 - WARNING - Server sent a very old message with ID 7581452293895300097, ignoring (see FAQ for details)
2025-12-08 12:54:48 - WARNING - Security error while unpacking a received message: Too many messages had to be ignored consecutively
2025-12-08 12:54:48 - WARNING - Server sent a very old message with ID 7581452297915018241, ignoring (see FAQ for details)
2025-12-08 12:54:48 - WARNING - Security error while unpacking a received message: Too many messages had to be ignored consecutively
2025-12-08 12:54:48 - WARNING - Server sent a very old message with ID 7581452316562117633, ignoring (see FAQ for details)
2025-12-08 12:54:48 - WARNING - Security error while unpacking a received message: Too many messages had to be ignored consecutively
2025-12-08 12:54:48 - WARNING - Server sent a very old message with ID 7581452448996188161, ignoring (see FAQ for details)
2025-12-08 12:54:48 - WARNING - Security error while unpacking a received message: Too many messages had to be ignored consecutively
2025-12-08 12:54:48 - WARNING - Server sent a very old message with ID 7581452478866306049, ignoring (see FAQ for details)
2025-12-08 12:54:48 - WARNING - Security error while unpacking a received message: Too many messages had to be ignored consecutively
2025-12-08 12:54:48 - WARNING - Server sent a very old message with ID 7581452523036524545, ignoring (see FAQ for details)
2025-12-08 12:54:48 - WARNING - Security error while unpacking a received message: Too many messages had to be ignored consecutively
2025-12-08 12:54:48 - WARNING - Server sent a very old message with ID 7581452536278210561, ignoring (see FAQ for details)
2025-12-08 12:54:48 - WARNING - Security error while unpacking a received message: Too many messages had to be ignored consecutively
2025-12-08 12:54:48 - WARNING - Server sent a very old message with ID 7581452555284482049, ignoring (see FAQ for details)
2025-12-08 12:54:48 - WARNING - Security error while unpacking a received message: Too many messages had to be ignored consecutively
2025-12-08 12:54:48 - WARNING - Server sent a very old message with ID 7581452618506511361, ignoring (see FAQ for details)
2025-12-08 12:54:48 - WARNING - Security error while unpacking a received message: Too many messages had to be ignored consecutively
2025-12-08 12:54:48 - WARNING - Server sent a very old message with ID 7581452643516828673, ignoring (see FAQ for details)
2025-12-08 12:54:48 - WARNING - Security error while unpacking a received message: Too many messages had to be ignored consecutively
2025-12-08 12:54:48 - WARNING - Server sent a very old message with ID 7581452649033319425, ignoring (see FAQ for details)
2025-12-08 12:54:48 - WARNING - Security error while unpacking a received message: Too many messages had to be ignored consecutively
2025-12-08 12:54:48 - WARNING - Server sent a very old message with ID 7581452662622524417, ignoring (see FAQ for details)
2025-12-08 12:54:48 - WARNING - Security error while unpacking a received message: Too many messages had to be ignored consecutively
2025-12-08 12:54:48 - WARNING - Server sent a very old message with ID 7581452681964107777, ignoring (see FAQ for details)
2025-12-08 12:54:48 - WARNING - Security error while unpacking a received message: Too many messages had to be ignored consecutively
2025-12-08 12:54:48 - WARNING - Server sent a very old message with ID 7581452724404968449, ignoring (see FAQ for details)
2025-12-08 12:54:48 - WARNING - Security error while unpacking a received message: Too many messages had to be ignored consecutively
2025-12-08 12:54:48 - WARNING - Server sent a very old message with ID 7581452729696600065, ignoring (see FAQ for details)
2025-12-08 12:54:48 - WARNING - Security error while unpacking a received message: Too many messages had to be ignored consecutively
2025-12-08 12:54:48 - WARNING - Server sent a very old message with ID 7581452732471995393, ignoring (see FAQ for details)
2025-12-08 12:54:48 - WARNING - Security error while unpacking a received message: Too many messages had to be ignored consecutively
2025-12-08 12:54:48 - WARNING - Server sent a very old message with ID 7581452749622163457, ignoring (see FAQ for details)
2025-12-08 12:54:48 - WARNING - Security error while unpacking a received message: Too many messages had to be ignored consecutively
2025-12-08 12:54:48 - WARNING - Server sent a very old message with ID 7581452784304829441, ignoring (see FAQ for details)
2025-12-08 12:54:48 - WARNING - Security error while unpacking a received message: Too many messages had to be ignored consecutively
2025-12-08 12:54:48 - WARNING - Server sent a very old message with ID 7581452808341846017, ignoring (see FAQ for details)
2025-12-08 12:54:48 - WARNING - Security error while unpacking a received message: Too many messages had to be ignored consecutively
2025-12-08 12:54:48 - WARNING - Server sent a very old message with ID 7581452821675180033, ignoring (see FAQ for details)
2025-12-08 12:54:48 - WARNING - Security error while unpacking a received message: Too many messages had to be ignored consecutively
2025-12-08 12:54:48 - WARNING - Server sent a very old message with ID 7581452840326033409, ignoring (see FAQ for details)
2025-12-08 12:54:48 - WARNING - Security error while unpacking a received message: Too many messages had to be ignored consecutively
2025-12-08 12:54:48 - WARNING - Server sent a very old message with ID 7581452862252923905, ignoring (see FAQ for details)
2025-12-08 12:54:48 - WARNING - Security error while unpacking a received message: Too many messages had to be ignored consecutively
2025-12-08 12:54:48 - WARNING - Server sent a very old message with ID 7581452908343589889, ignoring (see FAQ for details)
2025-12-08 12:54:48 - WARNING - Security error while unpacking a received message: Too many messages had to be ignored consecutively
2025-12-08 12:54:48 - WARNING - Server sent a very old message with ID 7581452936244063233, ignoring (see FAQ for details)
2025-12-08 12:54:48 - WARNING - Security error while unpacking a received message: Too many messages had to be ignored consecutively
2025-12-08 12:54:48 - WARNING - Server sent a very old message with ID 7581452977457318913, ignoring (see FAQ for details)
2025-12-08 12:54:48 - WARNING - Security error while unpacking a received message: Too many messages had to be ignored consecutively
2025-12-08 12:54:48 - WARNING - Server sent a very old message with ID 7581453025305199617, ignoring (see FAQ for details)
2025-12-08 12:54:48 - WARNING - Security error while unpacking a received message: Too many messages had to be ignored consecutively
2025-12-08 12:54:48 - WARNING - Server sent a very old message with ID 7581453046078097409, ignoring (see FAQ for details)
2025-12-08 12:54:48 - WARNING - Security error while unpacking a received message: Too many messages had to be ignored consecutively
2025-12-08 12:54:48 - INFO - Got difference for channel 1891922549 updates
2025-12-08 12:54:48 - INFO - Got difference for channel 1910872988 updates
2025-12-08 12:54:48 - INFO - Got difference for channel 1588101140 updates
2025-12-08 12:54:51 - INFO - login start
2025-12-08 12:55:06 - INFO - Контент функции get_payment: В данный момент запись невозможна.
2025-12-08 12:55:06 - INFO - Содержание функции login: None
2025-12-08 13:05:06 - WARNING - Server sent a very old message with ID 7581454417766913025, ignoring (see FAQ for details)
2025-12-08 13:05:06 - WARNING - Server sent a very old message with ID 7581454433741089793, ignoring (see FAQ for details)
2025-12-08 13:05:06 - WARNING - Server sent a very old message with ID 7581454451418113025, ignoring (see FAQ for details)
2025-12-08 13:05:06 - WARNING - Server sent a very old message with ID 7581454465692264449, ignoring (see FAQ for details)
2025-12-08 13:05:06 - WARNING - Server sent a very old message with ID 7581454486431676417, ignoring (see FAQ for details)
2025-12-08 13:05:06 - WARNING - Server sent a very old message with ID 7581454489116791809, ignoring (see FAQ for details)
2025-12-08 13:05:06 - WARNING - Server sent a very old message with ID 7581454497835011073, ignoring (see FAQ for details)
2025-12-08 13:05:06 - WARNING - Server sent a very old message with ID 7581454531188884481, ignoring (see FAQ for details)
2025-12-08 13:05:06 - WARNING - Server sent a very old message with ID 7581454532617830401, ignoring (see FAQ for details)
2025-12-08 13:05:06 - WARNING - Server sent a very old message with ID 7581454550528361473, ignoring (see FAQ for details)
2025-12-08 13:05:06 - WARNING - Security error while unpacking a received message: Too many messages had to be ignored consecutively
2025-12-08 13:05:06 - WARNING - Server sent a very old message with ID 7581454564702288897, ignoring (see FAQ for details)
2025-12-08 13:05:06 - WARNING - Security error while unpacking a received message: Too many messages had to be ignored consecutively
2025-12-08 13:05:06 - WARNING - Server sent a very old message with ID 7581454570114254849, ignoring (see FAQ for details)
2025-12-08 13:05:06 - WARNING - Security error while unpacking a received message: Too many messages had to be ignored consecutively
2025-12-08 13:05:06 - WARNING - Server sent a very old message with ID 7581454572486772737, ignoring (see FAQ for details)
2025-12-08 13:05:06 - WARNING - Security error while unpacking a received message: Too many messages had to be ignored consecutively
2025-12-08 13:05:06 - WARNING - Server sent a very old message with ID 7581454588417860609, ignoring (see FAQ for details)
2025-12-08 13:05:06 - WARNING - Security error while unpacking a received message: Too many messages had to be ignored consecutively
2025-12-08 13:05:06 - WARNING - Server sent a very old message with ID 7581454636710542337, ignoring (see FAQ for details)
2025-12-08 13:05:06 - WARNING - Security error while unpacking a received message: Too many messages had to be ignored consecutively
2025-12-08 13:05:06 - WARNING - Server sent a very old message with ID 7581454639406364673, ignoring (see FAQ for details)
2025-12-08 13:05:06 - WARNING - Security error while unpacking a received message: Too many messages had to be ignored consecutively
2025-12-08 13:05:06 - WARNING - Server sent a very old message with ID 7581454658331025409, ignoring (see FAQ for details)
2025-12-08 13:05:06 - WARNING - Security error while unpacking a received message: Too many messages had to be ignored consecutively
2025-12-08 13:05:06 - WARNING - Server sent a very old message with ID 7581454661397190657, ignoring (see FAQ for details)
2025-12-08 13:05:06 - WARNING - Security error while unpacking a received message: Too many messages had to be ignored consecutively
2025-12-08 13:05:06 - WARNING - Server sent a very old message with ID 7581454669400176641, ignoring (see FAQ for details)
2025-12-08 13:05:06 - WARNING - Security error while unpacking a received message: Too many messages had to be ignored consecutively
2025-12-08 13:05:06 - WARNING - Server sent a very old message with ID 7581454682257939457, ignoring (see FAQ for details)
2025-12-08 13:05:06 - WARNING - Security error while unpacking a received message: Too many messages had to be ignored consecutively
2025-12-08 13:05:06 - WARNING - Server sent a very old message with ID 7581454695849383937, ignoring (see FAQ for details)
2025-12-08 13:05:06 - WARNING - Security error while unpacking a received message: Too many messages had to be ignored consecutively
2025-12-08 13:05:06 - WARNING - Server sent a very old message with ID 7581454697881672705, ignoring (see FAQ for details)
2025-12-08 13:05:06 - WARNING - Security error while unpacking a received message: Too many messages had to be ignored consecutively
2025-12-08 13:05:06 - WARNING - Server sent a very old message with ID 7581454705469700097, ignoring (see FAQ for details)
2025-12-08 13:05:06 - WARNING - Security error while unpacking a received message: Too many messages had to be ignored consecutively
2025-12-08 13:05:06 - WARNING - Server sent a very old message with ID 7581454707377809409, ignoring (see FAQ for details)
2025-12-08 13:05:06 - WARNING - Security error while unpacking a received message: Too many messages had to be ignored consecutively
2025-12-08 13:05:06 - WARNING - Server sent a very old message with ID 7581454750850504705, ignoring (see FAQ for details)
2025-12-08 13:05:06 - WARNING - Security error while unpacking a received message: Too many messages had to be ignored consecutively
2025-12-08 13:05:06 - WARNING - Server sent a very old message with ID 7581454752440685569, ignoring (see FAQ for details)
2025-12-08 13:05:06 - WARNING - Security error while unpacking a received message: Too many messages had to be ignored consecutively
2025-12-08 13:05:06 - WARNING - Server sent a very old message with ID 7581454756450197505, ignoring (see FAQ for details)
2025-12-08 13:05:06 - WARNING - Security error while unpacking a received message: Too many messages had to be ignored consecutively
2025-12-08 13:05:06 - WARNING - Server sent a very old message with ID 7581454774916840449, ignoring (see FAQ for details)
2025-12-08 13:05:06 - WARNING - Security error while unpacking a received message: Too many messages had to be ignored consecutively
2025-12-08 13:05:06 - WARNING - Server sent a very old message with ID 7581454789820156929, ignoring (see FAQ for details)
2025-12-08 13:05:06 - WARNING - Security error while unpacking a received message: Too many messages had to be ignored consecutively
2025-12-08 13:05:06 - WARNING - Server sent a very old message with ID 7581454794343149569, ignoring (see FAQ for details)
2025-12-08 13:05:06 - WARNING - Security error while unpacking a received message: Too many messages had to be ignored consecutively
2025-12-08 13:05:06 - WARNING - Server sent a very old message with ID 7581454811531654145, ignoring (see FAQ for details)
2025-12-08 13:05:06 - WARNING - Security error while unpacking a received message: Too many messages had to be ignored consecutively
2025-12-08 13:05:06 - WARNING - Server sent a very old message with ID 7581454811531654149, ignoring (see FAQ for details)
2025-12-08 13:05:06 - WARNING - Security error while unpacking a received message: Too many messages had to be ignored consecutively
2025-12-08 13:05:06 - WARNING - Server sent a very old message with ID 7581454814425512961, ignoring (see FAQ for details)
2025-12-08 13:05:06 - WARNING - Security error while unpacking a received message: Too many messages had to be ignored consecutively
2025-12-08 13:05:06 - WARNING - Server sent a very old message with ID 7581454831756780545, ignoring (see FAQ for details)
2025-12-08 13:05:06 - WARNING - Security error while unpacking a received message: Too many messages had to be ignored consecutively
2025-12-08 13:05:06 - WARNING - Server sent a very old message with ID 7581454839187962881, ignoring (see FAQ for details)
2025-12-08 13:05:06 - WARNING - Security error while unpacking a received message: Too many messages had to be ignored consecutively
2025-12-08 13:05:06 - WARNING - Server sent a very old message with ID 7581454845725379585, ignoring (see FAQ for details)
2025-12-08 13:05:06 - WARNING - Security error while unpacking a received message: Too many messages had to be ignored consecutively
2025-12-08 13:05:06 - WARNING - Server sent a very old message with ID 7581454850762525697, ignoring (see FAQ for details)
2025-12-08 13:05:06 - WARNING - Security error while unpacking a received message: Too many messages had to be ignored consecutively
2025-12-08 13:05:06 - WARNING - Server sent a very old message with ID 7581454876719727617, ignoring (see FAQ for details)
2025-12-08 13:05:06 - WARNING - Security error while unpacking a received message: Too many messages had to be ignored consecutively
2025-12-08 13:05:06 - WARNING - Server sent a very old message with ID 7581454876719727629, ignoring (see FAQ for details)
2025-12-08 13:05:06 - WARNING - Security error while unpacking a received message: Too many messages had to be ignored consecutively
2025-12-08 13:05:06 - WARNING - Server sent a very old message with ID 7581454876719727625, ignoring (see FAQ for details)
2025-12-08 13:05:06 - WARNING - Security error while unpacking a received message: Too many messages had to be ignored consecutively
2025-12-08 13:05:06 - WARNING - Server sent a very old message with ID 7581454876719727621, ignoring (see FAQ for details)
2025-12-08 13:05:06 - WARNING - Security error while unpacking a received message: Too many messages had to be ignored consecutively
2025-12-08 13:05:06 - WARNING - Server sent a very old message with ID 7581454885439176705, ignoring (see FAQ for details)
2025-12-08 13:05:06 - WARNING - Security error while unpacking a received message: Too many messages had to be ignored consecutively
2025-12-08 13:05:06 - WARNING - Server sent a very old message with ID 7581454885664932865, ignoring (see FAQ for details)
2025-12-08 13:05:06 - WARNING - Security error while unpacking a received message: Too many messages had to be ignored consecutively
2025-12-08 13:05:06 - WARNING - Server sent a very old message with ID 7581454889561298945, ignoring (see FAQ for details)
2025-12-08 13:05:06 - WARNING - Security error while unpacking a received message: Too many messages had to be ignored consecutively
2025-12-08 13:05:06 - WARNING - Server sent a very old message with ID 7581454895480097793, ignoring (see FAQ for details)
2025-12-08 13:05:06 - WARNING - Security error while unpacking a received message: Too many messages had to be ignored consecutively
2025-12-08 13:05:06 - WARNING - Server sent a very old message with ID 7581454895925070849, ignoring (see FAQ for details)
2025-12-08 13:05:06 - WARNING - Security error while unpacking a received message: Too many messages had to be ignored consecutively
2025-12-08 13:05:06 - WARNING - Server sent a very old message with ID 7581454920883023873, ignoring (see FAQ for details)
2025-12-08 13:05:06 - WARNING - Security error while unpacking a received message: Too many messages had to be ignored consecutively
2025-12-08 13:05:06 - WARNING - Server sent a very old message with ID 7581454927121629185, ignoring (see FAQ for details)
2025-12-08 13:05:06 - WARNING - Security error while unpacking a received message: Too many messages had to be ignored consecutively
2025-12-08 13:05:06 - WARNING - Server sent a very old message with ID 7581454934679503873, ignoring (see FAQ for details)
2025-12-08 13:05:06 - WARNING - Security error while unpacking a received message: Too many messages had to be ignored consecutively
2025-12-08 13:05:06 - WARNING - Server sent a very old message with ID 7581454936188129281, ignoring (see FAQ for details)
2025-12-08 13:05:06 - WARNING - Security error while unpacking a received message: Too many messages had to be ignored consecutively
2025-12-08 13:05:06 - WARNING - Server sent a very old message with ID 7581454943096167425, ignoring (see FAQ for details)
2025-12-08 13:05:06 - WARNING - Security error while unpacking a received message: Too many messages had to be ignored consecutively
2025-12-08 13:05:06 - WARNING - Server sent a very old message with ID 7581454951202375681, ignoring (see FAQ for details)
2025-12-08 13:05:06 - WARNING - Security error while unpacking a received message: Too many messages had to be ignored consecutively
2025-12-08 13:05:06 - WARNING - Server sent a very old message with ID 7581454961806587905, ignoring (see FAQ for details)
2025-12-08 13:05:06 - WARNING - Security error while unpacking a received message: Too many messages had to be ignored consecutively
2025-12-08 13:05:06 - WARNING - Server sent a very old message with ID 7581454968059749377, ignoring (see FAQ for details)
2025-12-08 13:05:06 - WARNING - Security error while unpacking a received message: Too many messages had to be ignored consecutively
2025-12-08 13:05:06 - WARNING - Server sent a very old message with ID 7581454974856728577, ignoring (see FAQ for details)
2025-12-08 13:05:06 - WARNING - Security error while unpacking a received message: Too many messages had to be ignored consecutively
2025-12-08 13:05:06 - WARNING - Server sent a very old message with ID 7581454983629441025, ignoring (see FAQ for details)
2025-12-08 13:05:06 - WARNING - Security error while unpacking a received message: Too many messages had to be ignored consecutively
2025-12-08 13:05:06 - WARNING - Server sent a very old message with ID 7581455011218634753, ignoring (see FAQ for details)
2025-12-08 13:05:06 - WARNING - Security error while unpacking a received message: Too many messages had to be ignored consecutively
2025-12-08 13:05:06 - WARNING - Server sent a very old message with ID 7581455013246683137, ignoring (see FAQ for details)
2025-12-08 13:05:06 - WARNING - Security error while unpacking a received message: Too many messages had to be ignored consecutively
2025-12-08 13:05:06 - WARNING - Server sent a very old message with ID 7581455059154053121, ignoring (see FAQ for details)
2025-12-08 13:05:06 - WARNING - Security error while unpacking a received message: Too many messages had to be ignored consecutively
2025-12-08 13:05:06 - WARNING - Server sent a very old message with ID 7581455085300060161, ignoring (see FAQ for details)
2025-12-08 13:05:06 - WARNING - Security error while unpacking a received message: Too many messages had to be ignored consecutively
2025-12-08 13:05:06 - WARNING - Server sent a very old message with ID 7581455104037732353, ignoring (see FAQ for details)
2025-12-08 13:05:06 - WARNING - Security error while unpacking a received message: Too many messages had to be ignored consecutively
2025-12-08 13:05:06 - WARNING - Server sent a very old message with ID 7581455120007168001, ignoring (see FAQ for details)
2025-12-08 13:05:06 - WARNING - Security error while unpacking a received message: Too many messages had to be ignored consecutively
2025-12-08 13:05:06 - WARNING - Server sent a very old message with ID 7581455162978345985, ignoring (see FAQ for details)
2025-12-08 13:05:06 - WARNING - Security error while unpacking a received message: Too many messages had to be ignored consecutively
2025-12-08 13:05:06 - WARNING - Server sent a very old message with ID 7581455184665720833, ignoring (see FAQ for details)
2025-12-08 13:05:06 - WARNING - Security error while unpacking a received message: Too many messages had to be ignored consecutively
2025-12-08 13:05:06 - WARNING - Server sent a very old message with ID 7581455200758087681, ignoring (see FAQ for details)
2025-12-08 13:05:06 - WARNING - Security error while unpacking a received message: Too many messages had to be ignored consecutively
2025-12-08 13:05:06 - WARNING - Server sent a very old message with ID 7581455266535418881, ignoring (see FAQ for details)
2025-12-08 13:05:06 - WARNING - Security error while unpacking a received message: Too many messages had to be ignored consecutively
2025-12-08 13:05:06 - WARNING - Server sent a very old message with ID 7581455285301501953, ignoring (see FAQ for details)
2025-12-08 13:05:06 - WARNING - Security error while unpacking a received message: Too many messages had to be ignored consecutively
2025-12-08 13:05:06 - WARNING - Server sent a very old message with ID 7581455302749149185, ignoring (see FAQ for details)
2025-12-08 13:05:06 - WARNING - Security error while unpacking a received message: Too many messages had to be ignored consecutively
2025-12-08 13:05:06 - WARNING - Server sent a very old message with ID 7581455306609410049, ignoring (see FAQ for details)
2025-12-08 13:05:06 - WARNING - Security error while unpacking a received message: Too many messages had to be ignored consecutively
2025-12-08 13:05:06 - WARNING - Server sent a very old message with ID 7581455318631656449, ignoring (see FAQ for details)
2025-12-08 13:05:06 - WARNING - Security error while unpacking a received message: Too many messages had to be ignored consecutively
2025-12-08 13:05:06 - WARNING - Server sent a very old message with ID 7581455331999376385, ignoring (see FAQ for details)
2025-12-08 13:05:06 - WARNING - Security error while unpacking a received message: Too many messages had to be ignored consecutively
2025-12-08 13:05:06 - WARNING - Server sent a very old message with ID 7581455355958401025, ignoring (see FAQ for details)
2025-12-08 13:05:06 - WARNING - Security error while unpacking a received message: Too many messages had to be ignored consecutively
2025-12-08 13:05:06 - WARNING - Server sent a very old message with ID 7581455363877700609, ignoring (see FAQ for details)
2025-12-08 13:05:06 - WARNING - Security error while unpacking a received message: Too many messages had to be ignored consecutively
2025-12-08 13:05:06 - WARNING - Server sent a very old message with ID 7581455396356900865, ignoring (see FAQ for details)
2025-12-08 13:05:06 - WARNING - Security error while unpacking a received message: Too many messages had to be ignored consecutively
2025-12-08 13:05:06 - WARNING - Server sent a very old message with ID 7581455407592329217, ignoring (see FAQ for details)
2025-12-08 13:05:06 - WARNING - Security error while unpacking a received message: Too many messages had to be ignored consecutively
2025-12-08 13:05:06 - WARNING - Server sent a very old message with ID 7581455415565300737, ignoring (see FAQ for details)
2025-12-08 13:05:06 - WARNING - Security error while unpacking a received message: Too many messages had to be ignored consecutively
2025-12-08 13:05:06 - WARNING - Server sent a very old message with ID 7581455418478658561, ignoring (see FAQ for details)
2025-12-08 13:05:06 - WARNING - Security error while unpacking a received message: Too many messages had to be ignored consecutively
2025-12-08 13:05:06 - WARNING - Server sent a very old message with ID 7581455425835455489, ignoring (see FAQ for details)
2025-12-08 13:05:06 - WARNING - Security error while unpacking a received message: Too many messages had to be ignored consecutively
2025-12-08 13:05:06 - WARNING - Server sent a very old message with ID 7581455483178752001, ignoring (see FAQ for details)
2025-12-08 13:05:06 - WARNING - Security error while unpacking a received message: Too many messages had to be ignored consecutively
2025-12-08 13:05:06 - WARNING - Server sent a very old message with ID 7581455497483299841, ignoring (see FAQ for details)
2025-12-08 13:05:06 - WARNING - Security error while unpacking a received message: Too many messages had to be ignored consecutively
2025-12-08 13:05:06 - WARNING - Server sent a very old message with ID 7581455523633531905, ignoring (see FAQ for details)
2025-12-08 13:05:06 - WARNING - Security error while unpacking a received message: Too many messages had to be ignored consecutively
2025-12-08 13:05:06 - WARNING - Server sent a very old message with ID 7581455560192766977, ignoring (see FAQ for details)
2025-12-08 13:05:06 - WARNING - Security error while unpacking a received message: Too many messages had to be ignored consecutively
2025-12-08 13:05:06 - WARNING - Server sent a very old message with ID 7581455571205569537, ignoring (see FAQ for details)
2025-12-08 13:05:06 - WARNING - Security error while unpacking a received message: Too many messages had to be ignored consecutively
2025-12-08 13:05:06 - WARNING - Server sent a very old message with ID 7581455625213664257, ignoring (see FAQ for details)
2025-12-08 13:05:06 - WARNING - Security error while unpacking a received message: Too many messages had to be ignored consecutively
2025-12-08 13:05:06 - WARNING - Server sent a very old message with ID 7581455653954783233, ignoring (see FAQ for details)
2025-12-08 13:05:06 - WARNING - Security error while unpacking a received message: Too many messages had to be ignored consecutively
2025-12-08 13:05:06 - WARNING - Server sent a very old message with ID 7581455692956697601, ignoring (see FAQ for details)
2025-12-08 13:05:06 - WARNING - Security error while unpacking a received message: Too many messages had to be ignored consecutively
2025-12-08 13:05:06 - WARNING - Server sent a very old message with ID 7581455698455297025, ignoring (see FAQ for details)
2025-12-08 13:05:06 - WARNING - Security error while unpacking a received message: Too many messages had to be ignored consecutively
2025-12-08 13:05:07 - INFO - Got difference for channel 1429590454 updates
2025-12-08 13:05:09 - INFO - login start
2025-12-08 13:05:26 - INFO - Контент функции get_payment: В данный момент запись невозможна.
2025-12-08 13:05:26 - INFO - Содержание функции login: None
2025-12-08 13:15:26 - WARNING - Server sent a very old message with ID 7581457103886242817, ignoring (see FAQ for details)
2025-12-08 13:15:26 - WARNING - Server sent a very old message with ID 7581457109086149633, ignoring (see FAQ for details)
2025-12-08 13:15:26 - WARNING - Server sent a very old message with ID 7581457137803637761, ignoring (see FAQ for details)
2025-12-08 13:15:26 - INFO - The server closed the connection while sending
2025-12-08 13:15:26 - WARNING - Server sent a very old message with ID 7581457139172951041, ignoring (see FAQ for details)
2025-12-08 13:15:26 - INFO - Connection closed while receiving data: Not connected
2025-12-08 13:15:26 - INFO - Closing current connection to begin reconnect...
2025-12-08 13:15:26 - INFO - <class 'BrokenPipeError'> during disconnect: [Errno 32] Broken pipe
2025-12-08 13:15:26 - INFO - Connecting to 149.154.167.51:443/TcpFull...
2025-12-08 13:15:26 - INFO - Connection to 149.154.167.51:443/TcpFull complete!
2025-12-08 13:15:26 - WARNING - Security error while unpacking a received message: Server replied with a wrong session ID (see FAQ for details)
2025-12-08 13:15:26 - INFO - Got difference for account updates
2025-12-08 13:15:26 - INFO - Got difference for channel 1588101140 updates
2025-12-08 13:15:26 - INFO - Got difference for channel 1910872988 updates
2025-12-08 13:15:29 - INFO - login start
2025-12-08 13:15:43 - INFO - Контент функции get_payment: В данный момент запись невозможна.
2025-12-08 13:15:44 - INFO - Содержание функции login: None
2025-12-08 13:25:44 - WARNING - Server sent a very old message with ID 7581459748859346945, ignoring (see FAQ for details)
2025-12-08 13:25:44 - WARNING - Server sent a very old message with ID 7581459757404399617, ignoring (see FAQ for details)
2025-12-08 13:25:44 - WARNING - Server sent a very old message with ID 7581459759705468929, ignoring (see FAQ for details)
2025-12-08 13:25:44 - WARNING - Server sent a very old message with ID 7581459788725565441, ignoring (see FAQ for details)
2025-12-08 13:25:44 - WARNING - Server sent a very old message with ID 7581459798645013505, ignoring (see FAQ for details)
2025-12-08 13:25:44 - WARNING - Server sent a very old message with ID 7581459802097805313, ignoring (see FAQ for details)
2025-12-08 13:25:44 - WARNING - Server sent a very old message with ID 7581459803740518401, ignoring (see FAQ for details)
2025-12-08 13:25:44 - WARNING - Server sent a very old message with ID 7581459836352180225, ignoring (see FAQ for details)
2025-12-08 13:25:44 - WARNING - Server sent a very old message with ID 7581459900335983617, ignoring (see FAQ for details)
2025-12-08 13:25:44 - WARNING - Server sent a very old message with ID 7581459910034911233, ignoring (see FAQ for details)
2025-12-08 13:25:44 - WARNING - Security error while unpacking a received message: Too many messages had to be ignored consecutively
2025-12-08 13:25:44 - WARNING - Server sent a very old message with ID 7581459913786513409, ignoring (see FAQ for details)
2025-12-08 13:25:44 - WARNING - Security error while unpacking a received message: Too many messages had to be ignored consecutively
2025-12-08 13:25:44 - WARNING - Server sent a very old message with ID 7581459914882992129, ignoring (see FAQ for details)
2025-12-08 13:25:44 - WARNING - Security error while unpacking a received message: Too many messages had to be ignored consecutively
2025-12-08 13:25:44 - WARNING - Server sent a very old message with ID 7581459947733225473, ignoring (see FAQ for details)
2025-12-08 13:25:44 - WARNING - Security error while unpacking a received message: Too many messages had to be ignored consecutively
2025-12-08 13:25:44 - WARNING - Server sent a very old message with ID 7581459955224782849, ignoring (see FAQ for details)
2025-12-08 13:25:44 - WARNING - Security error while unpacking a received message: Too many messages had to be ignored consecutively
2025-12-08 13:25:44 - WARNING - Server sent a very old message with ID 7581459976290476033, ignoring (see FAQ for details)
2025-12-08 13:25:44 - WARNING - Security error while unpacking a received message: Too many messages had to be ignored consecutively
2025-12-08 13:25:44 - WARNING - Server sent a very old message with ID 7581459984376797185, ignoring (see FAQ for details)
2025-12-08 13:25:44 - WARNING - Security error while unpacking a received message: Too many messages had to be ignored consecutively
2025-12-08 13:25:44 - WARNING - Server sent a very old message with ID 7581460000453729281, ignoring (see FAQ for details)
2025-12-08 13:25:44 - WARNING - Security error while unpacking a received message: Too many messages had to be ignored consecutively
2025-12-08 13:25:44 - WARNING - Server sent a very old message with ID 7581460015337273345, ignoring (see FAQ for details)
2025-12-08 13:25:44 - WARNING - Security error while unpacking a received message: Too many messages had to be ignored consecutively
2025-12-08 13:25:44 - WARNING - Server sent a very old message with ID 7581460047133119489, ignoring (see FAQ for details)
2025-12-08 13:25:44 - WARNING - Security error while unpacking a received message: Too many messages had to be ignored consecutively
2025-12-08 13:25:44 - WARNING - Server sent a very old message with ID 7581460053308163073, ignoring (see FAQ for details)
2025-12-08 13:25:44 - WARNING - Security error while unpacking a received message: Too many messages had to be ignored consecutively
2025-12-08 13:25:44 - WARNING - Server sent a very old message with ID 7581460102119997441, ignoring (see FAQ for details)
2025-12-08 13:25:44 - WARNING - Security error while unpacking a received message: Too many messages had to be ignored consecutively
2025-12-08 13:25:44 - WARNING - Server sent a very old message with ID 7581460112984528897, ignoring (see FAQ for details)
2025-12-08 13:25:44 - WARNING - Security error while unpacking a received message: Too many messages had to be ignored consecutively
2025-12-08 13:25:44 - WARNING - Server sent a very old message with ID 7581460145239742465, ignoring (see FAQ for details)
2025-12-08 13:25:44 - WARNING - Security error while unpacking a received message: Too many messages had to be ignored consecutively
2025-12-08 13:25:44 - WARNING - Server sent a very old message with ID 7581460162346217473, ignoring (see FAQ for details)
2025-12-08 13:25:44 - WARNING - Security error while unpacking a received message: Too many messages had to be ignored consecutively
2025-12-08 13:25:44 - WARNING - Server sent a very old message with ID 7581460171260556289, ignoring (see FAQ for details)
2025-12-08 13:25:44 - WARNING - Security error while unpacking a received message: Too many messages had to be ignored consecutively
2025-12-08 13:25:44 - WARNING - Server sent a very old message with ID 7581460176151496705, ignoring (see FAQ for details)
2025-12-08 13:25:44 - WARNING - Security error while unpacking a received message: Too many messages had to be ignored consecutively
2025-12-08 13:25:44 - WARNING - Server sent a very old message with ID 7581460183381675009, ignoring (see FAQ for details)
2025-12-08 13:25:44 - WARNING - Security error while unpacking a received message: Too many messages had to be ignored consecutively
2025-12-08 13:25:44 - WARNING - Server sent a very old message with ID 7581460200147887105, ignoring (see FAQ for details)
2025-12-08 13:25:44 - WARNING - Security error while unpacking a received message: Too many messages had to be ignored consecutively
2025-12-08 13:25:44 - WARNING - Server sent a very old message with ID 7581460205902372865, ignoring (see FAQ for details)
2025-12-08 13:25:44 - WARNING - Security error while unpacking a received message: Too many messages had to be ignored consecutively
2025-12-08 13:25:44 - WARNING - Server sent a very old message with ID 7581460221999690753, ignoring (see FAQ for details)
2025-12-08 13:25:44 - WARNING - Security error while unpacking a received message: Too many messages had to be ignored consecutively
2025-12-08 13:25:44 - WARNING - Server sent a very old message with ID 7581460226272983041, ignoring (see FAQ for details)
2025-12-08 13:25:44 - WARNING - Security error while unpacking a received message: Too many messages had to be ignored consecutively
2025-12-08 13:25:44 - WARNING - Server sent a very old message with ID 7581460227738949633, ignoring (see FAQ for details)
2025-12-08 13:25:44 - WARNING - Security error while unpacking a received message: Too many messages had to be ignored consecutively
2025-12-08 13:25:44 - WARNING - Server sent a very old message with ID 7581460251337850881, ignoring (see FAQ for details)
2025-12-08 13:25:44 - WARNING - Security error while unpacking a received message: Too many messages had to be ignored consecutively
2025-12-08 13:25:44 - WARNING - Server sent a very old message with ID 7581460282906047489, ignoring (see FAQ for details)
2025-12-08 13:25:44 - WARNING - Security error while unpacking a received message: Too many messages had to be ignored consecutively
2025-12-08 13:25:44 - WARNING - Server sent a very old message with ID 7581460294884032513, ignoring (see FAQ for details)
2025-12-08 13:25:44 - WARNING - Security error while unpacking a received message: Too many messages had to be ignored consecutively
2025-12-08 13:25:44 - WARNING - Server sent a very old message with ID 7581460323667768321, ignoring (see FAQ for details)
2025-12-08 13:25:44 - WARNING - Security error while unpacking a received message: Too many messages had to be ignored consecutively
2025-12-08 13:25:44 - WARNING - Server sent a very old message with ID 7581460324912177153, ignoring (see FAQ for details)
2025-12-08 13:25:44 - WARNING - Security error while unpacking a received message: Too many messages had to be ignored consecutively
2025-12-08 13:25:44 - WARNING - Server sent a very old message with ID 7581460331513517057, ignoring (see FAQ for details)
2025-12-08 13:25:44 - WARNING - Security error while unpacking a received message: Too many messages had to be ignored consecutively
2025-12-08 13:25:44 - WARNING - Server sent a very old message with ID 7581460337387758593, ignoring (see FAQ for details)
2025-12-08 13:25:44 - WARNING - Security error while unpacking a received message: Too many messages had to be ignored consecutively
2025-12-08 13:25:44 - WARNING - Server sent a very old message with ID 7581460349867183105, ignoring (see FAQ for details)
2025-12-08 13:25:44 - WARNING - Security error while unpacking a received message: Too many messages had to be ignored consecutively
2025-12-08 13:25:44 - WARNING - Server sent a very old message with ID 7581460387490332673, ignoring (see FAQ for details)
2025-12-08 13:25:44 - WARNING - Security error while unpacking a received message: Too many messages had to be ignored consecutively
2025-12-08 13:25:44 - WARNING - Server sent a very old message with ID 7581460435144660993, ignoring (see FAQ for details)
2025-12-08 13:25:44 - WARNING - Security error while unpacking a received message: Too many messages had to be ignored consecutively
2025-12-08 13:25:44 - WARNING - Server sent a very old message with ID 7581460451132858369, ignoring (see FAQ for details)
2025-12-08 13:25:44 - WARNING - Security error while unpacking a received message: Too many messages had to be ignored consecutively
2025-12-08 13:25:44 - WARNING - Server sent a very old message with ID 7581460460759734273, ignoring (see FAQ for details)
2025-12-08 13:25:44 - WARNING - Security error while unpacking a received message: Too many messages had to be ignored consecutively
2025-12-08 13:25:44 - WARNING - Server sent a very old message with ID 7581460463458455553, ignoring (see FAQ for details)
2025-12-08 13:25:44 - WARNING - Security error while unpacking a received message: Too many messages had to be ignored consecutively
2025-12-08 13:25:44 - WARNING - Server sent a very old message with ID 7581460506886772737, ignoring (see FAQ for details)
2025-12-08 13:25:44 - WARNING - Security error while unpacking a received message: Too many messages had to be ignored consecutively
2025-12-08 13:25:44 - WARNING - Server sent a very old message with ID 7581460522995930113, ignoring (see FAQ for details)
2025-12-08 13:25:44 - WARNING - Security error while unpacking a received message: Too many messages had to be ignored consecutively
2025-12-08 13:25:44 - WARNING - Server sent a very old message with ID 7581460583735941121, ignoring (see FAQ for details)
2025-12-08 13:25:44 - WARNING - Security error while unpacking a received message: Too many messages had to be ignored consecutively
2025-12-08 13:25:44 - WARNING - Server sent a very old message with ID 7581460587096131585, ignoring (see FAQ for details)
2025-12-08 13:25:44 - WARNING - Security error while unpacking a received message: Too many messages had to be ignored consecutively
2025-12-08 13:25:44 - WARNING - Server sent a very old message with ID 7581460591320087553, ignoring (see FAQ for details)
2025-12-08 13:25:44 - WARNING - Security error while unpacking a received message: Too many messages had to be ignored consecutively
2025-12-08 13:25:44 - WARNING - Server sent a very old message with ID 7581460603675311105, ignoring (see FAQ for details)
2025-12-08 13:25:44 - WARNING - Security error while unpacking a received message: Too many messages had to be ignored consecutively
2025-12-08 13:25:44 - WARNING - Server sent a very old message with ID 7581460625917499393, ignoring (see FAQ for details)
2025-12-08 13:25:44 - WARNING - Security error while unpacking a received message: Too many messages had to be ignored consecutively
2025-12-08 13:25:44 - WARNING - Server sent a very old message with ID 7581460646314285057, ignoring (see FAQ for details)
2025-12-08 13:25:44 - WARNING - Security error while unpacking a received message: Too many messages had to be ignored consecutively
2025-12-08 13:25:44 - WARNING - Server sent a very old message with ID 7581460660497027073, ignoring (see FAQ for details)
2025-12-08 13:25:44 - WARNING - Security error while unpacking a received message: Too many messages had to be ignored consecutively
2025-12-08 13:25:44 - WARNING - Server sent a very old message with ID 7581460674901681153, ignoring (see FAQ for details)
2025-12-08 13:25:44 - WARNING - Security error while unpacking a received message: Too many messages had to be ignored consecutively
2025-12-08 13:25:44 - WARNING - Server sent a very old message with ID 7581460688925355009, ignoring (see FAQ for details)
2025-12-08 13:25:44 - WARNING - Security error while unpacking a received message: Too many messages had to be ignored consecutively
2025-12-08 13:25:44 - WARNING - Server sent a very old message with ID 7581460724217367553, ignoring (see FAQ for details)
2025-12-08 13:25:44 - WARNING - Security error while unpacking a received message: Too many messages had to be ignored consecutively
2025-12-08 13:25:44 - WARNING - Server sent a very old message with ID 7581460843990964225, ignoring (see FAQ for details)
2025-12-08 13:25:44 - WARNING - Security error while unpacking a received message: Too many messages had to be ignored consecutively
2025-12-08 13:25:44 - WARNING - Server sent a very old message with ID 7581460866553619457, ignoring (see FAQ for details)
2025-12-08 13:25:44 - WARNING - Security error while unpacking a received message: Too many messages had to be ignored consecutively
2025-12-08 13:25:44 - WARNING - Server sent a very old message with ID 7581460901297684481, ignoring (see FAQ for details)
2025-12-08 13:25:44 - WARNING - Security error while unpacking a received message: Too many messages had to be ignored consecutively
2025-12-08 13:25:44 - WARNING - Server sent a very old message with ID 7581460903820619777, ignoring (see FAQ for details)
2025-12-08 13:25:44 - WARNING - Security error while unpacking a received message: Too many messages had to be ignored consecutively
2025-12-08 13:25:44 - WARNING - Server sent a very old message with ID 7581460913862514689, ignoring (see FAQ for details)
2025-12-08 13:25:44 - WARNING - Security error while unpacking a received message: Too many messages had to be ignored consecutively
2025-12-08 13:25:44 - WARNING - Server sent a very old message with ID 7581460951450251265, ignoring (see FAQ for details)
2025-12-08 13:25:44 - WARNING - Security error while unpacking a received message: Too many messages had to be ignored consecutively
2025-12-08 13:25:44 - WARNING - Server sent a very old message with ID 7581460951468587009, ignoring (see FAQ for details)
2025-12-08 13:25:44 - WARNING - Security error while unpacking a received message: Too many messages had to be ignored consecutively
2025-12-08 13:25:44 - WARNING - Server sent a very old message with ID 7581460952330280961, ignoring (see FAQ for details)
2025-12-08 13:25:44 - WARNING - Security error while unpacking a received message: Too many messages had to be ignored consecutively
2025-12-08 13:25:44 - WARNING - Server sent a very old message with ID 7581460956458870785, ignoring (see FAQ for details)
2025-12-08 13:25:44 - WARNING - Security error while unpacking a received message: Too many messages had to be ignored consecutively
2025-12-08 13:25:44 - WARNING - Server sent a very old message with ID 7581460963419508737, ignoring (see FAQ for details)
2025-12-08 13:25:44 - WARNING - Security error while unpacking a received message: Too many messages had to be ignored consecutively
2025-12-08 13:25:44 - WARNING - Server sent a very old message with ID 7581461023365424129, ignoring (see FAQ for details)
2025-12-08 13:25:44 - WARNING - Security error while unpacking a received message: Too many messages had to be ignored consecutively
2025-12-08 13:25:44 - INFO - Got difference for channel 1047260531 updates
2025-12-08 13:25:46 - INFO - login start
2025-12-08 13:25:57 - INFO - Контент функции get_payment: В данный момент запись невозможна.
2025-12-08 13:25:57 - INFO - Содержание функции login: None
2025-12-08 13:35:57 - WARNING - Server sent a very old message with ID 7581462364317170689, ignoring (see FAQ for details)
2025-12-08 13:35:57 - WARNING - Server sent a very old message with ID 7581462377696390145, ignoring (see FAQ for details)
2025-12-08 13:35:57 - WARNING - Server sent a very old message with ID 7581462383800939521, ignoring (see FAQ for details)
2025-12-08 13:35:57 - WARNING - Server sent a very old message with ID 7581462387612718081, ignoring (see FAQ for details)
2025-12-08 13:35:57 - WARNING - Server sent a very old message with ID 7581462400106524673, ignoring (see FAQ for details)
2025-12-08 13:35:57 - WARNING - Server sent a very old message with ID 7581462404881519617, ignoring (see FAQ for details)
2025-12-08 13:35:57 - WARNING - Server sent a very old message with ID 7581462442458201089, ignoring (see FAQ for details)
2025-12-08 13:35:57 - WARNING - Server sent a very old message with ID 7581462446564742145, ignoring (see FAQ for details)
2025-12-08 13:35:57 - WARNING - Server sent a very old message with ID 7581462450364584961, ignoring (see FAQ for details)
2025-12-08 13:35:57 - WARNING - Server sent a very old message with ID 7581462455204508673, ignoring (see FAQ for details)
2025-12-08 13:35:57 - WARNING - Security error while unpacking a received message: Too many messages had to be ignored consecutively
2025-12-08 13:35:57 - WARNING - Server sent a very old message with ID 7581462468348732417, ignoring (see FAQ for details)
2025-12-08 13:35:57 - WARNING - Security error while unpacking a received message: Too many messages had to be ignored consecutively
2025-12-08 13:35:57 - WARNING - Server sent a very old message with ID 7581462470744054785, ignoring (see FAQ for details)
2025-12-08 13:35:57 - WARNING - Security error while unpacking a received message: Too many messages had to be ignored consecutively
2025-12-08 13:35:57 - WARNING - Server sent a very old message with ID 7581462486233468929, ignoring (see FAQ for details)
2025-12-08 13:35:57 - WARNING - Security error while unpacking a received message: Too many messages had to be ignored consecutively
2025-12-08 13:35:57 - WARNING - Server sent a very old message with ID 7581462495774874625, ignoring (see FAQ for details)
2025-12-08 13:35:57 - WARNING - Security error while unpacking a received message: Too many messages had to be ignored consecutively
2025-12-08 13:35:57 - WARNING - Server sent a very old message with ID 7581462515417363457, ignoring (see FAQ for details)
2025-12-08 13:35:57 - WARNING - Security error while unpacking a received message: Too many messages had to be ignored consecutively
2025-12-08 13:35:57 - WARNING - Server sent a very old message with ID 7581462520235021313, ignoring (see FAQ for details)
2025-12-08 13:35:57 - WARNING - Security error while unpacking a received message: Too many messages had to be ignored consecutively
2025-12-08 13:35:57 - WARNING - Server sent a very old message with ID 7581462530351154177, ignoring (see FAQ for details)
2025-12-08 13:35:57 - WARNING - Security error while unpacking a received message: Too many messages had to be ignored consecutively
2025-12-08 13:35:57 - WARNING - Server sent a very old message with ID 7581462542183211009, ignoring (see FAQ for details)
2025-12-08 13:35:57 - WARNING - Security error while unpacking a received message: Too many messages had to be ignored consecutively
2025-12-08 13:35:57 - WARNING - Server sent a very old message with ID 7581462573212349441, ignoring (see FAQ for details)
2025-12-08 13:35:57 - WARNING - Security error while unpacking a received message: Too many messages had to be ignored consecutively
2025-12-08 13:35:57 - WARNING - Server sent a very old message with ID 7581462573751420929, ignoring (see FAQ for details)
2025-12-08 13:35:57 - WARNING - Security error while unpacking a received message: Too many messages had to be ignored consecutively
2025-12-08 13:35:57 - WARNING - Server sent a very old message with ID 7581462591555884033, ignoring (see FAQ for details)
2025-12-08 13:35:57 - WARNING - Security error while unpacking a received message: Too many messages had to be ignored consecutively
2025-12-08 13:35:57 - WARNING - Server sent a very old message with ID 7581462666359318529, ignoring (see FAQ for details)
2025-12-08 13:35:57 - WARNING - Security error while unpacking a received message: Too many messages had to be ignored consecutively
2025-12-08 13:35:57 - WARNING - Server sent a very old message with ID 7581462706860464129, ignoring (see FAQ for details)
2025-12-08 13:35:57 - WARNING - Security error while unpacking a received message: Too many messages had to be ignored consecutively
2025-12-08 13:35:57 - WARNING - Server sent a very old message with ID 7581462763515089921, ignoring (see FAQ for details)
2025-12-08 13:35:57 - WARNING - Security error while unpacking a received message: Too many messages had to be ignored consecutively
2025-12-08 13:35:57 - WARNING - Server sent a very old message with ID 7581462773087409153, ignoring (see FAQ for details)
2025-12-08 13:35:57 - WARNING - Security error while unpacking a received message: Too many messages had to be ignored consecutively
2025-12-08 13:35:57 - WARNING - Server sent a very old message with ID 7581462781926903809, ignoring (see FAQ for details)
2025-12-08 13:35:57 - WARNING - Security error while unpacking a received message: Too many messages had to be ignored consecutively
2025-12-08 13:35:57 - WARNING - Server sent a very old message with ID 7581462797762682881, ignoring (see FAQ for details)
2025-12-08 13:35:57 - WARNING - Security error while unpacking a received message: Too many messages had to be ignored consecutively
2025-12-08 13:35:57 - WARNING - Server sent a very old message with ID 7581462806172112897, ignoring (see FAQ for details)
2025-12-08 13:35:57 - WARNING - Security error while unpacking a received message: Too many messages had to be ignored consecutively
2025-12-08 13:35:57 - WARNING - Server sent a very old message with ID 7581462809244541953, ignoring (see FAQ for details)
2025-12-08 13:35:57 - WARNING - Security error while unpacking a received message: Too many messages had to be ignored consecutively
2025-12-08 13:35:57 - WARNING - Server sent a very old message with ID 7581462833498722305, ignoring (see FAQ for details)
2025-12-08 13:35:57 - WARNING - Security error while unpacking a received message: Too many messages had to be ignored consecutively
2025-12-08 13:35:57 - WARNING - Server sent a very old message with ID 7581462834623823873, ignoring (see FAQ for details)
2025-12-08 13:35:57 - WARNING - Security error while unpacking a received message: Too many messages had to be ignored consecutively
2025-12-08 13:35:57 - WARNING - Server sent a very old message with ID 7581462836757864449, ignoring (see FAQ for details)
2025-12-08 13:35:57 - WARNING - Security error while unpacking a received message: Too many messages had to be ignored consecutively
2025-12-08 13:35:57 - WARNING - Server sent a very old message with ID 7581462897890276353, ignoring (see FAQ for details)
2025-12-08 13:35:57 - WARNING - Security error while unpacking a received message: Too many messages had to be ignored consecutively
2025-12-08 13:35:57 - WARNING - Server sent a very old message with ID 7581462918973103105, ignoring (see FAQ for details)
2025-12-08 13:35:57 - WARNING - Security error while unpacking a received message: Too many messages had to be ignored consecutively
2025-12-08 13:35:57 - WARNING - Server sent a very old message with ID 7581462919976540161, ignoring (see FAQ for details)
2025-12-08 13:35:57 - WARNING - Security error while unpacking a received message: Too many messages had to be ignored consecutively
2025-12-08 13:35:57 - WARNING - Server sent a very old message with ID 7581462925375301633, ignoring (see FAQ for details)
2025-12-08 13:35:57 - WARNING - Security error while unpacking a received message: Too many messages had to be ignored consecutively
2025-12-08 13:35:57 - WARNING - Server sent a very old message with ID 7581462934335371265, ignoring (see FAQ for details)
2025-12-08 13:35:57 - WARNING - Security error while unpacking a received message: Too many messages had to be ignored consecutively
2025-12-08 13:35:57 - WARNING - Server sent a very old message with ID 7581462943316052993, ignoring (see FAQ for details)
2025-12-08 13:35:57 - WARNING - Security error while unpacking a received message: Too many messages had to be ignored consecutively
2025-12-08 13:35:57 - WARNING - Server sent a very old message with ID 7581462949981197313, ignoring (see FAQ for details)
2025-12-08 13:35:57 - WARNING - Security error while unpacking a received message: Too many messages had to be ignored consecutively
2025-12-08 13:35:57 - WARNING - Server sent a very old message with ID 7581462973450633217, ignoring (see FAQ for details)
2025-12-08 13:35:57 - WARNING - Security error while unpacking a received message: Too many messages had to be ignored consecutively
2025-12-08 13:35:57 - WARNING - Server sent a very old message with ID 7581462980319929345, ignoring (see FAQ for details)
2025-12-08 13:35:57 - WARNING - Security error while unpacking a received message: Too many messages had to be ignored consecutively
2025-12-08 13:35:57 - WARNING - Server sent a very old message with ID 7581463005053135873, ignoring (see FAQ for details)
2025-12-08 13:35:57 - WARNING - Security error while unpacking a received message: Too many messages had to be ignored consecutively
2025-12-08 13:35:57 - WARNING - Server sent a very old message with ID 7581463007107897345, ignoring (see FAQ for details)
2025-12-08 13:35:57 - WARNING - Security error while unpacking a received message: Too many messages had to be ignored consecutively
2025-12-08 13:35:57 - WARNING - Server sent a very old message with ID 7581463010628170753, ignoring (see FAQ for details)
2025-12-08 13:35:57 - WARNING - Security error while unpacking a received message: Too many messages had to be ignored consecutively
2025-12-08 13:35:57 - WARNING - Server sent a very old message with ID 7581463032500329473, ignoring (see FAQ for details)
2025-12-08 13:35:57 - WARNING - Security error while unpacking a received message: Too many messages had to be ignored consecutively
2025-12-08 13:35:57 - WARNING - Server sent a very old message with ID 7581463037970308097, ignoring (see FAQ for details)
2025-12-08 13:35:57 - WARNING - Security error while unpacking a received message: Too many messages had to be ignored consecutively
2025-12-08 13:35:57 - WARNING - Server sent a very old message with ID 7581463038951117825, ignoring (see FAQ for details)
2025-12-08 13:35:57 - WARNING - Security error while unpacking a received message: Too many messages had to be ignored consecutively
2025-12-08 13:35:57 - WARNING - Server sent a very old message with ID 7581463041241211905, ignoring (see FAQ for details)
2025-12-08 13:35:57 - WARNING - Security error while unpacking a received message: Too many messages had to be ignored consecutively
2025-12-08 13:35:57 - WARNING - Server sent a very old message with ID 7581463043401662465, ignoring (see FAQ for details)
2025-12-08 13:35:57 - WARNING - Security error while unpacking a received message: Too many messages had to be ignored consecutively
2025-12-08 13:35:57 - WARNING - Server sent a very old message with ID 7581463044181404673, ignoring (see FAQ for details)
2025-12-08 13:35:57 - WARNING - Security error while unpacking a received message: Too many messages had to be ignored consecutively
2025-12-08 13:35:57 - WARNING - Server sent a very old message with ID 7581463096711476225, ignoring (see FAQ for details)
2025-12-08 13:35:57 - WARNING - Security error while unpacking a received message: Too many messages had to be ignored consecutively
2025-12-08 13:35:57 - WARNING - Server sent a very old message with ID 7581463099468166145, ignoring (see FAQ for details)
2025-12-08 13:35:57 - WARNING - Security error while unpacking a received message: Too many messages had to be ignored consecutively
2025-12-08 13:35:57 - WARNING - Server sent a very old message with ID 7581463114118975489, ignoring (see FAQ for details)
2025-12-08 13:35:57 - WARNING - Security error while unpacking a received message: Too many messages had to be ignored consecutively
2025-12-08 13:35:57 - WARNING - Server sent a very old message with ID 7581463120672932865, ignoring (see FAQ for details)
2025-12-08 13:35:57 - WARNING - Security error while unpacking a received message: Too many messages had to be ignored consecutively
2025-12-08 13:35:57 - WARNING - Server sent a very old message with ID 7581463136048757761, ignoring (see FAQ for details)
2025-12-08 13:35:57 - WARNING - Security error while unpacking a received message: Too many messages had to be ignored consecutively
2025-12-08 13:35:57 - WARNING - Server sent a very old message with ID 7581463148516804609, ignoring (see FAQ for details)
2025-12-08 13:35:57 - WARNING - Security error while unpacking a received message: Too many messages had to be ignored consecutively
2025-12-08 13:35:57 - WARNING - Server sent a very old message with ID 7581463171366349825, ignoring (see FAQ for details)
2025-12-08 13:35:57 - WARNING - Security error while unpacking a received message: Too many messages had to be ignored consecutively
2025-12-08 13:35:57 - WARNING - Server sent a very old message with ID 7581463177202656257, ignoring (see FAQ for details)
2025-12-08 13:35:57 - WARNING - Security error while unpacking a received message: Too many messages had to be ignored consecutively
2025-12-08 13:35:57 - WARNING - Server sent a very old message with ID 7581463194630094849, ignoring (see FAQ for details)
2025-12-08 13:35:57 - WARNING - Security error while unpacking a received message: Too many messages had to be ignored consecutively
2025-12-08 13:35:57 - WARNING - Server sent a very old message with ID 7581463223302392833, ignoring (see FAQ for details)
2025-12-08 13:35:57 - WARNING - Security error while unpacking a received message: Too many messages had to be ignored consecutively
2025-12-08 13:35:57 - WARNING - Server sent a very old message with ID 7581463224315953153, ignoring (see FAQ for details)
2025-12-08 13:35:57 - WARNING - Security error while unpacking a received message: Too many messages had to be ignored consecutively
2025-12-08 13:35:57 - WARNING - Server sent a very old message with ID 7581463226807711745, ignoring (see FAQ for details)
2025-12-08 13:35:57 - WARNING - Security error while unpacking a received message: Too many messages had to be ignored consecutively
2025-12-08 13:35:57 - WARNING - Server sent a very old message with ID 7581463254164670465, ignoring (see FAQ for details)
2025-12-08 13:35:57 - WARNING - Security error while unpacking a received message: Too many messages had to be ignored consecutively
2025-12-08 13:35:57 - WARNING - Server sent a very old message with ID 7581463292043539457, ignoring (see FAQ for details)
2025-12-08 13:35:57 - WARNING - Security error while unpacking a received message: Too many messages had to be ignored consecutively
2025-12-08 13:35:57 - WARNING - Server sent a very old message with ID 7581463300137836545, ignoring (see FAQ for details)
2025-12-08 13:35:57 - WARNING - Security error while unpacking a received message: Too many messages had to be ignored consecutively
2025-12-08 13:35:57 - WARNING - Server sent a very old message with ID 7581463323738858497, ignoring (see FAQ for details)
2025-12-08 13:35:57 - WARNING - Security error while unpacking a received message: Too many messages had to be ignored consecutively
2025-12-08 13:35:57 - WARNING - Server sent a very old message with ID 7581463325205289985, ignoring (see FAQ for details)
2025-12-08 13:35:57 - WARNING - Security error while unpacking a received message: Too many messages had to be ignored consecutively
2025-12-08 13:35:57 - WARNING - Server sent a very old message with ID 7581463346360946689, ignoring (see FAQ for details)
2025-12-08 13:35:57 - WARNING - Security error while unpacking a received message: Too many messages had to be ignored consecutively
2025-12-08 13:35:57 - WARNING - Server sent a very old message with ID 7581463371039828993, ignoring (see FAQ for details)
2025-12-08 13:35:57 - WARNING - Security error while unpacking a received message: Too many messages had to be ignored consecutively
2025-12-08 13:35:57 - WARNING - Server sent a very old message with ID 7581463387806577665, ignoring (see FAQ for details)
2025-12-08 13:35:57 - WARNING - Security error while unpacking a received message: Too many messages had to be ignored consecutively
2025-12-08 13:35:57 - WARNING - Server sent a very old message with ID 7581463401998234625, ignoring (see FAQ for details)
2025-12-08 13:35:57 - WARNING - Security error while unpacking a received message: Too many messages had to be ignored consecutively
2025-12-08 13:35:57 - WARNING - Server sent a very old message with ID 7581463403922210817, ignoring (see FAQ for details)
2025-12-08 13:35:57 - WARNING - Security error while unpacking a received message: Too many messages had to be ignored consecutively
2025-12-08 13:35:57 - WARNING - Server sent a very old message with ID 7581463404590767105, ignoring (see FAQ for details)
2025-12-08 13:35:57 - WARNING - Security error while unpacking a received message: Too many messages had to be ignored consecutively
2025-12-08 13:35:57 - WARNING - Server sent a very old message with ID 7581463421515414529, ignoring (see FAQ for details)
2025-12-08 13:35:57 - WARNING - Security error while unpacking a received message: Too many messages had to be ignored consecutively
2025-12-08 13:35:57 - WARNING - Server sent a very old message with ID 7581463448840142849, ignoring (see FAQ for details)
2025-12-08 13:35:57 - WARNING - Security error while unpacking a received message: Too many messages had to be ignored consecutively
2025-12-08 13:35:57 - WARNING - Server sent a very old message with ID 7581463458637613057, ignoring (see FAQ for details)
2025-12-08 13:35:57 - WARNING - Security error while unpacking a received message: Too many messages had to be ignored consecutively
2025-12-08 13:35:57 - WARNING - Server sent a very old message with ID 7581463461290570753, ignoring (see FAQ for details)
2025-12-08 13:35:57 - WARNING - Security error while unpacking a received message: Too many messages had to be ignored consecutively
2025-12-08 13:35:57 - WARNING - Server sent a very old message with ID 7581463475649979393, ignoring (see FAQ for details)
2025-12-08 13:35:57 - WARNING - Security error while unpacking a received message: Too many messages had to be ignored consecutively
2025-12-08 13:35:57 - WARNING - Server sent a very old message with ID 7581463485982824449, ignoring (see FAQ for details)
2025-12-08 13:35:57 - WARNING - Security error while unpacking a received message: Too many messages had to be ignored consecutively
2025-12-08 13:35:57 - WARNING - Server sent a very old message with ID 7581463505065874433, ignoring (see FAQ for details)
2025-12-08 13:35:57 - WARNING - Security error while unpacking a received message: Too many messages had to be ignored consecutively
2025-12-08 13:35:57 - WARNING - Server sent a very old message with ID 7581463528476683265, ignoring (see FAQ for details)
2025-12-08 13:35:57 - WARNING - Security error while unpacking a received message: Too many messages had to be ignored consecutively
2025-12-08 13:35:57 - WARNING - Server sent a very old message with ID 7581463539279720449, ignoring (see FAQ for details)
2025-12-08 13:35:57 - WARNING - Security error while unpacking a received message: Too many messages had to be ignored consecutively
2025-12-08 13:35:57 - WARNING - Server sent a very old message with ID 7581463549094172673, ignoring (see FAQ for details)
2025-12-08 13:35:57 - WARNING - Security error while unpacking a received message: Too many messages had to be ignored consecutively
2025-12-08 13:35:57 - WARNING - Server sent a very old message with ID 7581463569718381569, ignoring (see FAQ for details)
2025-12-08 13:35:57 - WARNING - Security error while unpacking a received message: Too many messages had to be ignored consecutively
2025-12-08 13:35:57 - WARNING - Server sent a very old message with ID 7581463610378977281, ignoring (see FAQ for details)
2025-12-08 13:35:57 - WARNING - Security error while unpacking a received message: Too many messages had to be ignored consecutively
2025-12-08 13:35:57 - WARNING - Server sent a very old message with ID 7581463614870436865, ignoring (see FAQ for details)
2025-12-08 13:35:57 - WARNING - Security error while unpacking a received message: Too many messages had to be ignored consecutively
2025-12-08 13:35:57 - WARNING - Server sent a very old message with ID 7581463624216885249, ignoring (see FAQ for details)
2025-12-08 13:35:57 - WARNING - Security error while unpacking a received message: Too many messages had to be ignored consecutively
2025-12-08 13:35:57 - WARNING - Server sent a very old message with ID 7581463633252922369, ignoring (see FAQ for details)
2025-12-08 13:35:57 - WARNING - Security error while unpacking a received message: Too many messages had to be ignored consecutively
2025-12-08 13:35:57 - WARNING - Server sent a very old message with ID 7581463654735338505, ignoring (see FAQ for details)
2025-12-08 13:35:57 - WARNING - Security error while unpacking a received message: Too many messages had to be ignored consecutively
2025-12-08 13:35:57 - WARNING - Server sent a very old message with ID 7581463654735338501, ignoring (see FAQ for details)
2025-12-08 13:35:57 - WARNING - Security error while unpacking a received message: Too many messages had to be ignored consecutively
2025-12-08 13:35:57 - WARNING - Server sent a very old message with ID 7581463654735338497, ignoring (see FAQ for details)
2025-12-08 13:35:57 - WARNING - Security error while unpacking a received message: Too many messages had to be ignored consecutively
2025-12-08 13:35:57 - INFO - Got difference for channel 1689140559 updates
2025-12-08 13:35:57 - INFO - Got difference for channel 1775975314 updates
2025-12-08 13:35:57 - INFO - Got difference for channel 1588101140 updates
2025-12-08 13:35:57 - INFO - Got difference for channel 1429590454 updates
2025-12-08 13:35:58 - INFO - Got difference for channel 1910872988 updates
2025-12-08 13:35:59 - INFO - login start
2025-12-08 13:36:13 - INFO - Контент функции get_payment: В данный момент запись невозможна.
2025-12-08 13:36:13 - INFO - Содержание функции login: None
2025-12-08 20:29:08 - WARNING - Server sent a very old message with ID 7581465032947034113, ignoring (see FAQ for details)
2025-12-08 20:29:08 - WARNING - Server sent a very old message with ID 7581465051366568961, ignoring (see FAQ for details)
2025-12-08 20:29:08 - WARNING - Server sent a very old message with ID 7581465051366467593, ignoring (see FAQ for details)
2025-12-08 20:29:08 - WARNING - Server sent a very old message with ID 7581465061412232193, ignoring (see FAQ for details)
2025-12-08 20:29:08 - WARNING - Server sent a very old message with ID 7581465068775389185, ignoring (see FAQ for details)
2025-12-08 20:29:08 - WARNING - Server sent a very old message with ID 7581465069808236545, ignoring (see FAQ for details)
2025-12-08 20:29:08 - WARNING - Server sent a very old message with ID 7581465074417758209, ignoring (see FAQ for details)
2025-12-08 20:29:08 - WARNING - Server sent a very old message with ID 7581465082653917185, ignoring (see FAQ for details)
2025-12-08 20:29:08 - WARNING - Server sent a very old message with ID 7581465082678504449, ignoring (see FAQ for details)
2025-12-08 20:29:08 - WARNING - Server sent a very old message with ID 7581465085381124097, ignoring (see FAQ for details)
2025-12-08 20:29:08 - WARNING - Security error while unpacking a received message: Too many messages had to be ignored consecutively
2025-12-08 20:29:08 - WARNING - Server sent a very old message with ID 7581465088686399489, ignoring (see FAQ for details)
2025-12-08 20:29:08 - WARNING - Security error while unpacking a received message: Too many messages had to be ignored consecutively
2025-12-08 20:29:08 - WARNING - Server sent a very old message with ID 7581465101243539457, ignoring (see FAQ for details)
2025-12-08 20:29:08 - WARNING - Security error while unpacking a received message: Too many messages had to be ignored consecutively
2025-12-08 20:29:08 - WARNING - Server sent a very old message with ID 7581465109115615233, ignoring (see FAQ for details)
2025-12-08 20:29:08 - WARNING - Security error while unpacking a received message: Too many messages had to be ignored consecutively
2025-12-08 20:29:08 - WARNING - Server sent a very old message with ID 7581465112767221761, ignoring (see FAQ for details)
2025-12-08 20:29:08 - WARNING - Security error while unpacking a received message: Too many messages had to be ignored consecutively
2025-12-08 20:29:08 - WARNING - Server sent a very old message with ID 7581465121578964993, ignoring (see FAQ for details)
2025-12-08 20:29:08 - WARNING - Security error while unpacking a received message: Too many messages had to be ignored consecutively
2025-12-08 20:29:08 - WARNING - Server sent a very old message with ID 7581465124322772993, ignoring (see FAQ for details)
2025-12-08 20:29:08 - WARNING - Security error while unpacking a received message: Too many messages had to be ignored consecutively
2025-12-08 20:29:08 - WARNING - Server sent a very old message with ID 7581465125928856577, ignoring (see FAQ for details)
2025-12-08 20:29:08 - WARNING - Security error while unpacking a received message: Too many messages had to be ignored consecutively
2025-12-08 20:29:08 - WARNING - Server sent a very old message with ID 7581465128921545729, ignoring (see FAQ for details)
2025-12-08 20:29:08 - WARNING - Security error while unpacking a received message: Too many messages had to be ignored consecutively
2025-12-08 20:29:08 - WARNING - Server sent a very old message with ID 7581465152086979585, ignoring (see FAQ for details)
2025-12-08 20:29:08 - WARNING - Security error while unpacking a received message: Too many messages had to be ignored consecutively
2025-12-08 20:29:08 - WARNING - Server sent a very old message with ID 7581465153453822977, ignoring (see FAQ for details)
2025-12-08 20:29:08 - WARNING - Security error while unpacking a received message: Too many messages had to be ignored consecutively
2025-12-08 20:29:08 - WARNING - Server sent a very old message with ID 7581465175780108289, ignoring (see FAQ for details)
2025-12-08 20:29:08 - WARNING - Security error while unpacking a received message: Too many messages had to be ignored consecutively
2025-12-08 20:29:08 - WARNING - Server sent a very old message with ID 7581465188726065153, ignoring (see FAQ for details)
2025-12-08 20:29:08 - WARNING - Security error while unpacking a received message: Too many messages had to be ignored consecutively
2025-12-08 20:29:08 - WARNING - Server sent a very old message with ID 7581465189735542785, ignoring (see FAQ for details)
2025-12-08 20:29:08 - WARNING - Security error while unpacking a received message: Too many messages had to be ignored consecutively
2025-12-08 20:29:08 - WARNING - Server sent a very old message with ID 7581465196177557505, ignoring (see FAQ for details)
2025-12-08 20:29:08 - WARNING - Security error while unpacking a received message: Too many messages had to be ignored consecutively
2025-12-08 20:29:08 - WARNING - Server sent a very old message with ID 7581465208085514241, ignoring (see FAQ for details)
2025-12-08 20:29:08 - WARNING - Security error while unpacking a received message: Too many messages had to be ignored consecutively
2025-12-08 20:29:08 - WARNING - Server sent a very old message with ID 7581465232343409665, ignoring (see FAQ for details)
2025-12-08 20:29:08 - WARNING - Security error while unpacking a received message: Too many messages had to be ignored consecutively
2025-12-08 20:29:08 - WARNING - Server sent a very old message with ID 7581465270491619329, ignoring (see FAQ for details)
2025-12-08 20:29:08 - WARNING - Security error while unpacking a received message: Too many messages had to be ignored consecutively
2025-12-08 20:29:08 - WARNING - Server sent a very old message with ID 7581465277127229441, ignoring (see FAQ for details)
2025-12-08 20:29:08 - WARNING - Security error while unpacking a received message: Too many messages had to be ignored consecutively
2025-12-08 20:29:08 - WARNING - Server sent a very old message with ID 7581465297380958209, ignoring (see FAQ for details)
2025-12-08 20:29:08 - WARNING - Security error while unpacking a received message: Too many messages had to be ignored consecutively
2025-12-08 20:29:08 - WARNING - Server sent a very old message with ID 7581465300892940289, ignoring (see FAQ for details)
2025-12-08 20:29:08 - WARNING - Security error while unpacking a received message: Too many messages had to be ignored consecutively
2025-12-08 20:29:08 - WARNING - Server sent a very old message with ID 7581465309665259521, ignoring (see FAQ for details)
2025-12-08 20:29:08 - WARNING - Security error while unpacking a received message: Too many messages had to be ignored consecutively
2025-12-08 20:29:08 - WARNING - Server sent a very old message with ID 7581465324250124289, ignoring (see FAQ for details)
2025-12-08 20:29:08 - WARNING - Security error while unpacking a received message: Too many messages had to be ignored consecutively
2025-12-08 20:29:08 - WARNING - Server sent a very old message with ID 7581465324527458305, ignoring (see FAQ for details)
2025-12-08 20:29:08 - WARNING - Security error while unpacking a received message: Too many messages had to be ignored consecutively
2025-12-08 20:29:08 - WARNING - Server sent a very old message with ID 7581465329819463681, ignoring (see FAQ for details)
2025-12-08 20:29:08 - WARNING - Security error while unpacking a received message: Too many messages had to be ignored consecutively
2025-12-08 20:29:08 - WARNING - Server sent a very old message with ID 7581465335422645249, ignoring (see FAQ for details)
2025-12-08 20:29:08 - WARNING - Security error while unpacking a received message: Too many messages had to be ignored consecutively
2025-12-08 20:29:08 - WARNING - Server sent a very old message with ID 7581465340414169089, ignoring (see FAQ for details)
2025-12-08 20:29:08 - WARNING - Security error while unpacking a received message: Too many messages had to be ignored consecutively
2025-12-08 20:29:08 - WARNING - Server sent a very old message with ID 7581465341066033153, ignoring (see FAQ for details)
2025-12-08 20:29:08 - WARNING - Security error while unpacking a received message: Too many messages had to be ignored consecutively
2025-12-08 20:29:08 - WARNING - Server sent a very old message with ID 7581465364879703041, ignoring (see FAQ for details)
2025-12-08 20:29:08 - WARNING - Security error while unpacking a received message: Too many messages had to be ignored consecutively
2025-12-08 20:29:08 - WARNING - Server sent a very old message with ID 7581465381009776641, ignoring (see FAQ for details)
2025-12-08 20:29:08 - WARNING - Security error while unpacking a received message: Too many messages had to be ignored consecutively
2025-12-08 20:29:08 - WARNING - Server sent a very old message with ID 7581465386806303745, ignoring (see FAQ for details)
2025-12-08 20:29:08 - WARNING - Security error while unpacking a received message: Too many messages had to be ignored consecutively
2025-12-08 20:29:08 - WARNING - Server sent a very old message with ID 7581465396238029825, ignoring (see FAQ for details)
2025-12-08 20:29:08 - WARNING - Security error while unpacking a received message: Too many messages had to be ignored consecutively
2025-12-08 20:29:08 - WARNING - Server sent a very old message with ID 7581465412167059457, ignoring (see FAQ for details)
2025-12-08 20:29:08 - WARNING - Security error while unpacking a received message: Too many messages had to be ignored consecutively
2025-12-08 20:29:08 - WARNING - Server sent a very old message with ID 7581465453216459777, ignoring (see FAQ for details)
2025-12-08 20:29:08 - WARNING - Security error while unpacking a received message: Too many messages had to be ignored consecutively
2025-12-08 20:29:08 - WARNING - Server sent a very old message with ID 7581465465750437889, ignoring (see FAQ for details)
2025-12-08 20:29:08 - WARNING - Security error while unpacking a received message: Too many messages had to be ignored consecutively
2025-12-08 20:29:08 - WARNING - Server sent a very old message with ID 7581465466996092929, ignoring (see FAQ for details)
2025-12-08 20:29:08 - WARNING - Security error while unpacking a received message: Too many messages had to be ignored consecutively
2025-12-08 20:29:08 - WARNING - Server sent a very old message with ID 7581465468358810625, ignoring (see FAQ for details)
2025-12-08 20:29:08 - WARNING - Security error while unpacking a received message: Too many messages had to be ignored consecutively
2025-12-08 20:29:08 - WARNING - Server sent a very old message with ID 7581465472338285569, ignoring (see FAQ for details)
2025-12-08 20:29:08 - WARNING - Security error while unpacking a received message: Too many messages had to be ignored consecutively
2025-12-08 20:29:08 - WARNING - Server sent a very old message with ID 7581465473207786497, ignoring (see FAQ for details)
2025-12-08 20:29:08 - WARNING - Security error while unpacking a received message: Too many messages had to be ignored consecutively
2025-12-08 20:29:08 - WARNING - Server sent a very old message with ID 7581465516729454593, ignoring (see FAQ for details)
2025-12-08 20:29:08 - WARNING - Security error while unpacking a received message: Too many messages had to be ignored consecutively
2025-12-08 20:29:08 - WARNING - Server sent a very old message with ID 7581465518704952321, ignoring (see FAQ for details)
2025-12-08 20:29:08 - WARNING - Security error while unpacking a received message: Too many messages had to be ignored consecutively
2025-12-08 20:29:08 - WARNING - Server sent a very old message with ID 7581465569009456129, ignoring (see FAQ for details)
2025-12-08 20:29:08 - WARNING - Security error while unpacking a received message: Too many messages had to be ignored consecutively
2025-12-08 20:29:08 - WARNING - Server sent a very old message with ID 7581465578346635265, ignoring (see FAQ for details)
2025-12-08 20:29:08 - WARNING - Security error while unpacking a received message: Too many messages had to be ignored consecutively
2025-12-08 20:29:08 - WARNING - Server sent a very old message with ID 7581465581786119169, ignoring (see FAQ for details)
2025-12-08 20:29:08 - WARNING - Security error while unpacking a received message: Too many messages had to be ignored consecutively
2025-12-08 20:29:08 - WARNING - Server sent a very old message with ID 7581465585726777345, ignoring (see FAQ for details)
2025-12-08 20:29:08 - WARNING - Security error while unpacking a received message: Too many messages had to be ignored consecutively
2025-12-08 20:29:08 - WARNING - Server sent a very old message with ID 7581465624680266753, ignoring (see FAQ for details)
2025-12-08 20:29:08 - WARNING - Security error while unpacking a received message: Too many messages had to be ignored consecutively
2025-12-08 20:29:08 - WARNING - Server sent a very old message with ID 7581465655807756289, ignoring (see FAQ for details)
2025-12-08 20:29:08 - WARNING - Security error while unpacking a received message: Too many messages had to be ignored consecutively
2025-12-08 20:29:08 - WARNING - Server sent a very old message with ID 7581465659121168385, ignoring (see FAQ for details)
2025-12-08 20:29:08 - WARNING - Security error while unpacking a received message: Too many messages had to be ignored consecutively
2025-12-08 20:29:08 - WARNING - Server sent a very old message with ID 7581465662670360577, ignoring (see FAQ for details)
2025-12-08 20:29:08 - WARNING - Security error while unpacking a received message: Too many messages had to be ignored consecutively
2025-12-08 20:29:08 - WARNING - Server sent a very old message with ID 7581465665272537089, ignoring (see FAQ for details)
2025-12-08 20:29:08 - WARNING - Security error while unpacking a received message: Too many messages had to be ignored consecutively
2025-12-08 20:29:08 - WARNING - Server sent a very old message with ID 7581465666861760513, ignoring (see FAQ for details)
2025-12-08 20:29:08 - WARNING - Security error while unpacking a received message: Too many messages had to be ignored consecutively
2025-12-08 20:29:08 - WARNING - Server sent a very old message with ID 7581465676941026305, ignoring (see FAQ for details)
2025-12-08 20:29:08 - WARNING - Security error while unpacking a received message: Too many messages had to be ignored consecutively
2025-12-08 20:29:08 - WARNING - Server sent a very old message with ID 7581465716954037249, ignoring (see FAQ for details)
2025-12-08 20:29:08 - WARNING - Security error while unpacking a received message: Too many messages had to be ignored consecutively
2025-12-08 20:29:08 - WARNING - Server sent a very old message with ID 7581465719003083777, ignoring (see FAQ for details)
2025-12-08 20:29:08 - WARNING - Security error while unpacking a received message: Too many messages had to be ignored consecutively
2025-12-08 20:29:08 - WARNING - Server sent a very old message with ID 7581465745652147201, ignoring (see FAQ for details)
2025-12-08 20:29:08 - WARNING - Security error while unpacking a received message: Too many messages had to be ignored consecutively
2025-12-08 20:29:08 - WARNING - Server sent a very old message with ID 7581465745940136961, ignoring (see FAQ for details)
2025-12-08 20:29:08 - WARNING - Security error while unpacking a received message: Too many messages had to be ignored consecutively
2025-12-08 20:29:08 - WARNING - Server sent a very old message with ID 7581465752569637889, ignoring (see FAQ for details)
2025-12-08 20:29:08 - WARNING - Security error while unpacking a received message: Too many messages had to be ignored consecutively
2025-12-08 20:29:08 - WARNING - Server sent a very old message with ID 7581465767871298561, ignoring (see FAQ for details)
2025-12-08 20:29:08 - WARNING - Security error while unpacking a received message: Too many messages had to be ignored consecutively
2025-12-08 20:29:08 - WARNING - Server sent a very old message with ID 7581465768868919297, ignoring (see FAQ for details)
2025-12-08 20:29:08 - WARNING - Security error while unpacking a received message: Too many messages had to be ignored consecutively
2025-12-08 20:29:08 - WARNING - Server sent a very old message with ID 7581465792586348545, ignoring (see FAQ for details)
2025-12-08 20:29:08 - WARNING - Security error while unpacking a received message: Too many messages had to be ignored consecutively
2025-12-08 20:29:08 - WARNING - Server sent a very old message with ID 7581465808762067969, ignoring (see FAQ for details)
2025-12-08 20:29:08 - WARNING - Security error while unpacking a received message: Too many messages had to be ignored consecutively
2025-12-08 20:29:08 - WARNING - Server sent a very old message with ID 7581465834792256513, ignoring (see FAQ for details)
2025-12-08 20:29:08 - WARNING - Security error while unpacking a received message: Too many messages had to be ignored consecutively
2025-12-08 20:29:08 - WARNING - Server sent a very old message with ID 7581465846030683137, ignoring (see FAQ for details)
2025-12-08 20:29:08 - WARNING - Security error while unpacking a received message: Too many messages had to be ignored consecutively
2025-12-08 20:29:08 - WARNING - Server sent a very old message with ID 7581465871875058689, ignoring (see FAQ for details)
2025-12-08 20:29:08 - WARNING - Security error while unpacking a received message: Too many messages had to be ignored consecutively
2025-12-08 20:29:08 - WARNING - Server sent a very old message with ID 7581465889743631361, ignoring (see FAQ for details)
2025-12-08 20:29:08 - WARNING - Security error while unpacking a received message: Too many messages had to be ignored consecutively
2025-12-08 20:29:08 - WARNING - Server sent a very old message with ID 7581465891918945281, ignoring (see FAQ for details)
2025-12-08 20:29:08 - WARNING - Security error while unpacking a received message: Too many messages had to be ignored consecutively
2025-12-08 20:29:08 - WARNING - Server sent a very old message with ID 7581465908450055169, ignoring (see FAQ for details)
2025-12-08 20:29:08 - WARNING - Security error while unpacking a received message: Too many messages had to be ignored consecutively
2025-12-08 20:29:08 - WARNING - Server sent a very old message with ID 7581465912759513089, ignoring (see FAQ for details)
2025-12-08 20:29:08 - WARNING - Security error while unpacking a received message: Too many messages had to be ignored consecutively
2025-12-08 20:29:08 - WARNING - Server sent a very old message with ID 7581465938482510849, ignoring (see FAQ for details)
2025-12-08 20:29:08 - WARNING - Security error while unpacking a received message: Too many messages had to be ignored consecutively
2025-12-08 20:29:08 - WARNING - Server sent a very old message with ID 7581465946152100865, ignoring (see FAQ for details)
2025-12-08 20:29:08 - WARNING - Security error while unpacking a received message: Too many messages had to be ignored consecutively
2025-12-08 20:29:08 - WARNING - Server sent a very old message with ID 7581465971164332033, ignoring (see FAQ for details)
2025-12-08 20:29:08 - WARNING - Security error while unpacking a received message: Too many messages had to be ignored consecutively
2025-12-08 20:29:08 - WARNING - Server sent a very old message with ID 7581466020575170561, ignoring (see FAQ for details)
2025-12-08 20:29:08 - WARNING - Security error while unpacking a received message: Too many messages had to be ignored consecutively
2025-12-08 20:29:08 - WARNING - Server sent a very old message with ID 7581466025219736577, ignoring (see FAQ for details)
2025-12-08 20:29:08 - WARNING - Security error while unpacking a received message: Too many messages had to be ignored consecutively
2025-12-08 20:29:08 - WARNING - Server sent a very old message with ID 7581466041767180289, ignoring (see FAQ for details)
2025-12-08 20:29:08 - WARNING - Security error while unpacking a received message: Too many messages had to be ignored consecutively
2025-12-08 20:29:08 - WARNING - Server sent a very old message with ID 7581466050895159297, ignoring (see FAQ for details)
2025-12-08 20:29:08 - WARNING - Security error while unpacking a received message: Too many messages had to be ignored consecutively
2025-12-08 20:29:08 - WARNING - Server sent a very old message with ID 7581466085894377473, ignoring (see FAQ for details)
2025-12-08 20:29:08 - WARNING - Security error while unpacking a received message: Too many messages had to be ignored consecutively
2025-12-08 20:29:08 - WARNING - Server sent a very old message with ID 7581466095057173505, ignoring (see FAQ for details)
2025-12-08 20:29:08 - WARNING - Security error while unpacking a received message: Too many messages had to be ignored consecutively
2025-12-08 20:29:08 - WARNING - Server sent a very old message with ID 7581466099454068737, ignoring (see FAQ for details)
2025-12-08 20:29:08 - WARNING - Security error while unpacking a received message: Too many messages had to be ignored consecutively
2025-12-08 20:29:08 - WARNING - Server sent a very old message with ID 7581466121746613249, ignoring (see FAQ for details)
2025-12-08 20:29:08 - WARNING - Security error while unpacking a received message: Too many messages had to be ignored consecutively
2025-12-08 20:29:08 - WARNING - Server sent a very old message with ID 7581466153276657665, ignoring (see FAQ for details)
2025-12-08 20:29:08 - WARNING - Security error while unpacking a received message: Too many messages had to be ignored consecutively
2025-12-08 20:29:08 - WARNING - Server sent a very old message with ID 7581466176559739905, ignoring (see FAQ for details)
2025-12-08 20:29:08 - WARNING - Security error while unpacking a received message: Too many messages had to be ignored consecutively
2025-12-08 20:29:08 - WARNING - Server sent a very old message with ID 7581466178022091777, ignoring (see FAQ for details)
2025-12-08 20:29:08 - WARNING - Security error while unpacking a received message: Too many messages had to be ignored consecutively
2025-12-08 20:29:08 - WARNING - Server sent a very old message with ID 7581466178887587841, ignoring (see FAQ for details)
2025-12-08 20:29:08 - WARNING - Security error while unpacking a received message: Too many messages had to be ignored consecutively
2025-12-08 20:29:08 - WARNING - Server sent a very old message with ID 7581466183673622529, ignoring (see FAQ for details)
2025-12-08 20:29:08 - WARNING - Security error while unpacking a received message: Too many messages had to be ignored consecutively
2025-12-08 20:29:08 - WARNING - Server sent a very old message with ID 7581466195091948545, ignoring (see FAQ for details)
2025-12-08 20:29:08 - WARNING - Security error while unpacking a received message: Too many messages had to be ignored consecutively
2025-12-08 20:29:08 - WARNING - Server sent a very old message with ID 7581466212398349313, ignoring (see FAQ for details)
2025-12-08 20:29:08 - WARNING - Security error while unpacking a received message: Too many messages had to be ignored consecutively
2025-12-08 20:29:08 - WARNING - Server sent a very old message with ID 7581466227404593153, ignoring (see FAQ for details)
2025-12-08 20:29:08 - WARNING - Security error while unpacking a received message: Too many messages had to be ignored consecutively
2025-12-08 20:29:08 - WARNING - Server sent a very old message with ID 7581466228775699457, ignoring (see FAQ for details)
2025-12-08 20:29:08 - WARNING - Security error while unpacking a received message: Too many messages had to be ignored consecutively
2025-12-08 20:29:08 - WARNING - Server sent a very old message with ID 7581466235549149185, ignoring (see FAQ for details)
2025-12-08 20:29:08 - WARNING - Security error while unpacking a received message: Too many messages had to be ignored consecutively
2025-12-08 20:29:08 - WARNING - Server sent a very old message with ID 7581466244062878721, ignoring (see FAQ for details)
2025-12-08 20:29:08 - WARNING - Security error while unpacking a received message: Too many messages had to be ignored consecutively
2025-12-08 20:29:08 - WARNING - Server sent a very old message with ID 7581466244816123905, ignoring (see FAQ for details)
2025-12-08 20:29:08 - WARNING - Security error while unpacking a received message: Too many messages had to be ignored consecutively
2025-12-08 20:29:08 - WARNING - Server sent a very old message with ID 7581466245196027905, ignoring (see FAQ for details)
2025-12-08 20:29:08 - WARNING - Security error while unpacking a received message: Too many messages had to be ignored consecutively
2025-12-08 20:29:08 - WARNING - Server sent a very old message with ID 7581466249077236737, ignoring (see FAQ for details)
2025-12-08 20:29:08 - WARNING - Security error while unpacking a received message: Too many messages had to be ignored consecutively
2025-12-08 20:29:08 - WARNING - Server sent a very old message with ID 7581466271468194817, ignoring (see FAQ for details)
2025-12-08 20:29:08 - WARNING - Security error while unpacking a received message: Too many messages had to be ignored consecutively
2025-12-08 20:29:08 - WARNING - Server sent a very old message with ID 7581466272980590593, ignoring (see FAQ for details)
2025-12-08 20:29:08 - WARNING - Security error while unpacking a received message: Too many messages had to be ignored consecutively
2025-12-08 20:29:08 - WARNING - Server sent a very old message with ID 7581466277675665409, ignoring (see FAQ for details)
2025-12-08 20:29:08 - WARNING - Security error while unpacking a received message: Too many messages had to be ignored consecutively
2025-12-08 20:29:08 - WARNING - Server sent a very old message with ID 7581466288176412673, ignoring (see FAQ for details)
2025-12-08 20:29:08 - WARNING - Security error while unpacking a received message: Too many messages had to be ignored consecutively
2025-12-08 20:29:08 - WARNING - Server sent a very old message with ID 7581466328401822721, ignoring (see FAQ for details)
2025-12-08 20:29:08 - WARNING - Security error while unpacking a received message: Too many messages had to be ignored consecutively
2025-12-08 20:29:08 - WARNING - Server sent a very old message with ID 7581466341704729601, ignoring (see FAQ for details)
2025-12-08 20:29:08 - WARNING - Security error while unpacking a received message: Too many messages had to be ignored consecutively
2025-12-08 20:29:08 - WARNING - Server sent a very old message with ID 7581466349741548545, ignoring (see FAQ for details)
2025-12-08 20:29:08 - WARNING - Security error while unpacking a received message: Too many messages had to be ignored consecutively
2025-12-08 20:29:08 - WARNING - Server sent a very old message with ID 7581466366334019585, ignoring (see FAQ for details)
2025-12-08 20:29:08 - WARNING - Security error while unpacking a received message: Too many messages had to be ignored consecutively
2025-12-08 20:29:08 - WARNING - Server sent a very old message with ID 7581466368837701633, ignoring (see FAQ for details)
2025-12-08 20:29:08 - WARNING - Security error while unpacking a received message: Too many messages had to be ignored consecutively
2025-12-08 20:29:08 - WARNING - Server sent a very old message with ID 7581466375006173185, ignoring (see FAQ for details)
2025-12-08 20:29:08 - WARNING - Security error while unpacking a received message: Too many messages had to be ignored consecutively
2025-12-08 20:29:08 - WARNING - Server sent a very old message with ID 7581466398048821249, ignoring (see FAQ for details)
2025-12-08 20:29:08 - WARNING - Security error while unpacking a received message: Too many messages had to be ignored consecutively
2025-12-08 20:29:08 - WARNING - Server sent a very old message with ID 7581466400939877377, ignoring (see FAQ for details)
2025-12-08 20:29:08 - WARNING - Security error while unpacking a received message: Too many messages had to be ignored consecutively
2025-12-08 20:29:08 - WARNING - Server sent a very old message with ID 7581466410018419713, ignoring (see FAQ for details)
2025-12-08 20:29:08 - WARNING - Security error while unpacking a received message: Too many messages had to be ignored consecutively
2025-12-08 20:29:08 - WARNING - Server sent a very old message with ID 7581466433512429569, ignoring (see FAQ for details)
2025-12-08 20:29:08 - WARNING - Security error while unpacking a received message: Too many messages had to be ignored consecutively
2025-12-08 20:29:08 - WARNING - Server sent a very old message with ID 7581466446292701185, ignoring (see FAQ for details)
2025-12-08 20:29:08 - WARNING - Security error while unpacking a received message: Too many messages had to be ignored consecutively
2025-12-08 20:29:08 - WARNING - Server sent a very old message with ID 7581466464736996353, ignoring (see FAQ for details)
2025-12-08 20:29:08 - WARNING - Security error while unpacking a received message: Too many messages had to be ignored consecutively
2025-12-08 20:29:08 - WARNING - Server sent a very old message with ID 7581466470929596417, ignoring (see FAQ for details)
2025-12-08 20:29:08 - WARNING - Security error while unpacking a received message: Too many messages had to be ignored consecutively
2025-12-08 20:29:08 - WARNING - Server sent a very old message with ID 7581466478312252417, ignoring (see FAQ for details)
2025-12-08 20:29:08 - WARNING - Security error while unpacking a received message: Too many messages had to be ignored consecutively
2025-12-08 20:29:08 - WARNING - Server sent a very old message with ID 7581466489473369089, ignoring (see FAQ for details)
2025-12-08 20:29:08 - WARNING - Security error while unpacking a received message: Too many messages had to be ignored consecutively
2025-12-08 20:29:08 - WARNING - Server sent a very old message with ID 7581466490258661377, ignoring (see FAQ for details)
2025-12-08 20:29:08 - WARNING - Security error while unpacking a received message: Too many messages had to be ignored consecutively
2025-12-08 20:29:08 - WARNING - Server sent a very old message with ID 7581466518399474689, ignoring (see FAQ for details)
2025-12-08 20:29:08 - WARNING - Security error while unpacking a received message: Too many messages had to be ignored consecutively
2025-12-08 20:29:08 - WARNING - Server sent a very old message with ID 7581466519942482945, ignoring (see FAQ for details)
2025-12-08 20:29:08 - WARNING - Security error while unpacking a received message: Too many messages had to be ignored consecutively
2025-12-08 20:29:08 - WARNING - Server sent a very old message with ID 7581466523929792513, ignoring (see FAQ for details)
2025-12-08 20:29:08 - WARNING - Security error while unpacking a received message: Too many messages had to be ignored consecutively
2025-12-08 20:29:08 - WARNING - Server sent a very old message with ID 7581466534253673473, ignoring (see FAQ for details)
2025-12-08 20:29:08 - WARNING - Security error while unpacking a received message: Too many messages had to be ignored consecutively
2025-12-08 20:29:08 - WARNING - Server sent a very old message with ID 7581466536972112897, ignoring (see FAQ for details)
2025-12-08 20:29:08 - WARNING - Security error while unpacking a received message: Too many messages had to be ignored consecutively
2025-12-08 20:29:08 - WARNING - Server sent a very old message with ID 7581466558608180225, ignoring (see FAQ for details)
2025-12-08 20:29:08 - WARNING - Security error while unpacking a received message: Too many messages had to be ignored consecutively
2025-12-08 20:29:08 - WARNING - Server sent a very old message with ID 7581466587019820033, ignoring (see FAQ for details)
2025-12-08 20:29:08 - WARNING - Security error while unpacking a received message: Too many messages had to be ignored consecutively
2025-12-08 20:29:08 - WARNING - Server sent a very old message with ID 7581466592026172417, ignoring (see FAQ for details)
2025-12-08 20:29:08 - WARNING - Security error while unpacking a received message: Too many messages had to be ignored consecutively
2025-12-08 20:29:08 - WARNING - Server sent a very old message with ID 7581466612155771905, ignoring (see FAQ for details)
2025-12-08 20:29:08 - WARNING - Security error while unpacking a received message: Too many messages had to be ignored consecutively
2025-12-08 20:29:08 - WARNING - Server sent a very old message with ID 7581466622539959297, ignoring (see FAQ for details)
2025-12-08 20:29:08 - WARNING - Security error while unpacking a received message: Too many messages had to be ignored consecutively
2025-12-08 20:29:08 - WARNING - Server sent a very old message with ID 7581466642138864641, ignoring (see FAQ for details)
2025-12-08 20:29:08 - WARNING - Security error while unpacking a received message: Too many messages had to be ignored consecutively
2025-12-08 20:29:08 - WARNING - Server sent a very old message with ID 7581466657393836033, ignoring (see FAQ for details)
2025-12-08 20:29:08 - WARNING - Security error while unpacking a received message: Too many messages had to be ignored consecutively
2025-12-08 20:29:08 - WARNING - Server sent a very old message with ID 7581466665822667777, ignoring (see FAQ for details)
2025-12-08 20:29:08 - WARNING - Security error while unpacking a received message: Too many messages had to be ignored consecutively
2025-12-08 20:29:08 - WARNING - Server sent a very old message with ID 7581466679782478849, ignoring (see FAQ for details)
2025-12-08 20:29:08 - WARNING - Security error while unpacking a received message: Too many messages had to be ignored consecutively
2025-12-08 20:29:08 - WARNING - Server sent a very old message with ID 7581466681354374145, ignoring (see FAQ for details)
2025-12-08 20:29:08 - WARNING - Security error while unpacking a received message: Too many messages had to be ignored consecutively
2025-12-08 20:29:08 - WARNING - Server sent a very old message with ID 7581466694167117825, ignoring (see FAQ for details)
2025-12-08 20:29:08 - WARNING - Security error while unpacking a received message: Too many messages had to be ignored consecutively
2025-12-08 20:29:08 - WARNING - Server sent a very old message with ID 7581466700694173697, ignoring (see FAQ for details)
2025-12-08 20:29:08 - WARNING - Security error while unpacking a received message: Too many messages had to be ignored consecutively
2025-12-08 20:29:08 - WARNING - Server sent a very old message with ID 7581466719632274433, ignoring (see FAQ for details)
2025-12-08 20:29:08 - WARNING - Security error while unpacking a received message: Too many messages had to be ignored consecutively
2025-12-08 20:29:08 - WARNING - Server sent a very old message with ID 7581466726017092609, ignoring (see FAQ for details)
2025-12-08 20:29:08 - WARNING - Security error while unpacking a received message: Too many messages had to be ignored consecutively
2025-12-08 20:29:08 - WARNING - Server sent a very old message with ID 7581466730553684993, ignoring (see FAQ for details)
2025-12-08 20:29:08 - WARNING - Security error while unpacking a received message: Too many messages had to be ignored consecutively
2025-12-08 20:29:08 - WARNING - Server sent a very old message with ID 7581466731488925697, ignoring (see FAQ for details)
2025-12-08 20:29:08 - WARNING - Security error while unpacking a received message: Too many messages had to be ignored consecutively
2025-12-08 20:29:08 - WARNING - Server sent a very old message with ID 7581466742432669697, ignoring (see FAQ for details)
2025-12-08 20:29:08 - WARNING - Security error while unpacking a received message: Too many messages had to be ignored consecutively
2025-12-08 20:29:08 - WARNING - Server sent a very old message with ID 7581466749003633665, ignoring (see FAQ for details)
2025-12-08 20:29:08 - WARNING - Security error while unpacking a received message: Too many messages had to be ignored consecutively
2025-12-08 20:29:08 - WARNING - Server sent a very old message with ID 7581466756200353793, ignoring (see FAQ for details)
2025-12-08 20:29:08 - WARNING - Security error while unpacking a received message: Too many messages had to be ignored consecutively
2025-12-08 20:29:08 - WARNING - Server sent a very old message with ID 7581466779782311937, ignoring (see FAQ for details)
2025-12-08 20:29:08 - WARNING - Security error while unpacking a received message: Too many messages had to be ignored consecutively
2025-12-08 20:29:08 - WARNING - Server sent a very old message with ID 7581466796889802753, ignoring (see FAQ for details)
2025-12-08 20:29:08 - WARNING - Security error while unpacking a received message: Too many messages had to be ignored consecutively
2025-12-08 20:29:08 - WARNING - Server sent a very old message with ID 7581466820969127937, ignoring (see FAQ for details)
2025-12-08 20:29:08 - WARNING - Security error while unpacking a received message: Too many messages had to be ignored consecutively
2025-12-08 20:29:08 - WARNING - Server sent a very old message with ID 7581466846756529153, ignoring (see FAQ for details)
2025-12-08 20:29:08 - WARNING - Security error while unpacking a received message: Too many messages had to be ignored consecutively
2025-12-08 20:29:08 - WARNING - Server sent a very old message with ID 7581466873068950529, ignoring (see FAQ for details)
2025-12-08 20:29:08 - WARNING - Security error while unpacking a received message: Too many messages had to be ignored consecutively
2025-12-08 20:29:08 - WARNING - Server sent a very old message with ID 7581466882160458753, ignoring (see FAQ for details)
2025-12-08 20:29:08 - WARNING - Security error while unpacking a received message: Too many messages had to be ignored consecutively
2025-12-08 20:29:08 - WARNING - Server sent a very old message with ID 7581466882806773761, ignoring (see FAQ for details)
2025-12-08 20:29:08 - WARNING - Security error while unpacking a received message: Too many messages had to be ignored consecutively
2025-12-08 20:29:08 - WARNING - Server sent a very old message with ID 7581466887231414273, ignoring (see FAQ for details)
2025-12-08 20:29:08 - WARNING - Security error while unpacking a received message: Too many messages had to be ignored consecutively
2025-12-08 20:29:08 - WARNING - Server sent a very old message with ID 7581466888675202049, ignoring (see FAQ for details)
2025-12-08 20:29:08 - WARNING - Security error while unpacking a received message: Too many messages had to be ignored consecutively
2025-12-08 20:29:14 - INFO - login start
2025-12-08 20:29:26 - WARNING - Server closed the connection: [Errno 60] Operation timed out
2025-12-08 20:29:26 - INFO - Connection closed while receiving data: [Errno 60] Operation timed out
2025-12-08 20:29:26 - INFO - Closing current connection to begin reconnect...
2025-12-08 20:29:26 - INFO - Connecting to 149.154.167.51:443/TcpFull...
2025-12-08 20:29:26 - INFO - <class 'TimeoutError'> during disconnect: [Errno 60] Operation timed out
2025-12-08 20:29:26 - INFO - Connection to 149.154.167.51:443/TcpFull complete!
2025-12-08 20:29:27 - INFO - Got difference for channel 2057918535 updates
2025-12-08 20:29:27 - INFO - Got difference for channel 2660964783 updates
2025-12-08 20:29:27 - INFO - Got difference for channel 2131185146 updates
2025-12-08 20:29:27 - INFO - Got difference for channel 1469480309 updates
2025-12-08 20:29:27 - INFO - Got difference for channel 1047260531 updates
2025-12-08 20:29:29 - INFO - Контент функции get_payment: В данный момент запись невозможна.
2025-12-08 20:29:29 - INFO - Содержание функции login: None
2025-12-08 20:41:26 - WARNING - Server sent a very old message with ID 7581571520258386945, ignoring (see FAQ for details)
2025-12-08 20:41:26 - WARNING - Server sent a very old message with ID 7581571703994419201, ignoring (see FAQ for details)
2025-12-08 20:41:26 - WARNING - Server sent a very old message with ID 7581571987673583617, ignoring (see FAQ for details)
2025-12-08 20:41:26 - WARNING - Server sent a very old message with ID 7581572009383237633, ignoring (see FAQ for details)
2025-12-08 20:41:26 - WARNING - Server sent a very old message with ID 7581572171697739777, ignoring (see FAQ for details)
2025-12-08 20:41:26 - WARNING - Server sent a very old message with ID 7581572197974083585, ignoring (see FAQ for details)
2025-12-08 20:41:26 - WARNING - Server sent a very old message with ID 7581572372147755009, ignoring (see FAQ for details)
2025-12-08 20:41:26 - WARNING - Server sent a very old message with ID 7581572372147755017, ignoring (see FAQ for details)
2025-12-08 20:41:26 - WARNING - Server sent a very old message with ID 7581572372147755013, ignoring (see FAQ for details)
2025-12-08 20:41:26 - WARNING - Server sent a very old message with ID 7581572402716787713, ignoring (see FAQ for details)
2025-12-08 20:41:26 - WARNING - Security error while unpacking a received message: Too many messages had to be ignored consecutively
2025-12-08 20:41:26 - WARNING - Server sent a very old message with ID 7581572425149144065, ignoring (see FAQ for details)
2025-12-08 20:41:26 - WARNING - Security error while unpacking a received message: Too many messages had to be ignored consecutively
2025-12-08 20:41:26 - WARNING - Server sent a very old message with ID 7581572431046614017, ignoring (see FAQ for details)
2025-12-08 20:41:26 - WARNING - Security error while unpacking a received message: Too many messages had to be ignored consecutively
2025-12-08 20:41:26 - WARNING - Server sent a very old message with ID 7581572499211894785, ignoring (see FAQ for details)
2025-12-08 20:41:26 - WARNING - Security error while unpacking a received message: Too many messages had to be ignored consecutively
2025-12-08 20:41:26 - WARNING - Server sent a very old message with ID 7581572551525246977, ignoring (see FAQ for details)
2025-12-08 20:41:26 - WARNING - Security error while unpacking a received message: Too many messages had to be ignored consecutively
2025-12-08 20:41:26 - WARNING - Server sent a very old message with ID 7581572570274537473, ignoring (see FAQ for details)
2025-12-08 20:41:26 - WARNING - Security error while unpacking a received message: Too many messages had to be ignored consecutively
2025-12-08 20:41:26 - WARNING - Server sent a very old message with ID 7581572631886495745, ignoring (see FAQ for details)
2025-12-08 20:41:26 - WARNING - Security error while unpacking a received message: Too many messages had to be ignored consecutively
2025-12-08 20:41:26 - WARNING - Server sent a very old message with ID 7581572694584972289, ignoring (see FAQ for details)
2025-12-08 20:41:26 - WARNING - Security error while unpacking a received message: Too many messages had to be ignored consecutively
2025-12-08 20:41:26 - WARNING - Server sent a very old message with ID 7581572751493215233, ignoring (see FAQ for details)
2025-12-08 20:41:26 - WARNING - Security error while unpacking a received message: Too many messages had to be ignored consecutively
2025-12-08 20:41:26 - WARNING - Server sent a very old message with ID 7581572922685691905, ignoring (see FAQ for details)
2025-12-08 20:41:26 - WARNING - Security error while unpacking a received message: Too many messages had to be ignored consecutively
2025-12-08 20:41:26 - WARNING - Server sent a very old message with ID 7581572922685691913, ignoring (see FAQ for details)
2025-12-08 20:41:26 - WARNING - Security error while unpacking a received message: Too many messages had to be ignored consecutively
2025-12-08 20:41:26 - WARNING - Server sent a very old message with ID 7581572922685691909, ignoring (see FAQ for details)
2025-12-08 20:41:26 - WARNING - Security error while unpacking a received message: Too many messages had to be ignored consecutively
2025-12-08 20:41:26 - WARNING - Server sent a very old message with ID 7581573092334770177, ignoring (see FAQ for details)
2025-12-08 20:41:26 - WARNING - Security error while unpacking a received message: Too many messages had to be ignored consecutively
2025-12-08 20:41:26 - WARNING - Server sent a very old message with ID 7581573152053472257, ignoring (see FAQ for details)
2025-12-08 20:41:26 - WARNING - Security error while unpacking a received message: Too many messages had to be ignored consecutively
2025-12-08 20:41:26 - WARNING - Server sent a very old message with ID 7581573183944528897, ignoring (see FAQ for details)
2025-12-08 20:41:26 - WARNING - Security error while unpacking a received message: Too many messages had to be ignored consecutively
2025-12-08 20:41:26 - WARNING - Server sent a very old message with ID 7581573249083866113, ignoring (see FAQ for details)
2025-12-08 20:41:26 - WARNING - Security error while unpacking a received message: Too many messages had to be ignored consecutively
2025-12-08 20:41:26 - WARNING - Server sent a very old message with ID 7581573289252142081, ignoring (see FAQ for details)
2025-12-08 20:41:26 - WARNING - Security error while unpacking a received message: Too many messages had to be ignored consecutively
2025-12-08 20:41:27 - INFO - Got difference for account updates
2025-12-08 20:41:27 - INFO - Got difference for account updates
2025-12-08 20:41:27 - INFO - Got difference for channel 1689140559 updates
2025-12-08 20:41:27 - INFO - Got difference for channel 1588101140 updates
2025-12-08 20:41:27 - INFO - Got difference for channel 1891922549 updates
2025-12-08 20:41:27 - INFO - Got difference for channel 1429590454 updates
2025-12-08 20:41:29 - INFO - login start
2025-12-08 20:41:42 - INFO - Контент функции get_payment: В данный момент запись невозможна.
2025-12-08 20:41:42 - INFO - Содержание функции login: None
2025-12-08 21:16:52 - WARNING - Server sent a very old message with ID 7581574659991076865, ignoring (see FAQ for details)
2025-12-08 21:16:52 - WARNING - Server sent a very old message with ID 7581574664214404097, ignoring (see FAQ for details)
2025-12-08 21:16:52 - WARNING - Server sent a very old message with ID 7581574668216221697, ignoring (see FAQ for details)
2025-12-08 21:16:52 - WARNING - Server sent a very old message with ID 7581574692327143425, ignoring (see FAQ for details)
2025-12-08 21:16:52 - WARNING - Server sent a very old message with ID 7581574767121140737, ignoring (see FAQ for details)
2025-12-08 21:16:52 - WARNING - Server sent a very old message with ID 7581574805464995841, ignoring (see FAQ for details)
2025-12-08 21:16:52 - WARNING - Server sent a very old message with ID 7581574827618201601, ignoring (see FAQ for details)
2025-12-08 21:16:52 - WARNING - Server sent a very old message with ID 7581574835595173889, ignoring (see FAQ for details)
2025-12-08 21:16:52 - WARNING - Server sent a very old message with ID 7581574843739595777, ignoring (see FAQ for details)
2025-12-08 21:16:52 - WARNING - Server sent a very old message with ID 7581574869396613121, ignoring (see FAQ for details)
2025-12-08 21:16:52 - WARNING - Security error while unpacking a received message: Too many messages had to be ignored consecutively
2025-12-08 21:16:52 - WARNING - Server sent a very old message with ID 7581574871404964865, ignoring (see FAQ for details)
2025-12-08 21:16:52 - WARNING - Security error while unpacking a received message: Too many messages had to be ignored consecutively
2025-12-08 21:16:52 - WARNING - Server sent a very old message with ID 7581574880060307457, ignoring (see FAQ for details)
2025-12-08 21:16:52 - WARNING - Security error while unpacking a received message: Too many messages had to be ignored consecutively
2025-12-08 21:16:52 - WARNING - Server sent a very old message with ID 7581574906950674433, ignoring (see FAQ for details)
2025-12-08 21:16:52 - WARNING - Security error while unpacking a received message: Too many messages had to be ignored consecutively
2025-12-08 21:16:52 - WARNING - Server sent a very old message with ID 7581574910713494529, ignoring (see FAQ for details)
2025-12-08 21:16:52 - WARNING - Security error while unpacking a received message: Too many messages had to be ignored consecutively
2025-12-08 21:16:52 - WARNING - Server sent a very old message with ID 7581574922821903361, ignoring (see FAQ for details)
2025-12-08 21:16:52 - WARNING - Security error while unpacking a received message: Too many messages had to be ignored consecutively
2025-12-08 21:16:52 - WARNING - Server sent a very old message with ID 7581574929072820225, ignoring (see FAQ for details)
2025-12-08 21:16:52 - WARNING - Security error while unpacking a received message: Too many messages had to be ignored consecutively
2025-12-08 21:16:52 - WARNING - Server closed the connection: [Errno 54] Connection reset by peer
2025-12-08 21:16:52 - INFO - Connection closed while receiving data: [Errno 54] Connection reset by peer
2025-12-08 21:16:52 - INFO - Closing current connection to begin reconnect...
2025-12-08 21:16:52 - INFO - Connecting to 149.154.167.51:443/TcpFull...
2025-12-08 21:16:52 - INFO - <class 'ConnectionResetError'> during disconnect: [Errno 54] Connection reset by peer
2025-12-08 21:16:52 - INFO - Connection to 149.154.167.51:443/TcpFull complete!
2025-12-08 21:16:54 - INFO - login start
2025-12-08 21:17:08 - INFO - Контент функции get_payment: В данный момент запись невозможна.
2025-12-08 21:17:08 - INFO - Содержание функции login: None
2025-12-08 21:27:08 - WARNING - Server sent a very old message with ID 7581583891560866817, ignoring (see FAQ for details)
2025-12-08 21:27:08 - WARNING - Server sent a very old message with ID 7581583982306778113, ignoring (see FAQ for details)
2025-12-08 21:27:08 - WARNING - Server sent a very old message with ID 7581583993412280321, ignoring (see FAQ for details)
2025-12-08 21:27:08 - WARNING - Server sent a very old message with ID 7581584006151165953, ignoring (see FAQ for details)
2025-12-08 21:27:08 - WARNING - Server sent a very old message with ID 7581584216108125209, ignoring (see FAQ for details)
2025-12-08 21:27:08 - WARNING - Server sent a very old message with ID 7581584216108215297, ignoring (see FAQ for details)
2025-12-08 21:27:08 - WARNING - Server sent a very old message with ID 7581584216108215301, ignoring (see FAQ for details)
2025-12-08 21:27:08 - WARNING - Server sent a very old message with ID 7581584397127286785, ignoring (see FAQ for details)
2025-12-08 21:27:08 - WARNING - Server sent a very old message with ID 7581584689871816725, ignoring (see FAQ for details)
2025-12-08 21:27:08 - WARNING - Server sent a very old message with ID 7581584689871816729, ignoring (see FAQ for details)
2025-12-08 21:27:08 - WARNING - Security error while unpacking a received message: Too many messages had to be ignored consecutively
2025-12-08 21:27:08 - WARNING - Server sent a very old message with ID 7581584689871931393, ignoring (see FAQ for details)
2025-12-08 21:27:08 - WARNING - Security error while unpacking a received message: Too many messages had to be ignored consecutively
2025-12-08 21:27:08 - WARNING - Server sent a very old message with ID 7581584689871816709, ignoring (see FAQ for details)
2025-12-08 21:27:08 - WARNING - Security error while unpacking a received message: Too many messages had to be ignored consecutively
2025-12-08 21:27:08 - WARNING - Server sent a very old message with ID 7581584689871816705, ignoring (see FAQ for details)
2025-12-08 21:27:08 - WARNING - Security error while unpacking a received message: Too many messages had to be ignored consecutively
2025-12-08 21:27:08 - WARNING - Server sent a very old message with ID 7581584737489504257, ignoring (see FAQ for details)
2025-12-08 21:27:08 - WARNING - Security error while unpacking a received message: Too many messages had to be ignored consecutively
2025-12-08 21:27:08 - WARNING - Server sent a very old message with ID 7581584797589170177, ignoring (see FAQ for details)
2025-12-08 21:27:08 - WARNING - Security error while unpacking a received message: Too many messages had to be ignored consecutively
2025-12-08 21:27:08 - WARNING - Server sent a very old message with ID 7581584982854447113, ignoring (see FAQ for details)
2025-12-08 21:27:08 - WARNING - Security error while unpacking a received message: Too many messages had to be ignored consecutively
2025-12-08 21:27:08 - WARNING - Server sent a very old message with ID 7581584982854447117, ignoring (see FAQ for details)
2025-12-08 21:27:08 - WARNING - Security error while unpacking a received message: Too many messages had to be ignored consecutively
2025-12-08 21:27:08 - WARNING - Server sent a very old message with ID 7581584982854514689, ignoring (see FAQ for details)
2025-12-08 21:27:08 - WARNING - Security error while unpacking a received message: Too many messages had to be ignored consecutively
2025-12-08 21:27:08 - INFO - Got difference for account updates
2025-12-08 21:27:08 - INFO - Got difference for channel 2344166211 updates
2025-12-08 21:27:08 - INFO - Got difference for channel 2450293828 updates
2025-12-08 21:27:08 - INFO - Got difference for channel 1588101140 updates
2025-12-08 21:27:09 - INFO - Got difference for channel 1910872988 updates
2025-12-08 21:27:09 - INFO - Got difference for channel 1212971434 updates
2025-12-08 21:27:09 - INFO - Got difference for channel 1115681195 updates
2025-12-08 21:27:09 - INFO - Got difference for channel 1670064300 updates
2025-12-08 21:27:09 - INFO - Got difference for channel 1671400369 updates
2025-12-08 21:27:09 - INFO - Got difference for channel 1429590454 updates
2025-12-08 21:27:10 - INFO - Got difference for channel 1891922549 updates
2025-12-08 21:27:10 - INFO - login start
2025-12-08 21:27:25 - INFO - Контент функции get_payment: В данный момент запись невозможна.
2025-12-08 21:27:26 - INFO - Содержание функции login: None
2025-12-08 21:37:26 - WARNING - Server sent a very old message with ID 7581586474592181249, ignoring (see FAQ for details)
2025-12-08 21:37:26 - WARNING - Server sent a very old message with ID 7581586510496858113, ignoring (see FAQ for details)
2025-12-08 21:37:26 - WARNING - Server sent a very old message with ID 7581586652996770817, ignoring (see FAQ for details)
2025-12-08 21:37:26 - WARNING - Server sent a very old message with ID 7581586664541420545, ignoring (see FAQ for details)
2025-12-08 21:37:26 - WARNING - Server sent a very old message with ID 7581586749685487617, ignoring (see FAQ for details)
2025-12-08 21:37:26 - WARNING - Server sent a very old message with ID 7581586927460226049, ignoring (see FAQ for details)
2025-12-08 21:37:26 - WARNING - Server sent a very old message with ID 7581586927460226053, ignoring (see FAQ for details)
2025-12-08 21:37:26 - WARNING - Server sent a very old message with ID 7581586959532630017, ignoring (see FAQ for details)
2025-12-08 21:37:26 - WARNING - Server sent a very old message with ID 7581587023910906889, ignoring (see FAQ for details)
2025-12-08 21:37:26 - WARNING - Server sent a very old message with ID 7581587023911029761, ignoring (see FAQ for details)
2025-12-08 21:37:26 - WARNING - Security error while unpacking a received message: Too many messages had to be ignored consecutively
2025-12-08 21:37:26 - WARNING - Server sent a very old message with ID 7581587067818053633, ignoring (see FAQ for details)
2025-12-08 21:37:26 - WARNING - Security error while unpacking a received message: Too many messages had to be ignored consecutively
2025-12-08 21:37:26 - WARNING - Server sent a very old message with ID 7581587127291469825, ignoring (see FAQ for details)
2025-12-08 21:37:26 - WARNING - Security error while unpacking a received message: Too many messages had to be ignored consecutively
2025-12-08 21:37:26 - WARNING - Server sent a very old message with ID 7581587549088722945, ignoring (see FAQ for details)
2025-12-08 21:37:26 - WARNING - Security error while unpacking a received message: Too many messages had to be ignored consecutively
2025-12-08 21:37:26 - WARNING - Server sent a very old message with ID 7581587630046519297, ignoring (see FAQ for details)
2025-12-08 21:37:26 - WARNING - Security error while unpacking a received message: Too many messages had to be ignored consecutively
2025-12-08 21:37:26 - WARNING - Server sent a very old message with ID 7581587653569966081, ignoring (see FAQ for details)
2025-12-08 21:37:26 - WARNING - Security error while unpacking a received message: Too many messages had to be ignored consecutively
2025-12-08 21:37:26 - WARNING - Server sent a very old message with ID 7581587673556386817, ignoring (see FAQ for details)
2025-12-08 21:37:26 - WARNING - Security error while unpacking a received message: Too many messages had to be ignored consecutively
2025-12-08 21:37:26 - WARNING - Server sent a very old message with ID 7581587697086413825, ignoring (see FAQ for details)
2025-12-08 21:37:26 - WARNING - Security error while unpacking a received message: Too many messages had to be ignored consecutively
2025-12-08 21:37:26 - WARNING - Server sent a very old message with ID 7581587700733035521, ignoring (see FAQ for details)
2025-12-08 21:37:26 - WARNING - Security error while unpacking a received message: Too many messages had to be ignored consecutively
2025-12-08 21:37:26 - WARNING - Server sent a very old message with ID 7581587706137209857, ignoring (see FAQ for details)
2025-12-08 21:37:26 - WARNING - Security error while unpacking a received message: Too many messages had to be ignored consecutively
2025-12-08 21:37:26 - INFO - Got difference for channel 1682735731 updates
2025-12-08 21:37:28 - INFO - login start
2025-12-08 21:37:45 - INFO - Контент функции get_payment: В данный момент запись невозможна.
2025-12-08 21:37:45 - INFO - Содержание функции login: None
2025-12-08 22:03:48 - WARNING - Server sent a very old message with ID 7581589139773229057, ignoring (see FAQ for details)
2025-12-08 22:03:48 - WARNING - Server sent a very old message with ID 7581589238934469633, ignoring (see FAQ for details)
2025-12-08 22:03:48 - WARNING - Server sent a very old message with ID 7581589282826467329, ignoring (see FAQ for details)
2025-12-08 22:03:48 - INFO - The server closed the connection while sending
2025-12-08 22:03:48 - WARNING - Server sent a very old message with ID 7581589301611194369, ignoring (see FAQ for details)
2025-12-08 22:03:48 - INFO - Connection closed while receiving data: Not connected
2025-12-08 22:03:48 - INFO - Closing current connection to begin reconnect...
2025-12-08 22:03:48 - INFO - <class 'ConnectionResetError'> during disconnect: [Errno 54] Connection reset by peer
2025-12-08 22:03:48 - INFO - Connecting to 149.154.167.51:443/TcpFull...
2025-12-08 22:03:48 - INFO - Connection to 149.154.167.51:443/TcpFull complete!
2025-12-08 22:03:48 - WARNING - Security error while unpacking a received message: Server replied with a wrong session ID (see FAQ for details)
2025-12-08 22:03:48 - WARNING - Server resent the older message 7581595807908247553, ignoring
2025-12-08 22:03:48 - INFO - Got difference for account updates
2025-12-08 22:03:48 - INFO - Got difference for channel 1588101140 updates
2025-12-08 22:03:48 - INFO - Got difference for channel 1910872988 updates
2025-12-08 22:03:50 - INFO - login start
2025-12-08 22:04:04 - INFO - Контент функции get_payment: В данный момент запись невозможна.
2025-12-08 22:04:04 - INFO - Содержание функции login: None
2025-12-08 22:14:04 - WARNING - Server sent a very old message with ID 7581596010755971073, ignoring (see FAQ for details)
2025-12-08 22:14:04 - WARNING - Server sent a very old message with ID 7581596223376787457, ignoring (see FAQ for details)
2025-12-08 22:14:04 - WARNING - Server sent a very old message with ID 7581596355862829057, ignoring (see FAQ for details)
2025-12-08 22:14:04 - WARNING - Server sent a very old message with ID 7581596449197744129, ignoring (see FAQ for details)
2025-12-08 22:14:04 - WARNING - Server sent a very old message with ID 7581596451815498753, ignoring (see FAQ for details)
2025-12-08 22:14:04 - WARNING - Server sent a very old message with ID 7581596471331941377, ignoring (see FAQ for details)
2025-12-08 22:14:04 - WARNING - Server sent a very old message with ID 7581596484764095489, ignoring (see FAQ for details)
2025-12-08 22:14:04 - WARNING - Server sent a very old message with ID 7581596606364556289, ignoring (see FAQ for details)
2025-12-08 22:14:04 - WARNING - Server sent a very old message with ID 7581596617990719489, ignoring (see FAQ for details)
2025-12-08 22:14:04 - WARNING - Server sent a very old message with ID 7581596666707360769, ignoring (see FAQ for details)
2025-12-08 22:14:04 - WARNING - Security error while unpacking a received message: Too many messages had to be ignored consecutively
2025-12-08 22:14:04 - WARNING - Server sent a very old message with ID 7581596708301797377, ignoring (see FAQ for details)
2025-12-08 22:14:04 - WARNING - Security error while unpacking a received message: Too many messages had to be ignored consecutively
2025-12-08 22:14:04 - WARNING - Server sent a very old message with ID 7581596718074424321, ignoring (see FAQ for details)
2025-12-08 22:14:04 - WARNING - Security error while unpacking a received message: Too many messages had to be ignored consecutively
2025-12-08 22:14:04 - WARNING - Server sent a very old message with ID 7581596751435672577, ignoring (see FAQ for details)
2025-12-08 22:14:04 - WARNING - Security error while unpacking a received message: Too many messages had to be ignored consecutively
2025-12-08 22:14:04 - WARNING - Server sent a very old message with ID 7581596823452204033, ignoring (see FAQ for details)
2025-12-08 22:14:04 - WARNING - Security error while unpacking a received message: Too many messages had to be ignored consecutively
2025-12-08 22:14:04 - WARNING - Server sent a very old message with ID 7581596911795679233, ignoring (see FAQ for details)
2025-12-08 22:14:04 - WARNING - Security error while unpacking a received message: Too many messages had to be ignored consecutively
2025-12-08 22:14:04 - WARNING - Server sent a very old message with ID 7581597048557638657, ignoring (see FAQ for details)
2025-12-08 22:14:04 - WARNING - Security error while unpacking a received message: Too many messages had to be ignored consecutively
2025-12-08 22:14:04 - WARNING - Server sent a very old message with ID 7581597127242290177, ignoring (see FAQ for details)
2025-12-08 22:14:04 - WARNING - Security error while unpacking a received message: Too many messages had to be ignored consecutively
2025-12-08 22:14:04 - WARNING - Server sent a very old message with ID 7581597164304013313, ignoring (see FAQ for details)
2025-12-08 22:14:04 - WARNING - Security error while unpacking a received message: Too many messages had to be ignored consecutively
2025-12-08 22:14:05 - INFO - Got difference for channel 1588101140 updates
2025-12-08 22:14:06 - INFO - login start
2025-12-08 22:14:20 - INFO - Контент функции get_payment: В данный момент запись невозможна.
2025-12-08 22:14:20 - INFO - Содержание функции login: None
2025-12-08 22:24:20 - WARNING - Server sent a very old message with ID 7581598903450043401, ignoring (see FAQ for details)
2025-12-08 22:24:20 - WARNING - Server sent a very old message with ID 7581598903450163205, ignoring (see FAQ for details)
2025-12-08 22:24:20 - WARNING - Server sent a very old message with ID 7581598903450163209, ignoring (see FAQ for details)
2025-12-08 22:24:20 - WARNING - Server sent a very old message with ID 7581598903450163201, ignoring (see FAQ for details)
2025-12-08 22:24:20 - WARNING - Server sent a very old message with ID 7581598970100077569, ignoring (see FAQ for details)
2025-12-08 22:24:20 - WARNING - Server sent a very old message with ID 7581599547770759181, ignoring (see FAQ for details)
2025-12-08 22:24:20 - WARNING - Server sent a very old message with ID 7581599547770822657, ignoring (see FAQ for details)
2025-12-08 22:24:20 - WARNING - Server sent a very old message with ID 7581599547770759177, ignoring (see FAQ for details)
2025-12-08 22:24:20 - WARNING - Server sent a very old message with ID 7581599750536249345, ignoring (see FAQ for details)
2025-12-08 22:24:20 - WARNING - Server sent a very old message with ID 7581599810628268033, ignoring (see FAQ for details)
2025-12-08 22:24:20 - WARNING - Security error while unpacking a received message: Too many messages had to be ignored consecutively
2025-12-08 22:24:20 - INFO - Got difference for channel 1910872988 updates
2025-12-08 22:24:20 - INFO - Got difference for channel 1588101140 updates
2025-12-08 22:24:21 - INFO - login start
2025-12-08 22:24:34 - INFO - Контент функции get_payment: В данный момент запись невозможна.
2025-12-08 22:24:34 - INFO - Содержание функции login: None
2025-12-08 22:34:34 - WARNING - Server sent a very old message with ID 7581601205018774529, ignoring (see FAQ for details)
2025-12-08 22:34:34 - WARNING - Server sent a very old message with ID 7581601410462302209, ignoring (see FAQ for details)
2025-12-08 22:34:34 - WARNING - Server sent a very old message with ID 7581602011839778817, ignoring (see FAQ for details)
2025-12-08 22:34:34 - WARNING - Server sent a very old message with ID 7581602234231650305, ignoring (see FAQ for details)
2025-12-08 22:34:34 - WARNING - Server sent a very old message with ID 7581602234231650309, ignoring (see FAQ for details)
2025-12-08 22:34:34 - WARNING - Server sent a very old message with ID 7581602453413298177, ignoring (see FAQ for details)
2025-12-08 22:34:35 - INFO - Got difference for channel 1910872988 updates
2025-12-08 22:34:36 - INFO - login start
2025-12-08 22:34:47 - INFO - Контент функции get_payment: В данный момент запись невозможна.
2025-12-08 22:34:47 - INFO - Содержание функции login: None
2025-12-08 22:44:47 - WARNING - Server sent a very old message with ID 7581603888584926209, ignoring (see FAQ for details)
2025-12-08 22:44:47 - WARNING - Server sent a very old message with ID 7581603998595034113, ignoring (see FAQ for details)
2025-12-08 22:44:47 - WARNING - Server sent a very old message with ID 7581604310023715853, ignoring (see FAQ for details)
2025-12-08 22:44:47 - WARNING - Server sent a very old message with ID 7581604310023867393, ignoring (see FAQ for details)
2025-12-08 22:44:47 - WARNING - Server sent a very old message with ID 7581604339723705345, ignoring (see FAQ for details)
2025-12-08 22:44:47 - WARNING - Server sent a very old message with ID 7581604493068033025, ignoring (see FAQ for details)
2025-12-08 22:44:47 - WARNING - Server sent a very old message with ID 7581604501335394305, ignoring (see FAQ for details)
2025-12-08 22:44:47 - WARNING - Server sent a very old message with ID 7581604537329579009, ignoring (see FAQ for details)
2025-12-08 22:44:47 - WARNING - Server sent a very old message with ID 7581604548609234945, ignoring (see FAQ for details)
2025-12-08 22:44:47 - WARNING - Server sent a very old message with ID 7581604576892731393, ignoring (see FAQ for details)
2025-12-08 22:44:47 - WARNING - Security error while unpacking a received message: Too many messages had to be ignored consecutively
2025-12-08 22:44:47 - WARNING - Server sent a very old message with ID 7581604623069984769, ignoring (see FAQ for details)
2025-12-08 22:44:47 - WARNING - Security error while unpacking a received message: Too many messages had to be ignored consecutively
2025-12-08 22:44:47 - WARNING - Server sent a very old message with ID 7581604655662816257, ignoring (see FAQ for details)
2025-12-08 22:44:47 - WARNING - Security error while unpacking a received message: Too many messages had to be ignored consecutively
2025-12-08 22:44:47 - WARNING - Server sent a very old message with ID 7581604668287930369, ignoring (see FAQ for details)
2025-12-08 22:44:47 - WARNING - Security error while unpacking a received message: Too many messages had to be ignored consecutively
2025-12-08 22:44:47 - WARNING - Server sent a very old message with ID 7581604690277234689, ignoring (see FAQ for details)
2025-12-08 22:44:47 - WARNING - Security error while unpacking a received message: Too many messages had to be ignored consecutively
2025-12-08 22:44:47 - WARNING - Server sent a very old message with ID 7581604807192039425, ignoring (see FAQ for details)
2025-12-08 22:44:47 - WARNING - Security error while unpacking a received message: Too many messages had to be ignored consecutively
2025-12-08 22:44:47 - WARNING - Server sent a very old message with ID 7581604865096706049, ignoring (see FAQ for details)
2025-12-08 22:44:47 - WARNING - Security error while unpacking a received message: Too many messages had to be ignored consecutively
2025-12-08 22:44:47 - INFO - Got difference for account updates
2025-12-08 22:44:47 - INFO - Got difference for channel 1910872988 updates
2025-12-08 22:44:47 - INFO - Got difference for channel 1588101140 updates
2025-12-08 22:44:49 - INFO - login start
2025-12-08 22:45:02 - INFO - Контент функции get_payment: В данный момент запись невозможна.
2025-12-08 22:45:02 - INFO - Содержание функции login: None
2025-12-08 22:55:02 - WARNING - Server sent a very old message with ID 7581607328625330177, ignoring (see FAQ for details)
2025-12-08 22:55:02 - WARNING - Server sent a very old message with ID 7581607490420532225, ignoring (see FAQ for details)
2025-12-08 22:55:02 - WARNING - Server sent a very old message with ID 7581607562997574657, ignoring (see FAQ for details)
2025-12-08 22:55:02 - WARNING - Server sent a very old message with ID 7581607607545165825, ignoring (see FAQ for details)
2025-12-08 22:55:03 - INFO - login start
2025-12-08 22:55:23 - INFO - Контент функции get_payment: В данный момент запись невозможна.
2025-12-08 22:55:23 - INFO - Содержание функции login: None
2025-12-08 23:41:27 - WARNING - Server sent a very old message with ID 7581609148987187201, ignoring (see FAQ for details)
2025-12-08 23:41:27 - WARNING - Server closed the connection: [Errno 54] Connection reset by peer
2025-12-08 23:41:27 - INFO - Connection closed while receiving data: [Errno 54] Connection reset by peer
2025-12-08 23:41:27 - INFO - Closing current connection to begin reconnect...
2025-12-08 23:41:27 - INFO - Connecting to 149.154.167.51:443/TcpFull...
2025-12-08 23:41:27 - INFO - <class 'ConnectionResetError'> during disconnect: [Errno 54] Connection reset by peer
2025-12-08 23:41:27 - INFO - Connection to 149.154.167.51:443/TcpFull complete!
2025-12-08 23:41:27 - INFO - Got difference for account updates
2025-12-08 23:41:27 - INFO - Got difference for channel 1588101140 updates
2025-12-08 23:41:27 - INFO - Got difference for channel 1910872988 updates
2025-12-08 23:41:29 - INFO - login start
2025-12-08 23:41:42 - INFO - Контент функции get_payment: В данный момент запись невозможна.
2025-12-08 23:41:42 - INFO - Содержание функции login: None
2025-12-08 23:51:42 - WARNING - Server sent a very old message with ID 7581621036287822849, ignoring (see FAQ for details)
2025-12-08 23:51:42 - WARNING - Server sent a very old message with ID 7581621165061556225, ignoring (see FAQ for details)
2025-12-08 23:51:42 - WARNING - Server sent a very old message with ID 7581621453275770881, ignoring (see FAQ for details)
2025-12-08 23:51:42 - WARNING - Server sent a very old message with ID 7581621812441984001, ignoring (see FAQ for details)
2025-12-08 23:51:42 - WARNING - Server sent a very old message with ID 7581621812441984005, ignoring (see FAQ for details)
2025-12-08 23:51:42 - WARNING - Server sent a very old message with ID 7581621812441904149, ignoring (see FAQ for details)
2025-12-08 23:51:42 - WARNING - Server sent a very old message with ID 7581621815361501185, ignoring (see FAQ for details)
2025-12-08 23:51:42 - WARNING - Server sent a very old message with ID 7581622013970063361, ignoring (see FAQ for details)
2025-12-08 23:51:42 - WARNING - Server sent a very old message with ID 7581622014005184513, ignoring (see FAQ for details)
2025-12-08 23:51:42 - WARNING - Server sent a very old message with ID 7581622040879467521, ignoring (see FAQ for details)
2025-12-08 23:51:42 - WARNING - Security error while unpacking a received message: Too many messages had to be ignored consecutively
2025-12-08 23:51:42 - WARNING - Server sent a very old message with ID 7581622115248935937, ignoring (see FAQ for details)
2025-12-08 23:51:42 - WARNING - Security error while unpacking a received message: Too many messages had to be ignored consecutively
2025-12-08 23:51:43 - INFO - Got difference for channel 2660964783 updates
2025-12-08 23:51:46 - INFO - login start
2025-12-08 23:51:56 - INFO - Контент функции get_payment: В данный момент запись невозможна.
2025-12-08 23:51:56 - INFO - Содержание функции login: None
2025-12-09 00:01:56 - WARNING - Server sent a very old message with ID 7581623732719963137, ignoring (see FAQ for details)
2025-12-09 00:01:56 - WARNING - Server sent a very old message with ID 7581623739237447681, ignoring (see FAQ for details)
2025-12-09 00:01:56 - WARNING - Server sent a very old message with ID 7581623742451495937, ignoring (see FAQ for details)
2025-12-09 00:01:56 - WARNING - Server sent a very old message with ID 7581623785885324289, ignoring (see FAQ for details)
2025-12-09 00:01:56 - WARNING - Server sent a very old message with ID 7581623788940324865, ignoring (see FAQ for details)
2025-12-09 00:01:56 - WARNING - Server sent a very old message with ID 7581623911994539009, ignoring (see FAQ for details)
2025-12-09 00:01:56 - WARNING - Server sent a very old message with ID 7581623914297758721, ignoring (see FAQ for details)
2025-12-09 00:01:56 - WARNING - Server sent a very old message with ID 7581623919233385473, ignoring (see FAQ for details)
2025-12-09 00:01:56 - WARNING - Server sent a very old message with ID 7581623925355543553, ignoring (see FAQ for details)
2025-12-09 00:01:56 - WARNING - Server sent a very old message with ID 7581623929280496641, ignoring (see FAQ for details)
2025-12-09 00:01:56 - WARNING - Security error while unpacking a received message: Too many messages had to be ignored consecutively
2025-12-09 00:01:56 - WARNING - Server sent a very old message with ID 7581623934464003073, ignoring (see FAQ for details)
2025-12-09 00:01:56 - WARNING - Security error while unpacking a received message: Too many messages had to be ignored consecutively
2025-12-09 00:01:56 - WARNING - Server sent a very old message with ID 7581623938992089089, ignoring (see FAQ for details)
2025-12-09 00:01:56 - WARNING - Security error while unpacking a received message: Too many messages had to be ignored consecutively
2025-12-09 00:01:56 - WARNING - Server sent a very old message with ID 7581623943169861633, ignoring (see FAQ for details)
2025-12-09 00:01:56 - WARNING - Security error while unpacking a received message: Too many messages had to be ignored consecutively
2025-12-09 00:01:56 - WARNING - Server sent a very old message with ID 7581623949826315265, ignoring (see FAQ for details)
2025-12-09 00:01:56 - WARNING - Security error while unpacking a received message: Too many messages had to be ignored consecutively
2025-12-09 00:01:56 - WARNING - Server sent a very old message with ID 7581623953922409473, ignoring (see FAQ for details)
2025-12-09 00:01:56 - WARNING - Security error while unpacking a received message: Too many messages had to be ignored consecutively
2025-12-09 00:01:56 - WARNING - Server sent a very old message with ID 7581623959311625217, ignoring (see FAQ for details)
2025-12-09 00:01:56 - WARNING - Security error while unpacking a received message: Too many messages had to be ignored consecutively
2025-12-09 00:01:56 - WARNING - Server sent a very old message with ID 7581623965485078529, ignoring (see FAQ for details)
2025-12-09 00:01:56 - WARNING - Security error while unpacking a received message: Too many messages had to be ignored consecutively
2025-12-09 00:01:56 - WARNING - Server sent a very old message with ID 7581623969589534721, ignoring (see FAQ for details)
2025-12-09 00:01:56 - WARNING - Security error while unpacking a received message: Too many messages had to be ignored consecutively
2025-12-09 00:01:56 - WARNING - Server sent a very old message with ID 7581623972461927425, ignoring (see FAQ for details)
2025-12-09 00:01:56 - WARNING - Security error while unpacking a received message: Too many messages had to be ignored consecutively
2025-12-09 00:01:56 - WARNING - Server sent a very old message with ID 7581624219730968577, ignoring (see FAQ for details)
2025-12-09 00:01:56 - WARNING - Security error while unpacking a received message: Too many messages had to be ignored consecutively
2025-12-09 00:01:56 - INFO - Got difference for account updates
2025-12-09 00:01:56 - INFO - Got difference for channel 1910872988 updates
2025-12-09 00:01:58 - INFO - login start
2025-12-09 00:02:11 - INFO - Контент функции get_payment: В данный момент запись невозможна.
2025-12-09 00:02:11 - INFO - Содержание функции login: None
2025-12-09 00:12:11 - WARNING - Server sent a very old message with ID 7581626313836966913, ignoring (see FAQ for details)
2025-12-09 00:12:11 - WARNING - Server sent a very old message with ID 7581626359429797889, ignoring (see FAQ for details)
2025-12-09 00:12:11 - WARNING - Server sent a very old message with ID 7581626443201186817, ignoring (see FAQ for details)
2025-12-09 00:12:11 - WARNING - Server sent a very old message with ID 7581626451627277313, ignoring (see FAQ for details)
2025-12-09 00:12:11 - WARNING - Server sent a very old message with ID 7581626451629714433, ignoring (see FAQ for details)
2025-12-09 00:12:11 - WARNING - Server sent a very old message with ID 7581626479346478081, ignoring (see FAQ for details)
2025-12-09 00:12:11 - WARNING - Server sent a very old message with ID 7581626488256661505, ignoring (see FAQ for details)
2025-12-09 00:12:11 - WARNING - Server sent a very old message with ID 7581626617102794753, ignoring (see FAQ for details)
2025-12-09 00:12:11 - WARNING - Server sent a very old message with ID 7581626637140512769, ignoring (see FAQ for details)
2025-12-09 00:12:11 - WARNING - Server sent a very old message with ID 7581626647370096641, ignoring (see FAQ for details)
2025-12-09 00:12:11 - WARNING - Security error while unpacking a received message: Too many messages had to be ignored consecutively
2025-12-09 00:12:11 - WARNING - Server sent a very old message with ID 7581626841893231617, ignoring (see FAQ for details)
2025-12-09 00:12:11 - WARNING - Security error while unpacking a received message: Too many messages had to be ignored consecutively
2025-12-09 00:12:11 - WARNING - Server sent a very old message with ID 7581626870626062337, ignoring (see FAQ for details)
2025-12-09 00:12:11 - WARNING - Security error while unpacking a received message: Too many messages had to be ignored consecutively
2025-12-09 00:12:11 - WARNING - Server sent a very old message with ID 7581626880275208193, ignoring (see FAQ for details)
2025-12-09 00:12:11 - WARNING - Security error while unpacking a received message: Too many messages had to be ignored consecutively
2025-12-09 00:12:11 - WARNING - Server sent a very old message with ID 7581626925361299457, ignoring (see FAQ for details)
2025-12-09 00:12:11 - WARNING - Security error while unpacking a received message: Too many messages had to be ignored consecutively
2025-12-09 00:12:11 - WARNING - Server sent a very old message with ID 7581627351557358593, ignoring (see FAQ for details)
2025-12-09 00:12:11 - WARNING - Security error while unpacking a received message: Too many messages had to be ignored consecutively
2025-12-09 00:12:11 - WARNING - Server sent a very old message with ID 7581627398827549697, ignoring (see FAQ for details)
2025-12-09 00:12:11 - WARNING - Security error while unpacking a received message: Too many messages had to be ignored consecutively
2025-12-09 00:12:11 - WARNING - Server sent a very old message with ID 7581627402475097089, ignoring (see FAQ for details)
2025-12-09 00:12:11 - WARNING - Security error while unpacking a received message: Too many messages had to be ignored consecutively
2025-12-09 00:12:11 - WARNING - Server sent a very old message with ID 7581627427469980673, ignoring (see FAQ for details)
2025-12-09 00:12:11 - WARNING - Security error while unpacking a received message: Too many messages had to be ignored consecutively
2025-12-09 00:12:11 - WARNING - Server sent a very old message with ID 7581627465645063169, ignoring (see FAQ for details)
2025-12-09 00:12:11 - WARNING - Security error while unpacking a received message: Too many messages had to be ignored consecutively
2025-12-09 00:12:11 - WARNING - Server sent a very old message with ID 7581627472214937601, ignoring (see FAQ for details)
2025-12-09 00:12:11 - WARNING - Security error while unpacking a received message: Too many messages had to be ignored consecutively
2025-12-09 00:12:12 - INFO - Got difference for channel 2660964783 updates
2025-12-09 00:12:14 - INFO - login start
2025-12-09 00:12:30 - INFO - Контент функции get_payment: В данный момент запись невозможна.
2025-12-09 00:12:31 - INFO - Содержание функции login: None
2025-12-09 00:29:10 - WARNING - Server sent a very old message with ID 7581629332132869121, ignoring (see FAQ for details)
2025-12-09 00:29:10 - WARNING - Server sent a very old message with ID 7581629426710664193, ignoring (see FAQ for details)
2025-12-09 00:29:10 - WARNING - Server sent a very old message with ID 7581629529391245313, ignoring (see FAQ for details)
2025-12-09 00:29:10 - WARNING - Server sent a very old message with ID 7581629537404621825, ignoring (see FAQ for details)
2025-12-09 00:29:10 - WARNING - Server sent a very old message with ID 7581629631515568129, ignoring (see FAQ for details)
2025-12-09 00:29:10 - WARNING - Server sent a very old message with ID 7581630268322991117, ignoring (see FAQ for details)
2025-12-09 00:29:10 - WARNING - Server sent a very old message with ID 7581630268323075073, ignoring (see FAQ for details)
2025-12-09 00:29:10 - WARNING - Server sent a very old message with ID 7581630270024973313, ignoring (see FAQ for details)
2025-12-09 00:29:10 - WARNING - Server sent a very old message with ID 7581630333065039873, ignoring (see FAQ for details)
2025-12-09 00:29:10 - WARNING - Server sent a very old message with ID 7581630390446134273, ignoring (see FAQ for details)
2025-12-09 00:29:10 - WARNING - Security error while unpacking a received message: Too many messages had to be ignored consecutively
2025-12-09 00:29:10 - WARNING - Server sent a very old message with ID 7581630396423124993, ignoring (see FAQ for details)
2025-12-09 00:29:10 - WARNING - Security error while unpacking a received message: Too many messages had to be ignored consecutively
2025-12-09 00:29:10 - WARNING - Server sent a very old message with ID 7581630411628565505, ignoring (see FAQ for details)
2025-12-09 00:29:10 - WARNING - Security error while unpacking a received message: Too many messages had to be ignored consecutively
2025-12-09 00:29:10 - WARNING - Server sent a very old message with ID 7581630411806339073, ignoring (see FAQ for details)
2025-12-09 00:29:10 - WARNING - Security error while unpacking a received message: Too many messages had to be ignored consecutively
2025-12-09 00:29:10 - WARNING - Server sent a very old message with ID 7581630423877823489, ignoring (see FAQ for details)
2025-12-09 00:29:10 - WARNING - Security error while unpacking a received message: Too many messages had to be ignored consecutively
2025-12-09 00:29:10 - WARNING - Server sent a very old message with ID 7581630446483096577, ignoring (see FAQ for details)
2025-12-09 00:29:10 - WARNING - Security error while unpacking a received message: Too many messages had to be ignored consecutively
2025-12-09 00:29:10 - WARNING - Server sent a very old message with ID 7581630478781709313, ignoring (see FAQ for details)
2025-12-09 00:29:10 - WARNING - Security error while unpacking a received message: Too many messages had to be ignored consecutively
2025-12-09 00:29:10 - WARNING - Server sent a very old message with ID 7581630665207178241, ignoring (see FAQ for details)
2025-12-09 00:29:10 - WARNING - Security error while unpacking a received message: Too many messages had to be ignored consecutively
2025-12-09 00:29:10 - WARNING - Server sent a very old message with ID 7581630676011796481, ignoring (see FAQ for details)
2025-12-09 00:29:10 - WARNING - Security error while unpacking a received message: Too many messages had to be ignored consecutively
2025-12-09 00:29:10 - WARNING - Server sent a very old message with ID 7581630712743908353, ignoring (see FAQ for details)
2025-12-09 00:29:10 - WARNING - Security error while unpacking a received message: Too many messages had to be ignored consecutively
2025-12-09 00:29:10 - WARNING - Server sent a very old message with ID 7581630778418676737, ignoring (see FAQ for details)
2025-12-09 00:29:10 - WARNING - Security error while unpacking a received message: Too many messages had to be ignored consecutively
2025-12-09 00:29:10 - WARNING - Server sent a very old message with ID 7581630800761276417, ignoring (see FAQ for details)
2025-12-09 00:29:10 - WARNING - Security error while unpacking a received message: Too many messages had to be ignored consecutively
2025-12-09 00:29:10 - WARNING - Server sent a very old message with ID 7581630800761221133, ignoring (see FAQ for details)
2025-12-09 00:29:10 - WARNING - Security error while unpacking a received message: Too many messages had to be ignored consecutively
2025-12-09 00:29:10 - WARNING - Server sent a very old message with ID 7581630805587351553, ignoring (see FAQ for details)
2025-12-09 00:29:10 - WARNING - Security error while unpacking a received message: Too many messages had to be ignored consecutively
2025-12-09 00:29:10 - WARNING - Server sent a very old message with ID 7581630805748059137, ignoring (see FAQ for details)
2025-12-09 00:29:10 - WARNING - Security error while unpacking a received message: Too many messages had to be ignored consecutively
2025-12-09 00:29:10 - WARNING - Server sent a very old message with ID 7581631240349030401, ignoring (see FAQ for details)
2025-12-09 00:29:10 - WARNING - Security error while unpacking a received message: Too many messages had to be ignored consecutively
2025-12-09 00:29:10 - WARNING - Server sent a very old message with ID 7581631707786294273, ignoring (see FAQ for details)
2025-12-09 00:29:10 - WARNING - Security error while unpacking a received message: Too many messages had to be ignored consecutively
2025-12-09 00:29:10 - WARNING - Server sent a very old message with ID 7581631707791936513, ignoring (see FAQ for details)
2025-12-09 00:29:10 - WARNING - Security error while unpacking a received message: Too many messages had to be ignored consecutively
2025-12-09 00:29:10 - WARNING - Server sent a very old message with ID 7581631784550830081, ignoring (see FAQ for details)
2025-12-09 00:29:10 - WARNING - Security error while unpacking a received message: Too many messages had to be ignored consecutively
2025-12-09 00:29:10 - WARNING - Server sent a very old message with ID 7581631792872904705, ignoring (see FAQ for details)
2025-12-09 00:29:10 - WARNING - Security error while unpacking a received message: Too many messages had to be ignored consecutively
2025-12-09 00:29:10 - WARNING - Server sent a very old message with ID 7581631798616494081, ignoring (see FAQ for details)
2025-12-09 00:29:10 - WARNING - Security error while unpacking a received message: Too many messages had to be ignored consecutively
2025-12-09 00:29:10 - WARNING - Server sent a very old message with ID 7581631953652517889, ignoring (see FAQ for details)
2025-12-09 00:29:10 - WARNING - Security error while unpacking a received message: Too many messages had to be ignored consecutively
2025-12-09 00:29:10 - INFO - Got difference for account updates
2025-12-09 00:29:11 - INFO - Got difference for channel 1588101140 updates
2025-12-09 00:29:11 - INFO - Got difference for channel 1910872988 updates
2025-12-09 00:29:13 - INFO - login start
2025-12-09 00:29:27 - INFO - Контент функции get_payment: В данный момент запись невозможна.
2025-12-09 00:29:27 - INFO - Содержание функции login: None
2025-12-09 00:39:27 - WARNING - Server sent a very old message with ID 7581633590056091649, ignoring (see FAQ for details)
2025-12-09 00:39:27 - WARNING - Server sent a very old message with ID 7581633590056091653, ignoring (see FAQ for details)
2025-12-09 00:39:27 - WARNING - Server sent a very old message with ID 7581633902835059713, ignoring (see FAQ for details)
2025-12-09 00:39:27 - WARNING - Server sent a very old message with ID 7581634082565016581, ignoring (see FAQ for details)
2025-12-09 00:39:27 - WARNING - Server sent a very old message with ID 7581634082565016577, ignoring (see FAQ for details)
2025-12-09 00:39:27 - WARNING - Server sent a very old message with ID 7581634082565016585, ignoring (see FAQ for details)
2025-12-09 00:39:27 - WARNING - Server sent a very old message with ID 7581634169581016065, ignoring (see FAQ for details)
2025-12-09 00:39:27 - WARNING - Server sent a very old message with ID 7581634243653071873, ignoring (see FAQ for details)
2025-12-09 00:39:27 - WARNING - Server sent a very old message with ID 7581634257060819969, ignoring (see FAQ for details)
2025-12-09 00:39:27 - WARNING - Server sent a very old message with ID 7581634398871923713, ignoring (see FAQ for details)
2025-12-09 00:39:27 - WARNING - Security error while unpacking a received message: Too many messages had to be ignored consecutively
2025-12-09 00:39:27 - INFO - Got difference for channel 1588101140 updates
2025-12-09 00:39:29 - INFO - login start
2025-12-09 00:39:45 - INFO - Контент функции get_payment: В данный момент запись невозможна.
2025-12-09 00:39:45 - INFO - Содержание функции login: None
2025-12-09 00:49:45 - WARNING - Server sent a very old message with ID 7581636081451539457, ignoring (see FAQ for details)
2025-12-09 00:49:45 - WARNING - Server sent a very old message with ID 7581636096585533441, ignoring (see FAQ for details)
2025-12-09 00:49:45 - WARNING - Server sent a very old message with ID 7581636187602823169, ignoring (see FAQ for details)
2025-12-09 00:49:45 - WARNING - Server sent a very old message with ID 7581637103141782529, ignoring (see FAQ for details)
2025-12-09 00:49:45 - WARNING - Server sent a very old message with ID 7581637137906821121, ignoring (see FAQ for details)
2025-12-09 00:49:45 - INFO - Got difference for account updates
2025-12-09 00:49:45 - INFO - Got difference for channel 1910872988 updates
2025-12-09 00:49:47 - INFO - login start
2025-12-09 00:50:03 - INFO - Контент функции get_payment: В данный момент запись невозможна.
2025-12-09 00:50:04 - INFO - Содержание функции login: None
2025-12-09 01:00:04 - WARNING - Server sent a very old message with ID 7581639191162876929, ignoring (see FAQ for details)
2025-12-09 01:00:04 - WARNING - Server sent a very old message with ID 7581639213732049921, ignoring (see FAQ for details)
2025-12-09 01:00:04 - WARNING - Server sent a very old message with ID 7581639666920218625, ignoring (see FAQ for details)
2025-12-09 01:00:04 - WARNING - Server sent a very old message with ID 7581639673282498561, ignoring (see FAQ for details)
2025-12-09 01:00:04 - WARNING - Server sent a very old message with ID 7581639689320368129, ignoring (see FAQ for details)
2025-12-09 01:00:04 - WARNING - Server sent a very old message with ID 7581639723009374209, ignoring (see FAQ for details)
2025-12-09 01:00:06 - INFO - login start
2025-12-09 01:00:24 - INFO - Контент функции get_payment: В данный момент запись невозможна.
2025-12-09 01:00:24 - INFO - Содержание функции login: None
2025-12-09 01:10:24 - WARNING - Server sent a very old message with ID 7581641448063971329, ignoring (see FAQ for details)
2025-12-09 01:10:24 - WARNING - Server sent a very old message with ID 7581641485260495873, ignoring (see FAQ for details)
2025-12-09 01:10:24 - WARNING - Server sent a very old message with ID 7581641502650037249, ignoring (see FAQ for details)
2025-12-09 01:10:24 - WARNING - Server sent a very old message with ID 7581641529809077249, ignoring (see FAQ for details)
2025-12-09 01:10:24 - INFO - Got difference for account updates
2025-12-09 01:10:24 - INFO - Got difference for channel 1910872988 updates
2025-12-09 01:10:26 - INFO - login start
2025-12-09 01:10:41 - INFO - Контент функции get_payment: В данный момент запись невозможна.
2025-12-09 01:10:42 - INFO - Содержание функции login: None
2025-12-09 01:20:42 - WARNING - Server sent a very old message with ID 7581644028819304449, ignoring (see FAQ for details)
2025-12-09 01:20:42 - WARNING - Server sent a very old message with ID 7581644930045588481, ignoring (see FAQ for details)
2025-12-09 01:20:42 - INFO - Got difference for channel 1588101140 updates
2025-12-09 01:20:44 - INFO - login start
2025-12-09 01:20:57 - INFO - Контент функции get_payment: В данный момент запись невозможна.
2025-12-09 01:20:57 - INFO - Содержание функции login: None
2025-12-09 06:00:49 - WARNING - Server sent a very old message with ID 7581647064711817225, ignoring (see FAQ for details)
2025-12-09 06:00:49 - WARNING - Server sent a very old message with ID 7581647064711817217, ignoring (see FAQ for details)
2025-12-09 06:00:49 - WARNING - Server sent a very old message with ID 7581647064711817221, ignoring (see FAQ for details)
2025-12-09 06:00:49 - WARNING - Server sent a very old message with ID 7581647064711709721, ignoring (see FAQ for details)
2025-12-09 06:00:49 - WARNING - Server sent a very old message with ID 7581647180923175941, ignoring (see FAQ for details)
2025-12-09 06:00:49 - WARNING - Server sent a very old message with ID 7581647180923175937, ignoring (see FAQ for details)
2025-12-09 06:00:49 - WARNING - Server sent a very old message with ID 7581647195614788609, ignoring (see FAQ for details)
2025-12-09 06:00:49 - WARNING - Server sent a very old message with ID 7581647196826894337, ignoring (see FAQ for details)
2025-12-09 06:00:49 - WARNING - Server sent a very old message with ID 7581648459245498369, ignoring (see FAQ for details)
2025-12-09 06:00:49 - WARNING - Server sent a very old message with ID 7581648459245198357, ignoring (see FAQ for details)
2025-12-09 06:00:49 - WARNING - Security error while unpacking a received message: Too many messages had to be ignored consecutively
2025-12-09 06:00:49 - WARNING - Server sent a very old message with ID 7581648459245198377, ignoring (see FAQ for details)
2025-12-09 06:00:49 - WARNING - Security error while unpacking a received message: Too many messages had to be ignored consecutively
2025-12-09 06:00:49 - WARNING - Server sent a very old message with ID 7581648459245198369, ignoring (see FAQ for details)
2025-12-09 06:00:49 - WARNING - Security error while unpacking a received message: Too many messages had to be ignored consecutively
2025-12-09 06:00:49 - WARNING - Server sent a very old message with ID 7581648459245498373, ignoring (see FAQ for details)
2025-12-09 06:00:49 - WARNING - Security error while unpacking a received message: Too many messages had to be ignored consecutively
2025-12-09 06:00:49 - WARNING - Server sent a very old message with ID 7581648459245198361, ignoring (see FAQ for details)
2025-12-09 06:00:49 - WARNING - Security error while unpacking a received message: Too many messages had to be ignored consecutively
2025-12-09 06:00:49 - WARNING - Server sent a very old message with ID 7581648459245498377, ignoring (see FAQ for details)
2025-12-09 06:00:49 - WARNING - Security error while unpacking a received message: Too many messages had to be ignored consecutively
2025-12-09 06:00:49 - WARNING - Server sent a very old message with ID 7581648459245198365, ignoring (see FAQ for details)
2025-12-09 06:00:49 - WARNING - Security error while unpacking a received message: Too many messages had to be ignored consecutively
2025-12-09 06:00:49 - WARNING - Server sent a very old message with ID 7581648459245198389, ignoring (see FAQ for details)
2025-12-09 06:00:49 - WARNING - Security error while unpacking a received message: Too many messages had to be ignored consecutively
2025-12-09 06:00:49 - WARNING - Server sent a very old message with ID 7581648459245198373, ignoring (see FAQ for details)
2025-12-09 06:00:49 - WARNING - Security error while unpacking a received message: Too many messages had to be ignored consecutively
2025-12-09 06:00:49 - WARNING - Server sent a very old message with ID 7581648802063433729, ignoring (see FAQ for details)
2025-12-09 06:00:49 - WARNING - Security error while unpacking a received message: Too many messages had to be ignored consecutively
2025-12-09 06:00:52 - INFO - login start
2025-12-09 08:00:54 - WARNING - Server closed the connection: [Errno 50] Network is down
2025-12-09 08:00:54 - INFO - Connection closed while receiving data: [Errno 50] Network is down
2025-12-09 08:00:54 - INFO - Closing current connection to begin reconnect...
2025-12-09 08:00:54 - INFO - Connecting to 149.154.167.51:443/TcpFull...
2025-12-09 08:00:54 - INFO - <class 'OSError'> during disconnect: [Errno 50] Network is down
2025-12-09 08:00:54 - INFO - Connection to 149.154.167.51:443/TcpFull complete!
2025-12-09 08:00:55 - WARNING - Server resent the older message 7581749683368243201, ignoring
2025-12-09 08:00:55 - INFO - Got difference for account updates
2025-12-09 08:00:55 - INFO - Got difference for channel 2450293828 updates
2025-12-09 08:00:55 - INFO - Got difference for channel 1518812505 updates
2025-12-09 08:00:56 - INFO - Got difference for channel 1047260531 updates
2025-12-09 08:00:56 - INFO - Got difference for channel 1429590454 updates
2025-12-09 08:00:56 - INFO - Got difference for channel 1891922549 updates
2025-12-09 08:00:56 - INFO - Got difference for channel 2131185146 updates
2025-12-09 09:42:48 - WARNING - Server closed the connection: [Errno 54] Connection reset by peer
2025-12-09 09:42:48 - INFO - Connection closed while receiving data: [Errno 54] Connection reset by peer
2025-12-09 09:42:48 - INFO - Closing current connection to begin reconnect...
2025-12-09 09:42:48 - INFO - Connecting to 149.154.167.51:443/TcpFull...
2025-12-09 09:42:48 - INFO - <class 'ConnectionResetError'> during disconnect: [Errno 54] Connection reset by peer
2025-12-09 09:42:48 - INFO - Connection to 149.154.167.51:443/TcpFull complete!
2025-12-09 09:42:48 - WARNING - Server resent the older message 7581775942846119937, ignoring
2025-12-09 09:43:52 - INFO - Disconnecting from 149.154.167.51:443/TcpFull...
2025-12-09 09:43:52 - INFO - Disconnection from 149.154.167.51:443/TcpFull complete!
2025-12-09 15:19:47 - INFO - parsing start
2025-12-09 15:19:47 - INFO - Connecting to 149.154.167.51:443/TcpFull...
2025-12-09 15:19:47 - INFO - Connection to 149.154.167.51:443/TcpFull complete!
2025-12-09 15:19:51 - INFO - login start
2025-12-09 15:20:10 - INFO - Контент функции get_payment: В данный момент запись невозможна.
2025-12-09 15:20:10 - INFO - Содержание функции login: None
2025-12-09 15:30:10 - WARNING - Server sent a very old message with ID 7581862929111763969, ignoring (see FAQ for details)
2025-12-09 15:30:10 - WARNING - Server sent a very old message with ID 7581862941449238529, ignoring (see FAQ for details)
2025-12-09 15:30:10 - WARNING - Server sent a very old message with ID 7581863096397021185, ignoring (see FAQ for details)
2025-12-09 15:30:10 - WARNING - Server sent a very old message with ID 7581863122534551553, ignoring (see FAQ for details)
2025-12-09 15:30:10 - WARNING - Server sent a very old message with ID 7581863127665201153, ignoring (see FAQ for details)
2025-12-09 15:30:10 - WARNING - Server sent a very old message with ID 7581863217825839105, ignoring (see FAQ for details)
2025-12-09 15:30:10 - WARNING - Server sent a very old message with ID 7581863460142032897, ignoring (see FAQ for details)
2025-12-09 15:30:10 - WARNING - Server sent a very old message with ID 7581863582934539265, ignoring (see FAQ for details)
2025-12-09 15:30:10 - WARNING - Server sent a very old message with ID 7581863713602738177, ignoring (see FAQ for details)
2025-12-09 15:30:10 - WARNING - Server sent a very old message with ID 7581863806815039489, ignoring (see FAQ for details)
2025-12-09 15:30:10 - WARNING - Security error while unpacking a received message: Too many messages had to be ignored consecutively
2025-12-09 15:30:10 - WARNING - Server sent a very old message with ID 7581863810526138369, ignoring (see FAQ for details)
2025-12-09 15:30:10 - WARNING - Security error while unpacking a received message: Too many messages had to be ignored consecutively
2025-12-09 15:30:10 - WARNING - Server sent a very old message with ID 7581864008092761093, ignoring (see FAQ for details)
2025-12-09 15:30:10 - WARNING - Security error while unpacking a received message: Too many messages had to be ignored consecutively
2025-12-09 15:30:10 - WARNING - Server sent a very old message with ID 7581864008092761089, ignoring (see FAQ for details)
2025-12-09 15:30:10 - WARNING - Security error while unpacking a received message: Too many messages had to be ignored consecutively
2025-12-09 15:30:10 - WARNING - Server sent a very old message with ID 7581864024705252353, ignoring (see FAQ for details)
2025-12-09 15:30:10 - WARNING - Security error while unpacking a received message: Too many messages had to be ignored consecutively
2025-12-09 15:30:10 - WARNING - Server sent a very old message with ID 7581864052929683457, ignoring (see FAQ for details)
2025-12-09 15:30:10 - WARNING - Security error while unpacking a received message: Too many messages had to be ignored consecutively
2025-12-09 15:30:10 - WARNING - Server sent a very old message with ID 7581864052938752001, ignoring (see FAQ for details)
2025-12-09 15:30:10 - WARNING - Security error while unpacking a received message: Too many messages had to be ignored consecutively
2025-12-09 15:30:10 - WARNING - Server sent a very old message with ID 7581864093424397313, ignoring (see FAQ for details)
2025-12-09 15:30:10 - WARNING - Security error while unpacking a received message: Too many messages had to be ignored consecutively
2025-12-09 15:30:10 - WARNING - Server sent a very old message with ID 7581864098761044993, ignoring (see FAQ for details)
2025-12-09 15:30:10 - WARNING - Security error while unpacking a received message: Too many messages had to be ignored consecutively
2025-12-09 15:30:10 - WARNING - Server sent a very old message with ID 7581864160766454785, ignoring (see FAQ for details)
2025-12-09 15:30:10 - WARNING - Security error while unpacking a received message: Too many messages had to be ignored consecutively
2025-12-09 15:30:13 - INFO - login start
2025-12-09 15:30:28 - INFO - Контент функции get_payment: В данный момент запись невозможна.
2025-12-09 15:30:28 - INFO - Содержание функции login: None
2025-12-09 19:48:48 - WARNING - Server sent a very old message with ID 7581865732526683137, ignoring (see FAQ for details)
2025-12-09 19:48:49 - WARNING - Server sent a very old message with ID 7581865732526683149, ignoring (see FAQ for details)
2025-12-09 19:48:49 - WARNING - Server sent a very old message with ID 7581865732526683141, ignoring (see FAQ for details)
2025-12-09 19:48:49 - WARNING - Server sent a very old message with ID 7581865732526683145, ignoring (see FAQ for details)
2025-12-09 19:48:49 - WARNING - Server sent a very old message with ID 7581865732526683153, ignoring (see FAQ for details)
2025-12-09 19:48:49 - WARNING - Server sent a very old message with ID 7581865786856243201, ignoring (see FAQ for details)
2025-12-09 19:48:55 - INFO - login start
2025-12-09 19:49:07 - WARNING - Server closed the connection: [Errno 60] Operation timed out
2025-12-09 19:49:07 - INFO - Connection closed while receiving data: [Errno 60] Operation timed out
2025-12-09 19:49:07 - INFO - Closing current connection to begin reconnect...
2025-12-09 19:49:07 - INFO - Connecting to 149.154.167.51:443/TcpFull...
2025-12-09 19:49:07 - INFO - <class 'TimeoutError'> during disconnect: [Errno 60] Operation timed out
2025-12-09 19:49:07 - INFO - Connection to 149.154.167.51:443/TcpFull complete!
2025-12-09 19:49:07 - WARNING - Server resent the older message 7581932201519606785, ignoring
2025-12-09 19:49:07 - INFO - Got difference for account updates
2025-12-09 19:49:07 - INFO - Got difference for channel 1689140559 updates
2025-12-09 19:49:07 - INFO - Got difference for channel 1429590454 updates
2025-12-09 19:49:07 - INFO - Got difference for channel 1027423644 updates
2025-12-09 19:49:10 - INFO - Контент функции get_payment: В данный момент запись невозможна.
2025-12-09 19:49:10 - INFO - Содержание функции login: None
2025-12-09 19:59:10 - WARNING - Server sent a very old message with ID 7581932224252062721, ignoring (see FAQ for details)
2025-12-09 19:59:10 - WARNING - Server sent a very old message with ID 7581932426034063361, ignoring (see FAQ for details)
2025-12-09 19:59:10 - WARNING - Server sent a very old message with ID 7581932610905742337, ignoring (see FAQ for details)
2025-12-09 19:59:10 - WARNING - Server sent a very old message with ID 7581932648745377793, ignoring (see FAQ for details)
2025-12-09 19:59:10 - WARNING - Server sent a very old message with ID 7581932654368032769, ignoring (see FAQ for details)
2025-12-09 19:59:10 - WARNING - Server sent a very old message with ID 7581932939370582017, ignoring (see FAQ for details)
2025-12-09 19:59:10 - WARNING - Server sent a very old message with ID 7581932976468776961, ignoring (see FAQ for details)
2025-12-09 19:59:10 - WARNING - Server sent a very old message with ID 7581933026065878017, ignoring (see FAQ for details)
2025-12-09 19:59:10 - WARNING - Server sent a very old message with ID 7581933052327936001, ignoring (see FAQ for details)
2025-12-09 19:59:10 - WARNING - Server sent a very old message with ID 7581933086523381761, ignoring (see FAQ for details)
2025-12-09 19:59:10 - WARNING - Security error while unpacking a received message: Too many messages had to be ignored consecutively
2025-12-09 19:59:10 - WARNING - Server sent a very old message with ID 7581933117163218945, ignoring (see FAQ for details)
2025-12-09 19:59:10 - WARNING - Security error while unpacking a received message: Too many messages had to be ignored consecutively
2025-12-09 19:59:10 - WARNING - Server sent a very old message with ID 7581933153361860609, ignoring (see FAQ for details)
2025-12-09 19:59:10 - WARNING - Security error while unpacking a received message: Too many messages had to be ignored consecutively
2025-12-09 19:59:10 - WARNING - Server sent a very old message with ID 7581933171948054529, ignoring (see FAQ for details)
2025-12-09 19:59:10 - WARNING - Security error while unpacking a received message: Too many messages had to be ignored consecutively
2025-12-09 19:59:10 - WARNING - Server sent a very old message with ID 7581933214381212673, ignoring (see FAQ for details)
2025-12-09 19:59:10 - WARNING - Security error while unpacking a received message: Too many messages had to be ignored consecutively
2025-12-09 19:59:10 - WARNING - Server sent a very old message with ID 7581933277310576641, ignoring (see FAQ for details)
2025-12-09 19:59:10 - WARNING - Security error while unpacking a received message: Too many messages had to be ignored consecutively
2025-12-09 19:59:11 - INFO - Got difference for channel 1588101140 updates
2025-12-09 19:59:13 - INFO - login start
2025-12-09 19:59:28 - INFO - Контент функции get_payment: В данный момент запись невозможна.
2025-12-09 19:59:28 - INFO - Содержание функции login: None
2025-12-09 20:37:34 - WARNING - Server sent a very old message with ID 7581934901524023297, ignoring (see FAQ for details)
2025-12-09 20:37:34 - WARNING - Server sent a very old message with ID 7581934904882372609, ignoring (see FAQ for details)
2025-12-09 20:37:34 - WARNING - Server sent a very old message with ID 7581934920158192641, ignoring (see FAQ for details)
2025-12-09 20:37:34 - INFO - The server closed the connection while sending
2025-12-09 20:37:34 - WARNING - Server sent a very old message with ID 7581935001411993601, ignoring (see FAQ for details)
2025-12-09 20:37:34 - INFO - Connection closed while receiving data: Not connected
2025-12-09 20:37:34 - INFO - Closing current connection to begin reconnect...
2025-12-09 20:37:34 - INFO - <class 'ConnectionResetError'> during disconnect: [Errno 54] Connection reset by peer
2025-12-09 20:37:34 - INFO - Connecting to 149.154.167.51:443/TcpFull...
2025-12-09 20:37:34 - INFO - Connection to 149.154.167.51:443/TcpFull complete!
2025-12-09 20:37:34 - WARNING - Security error while unpacking a received message: Server replied with a wrong session ID (see FAQ for details)
2025-12-09 20:37:34 - INFO - Got difference for channel 1682735731 updates
2025-12-09 20:37:34 - INFO - Got difference for channel 1429590454 updates
2025-12-09 20:37:35 - INFO - Got difference for channel 1588101140 updates
2025-12-09 20:37:37 - INFO - login start
2025-12-09 20:37:55 - INFO - Контент функции get_payment: В данный момент запись невозможна.
2025-12-09 20:37:55 - INFO - Содержание функции login: None
2025-12-09 20:47:55 - WARNING - Server sent a very old message with ID 7581944801650071553, ignoring (see FAQ for details)
2025-12-09 20:47:55 - WARNING - Server sent a very old message with ID 7581945044755474433, ignoring (see FAQ for details)
2025-12-09 20:47:55 - WARNING - Server sent a very old message with ID 7581945093177771009, ignoring (see FAQ for details)
2025-12-09 20:47:55 - WARNING - Server sent a very old message with ID 7581945305539140609, ignoring (see FAQ for details)
2025-12-09 20:47:55 - WARNING - Server sent a very old message with ID 7581945318972157953, ignoring (see FAQ for details)
2025-12-09 20:47:55 - WARNING - Server sent a very old message with ID 7581945319046966273, ignoring (see FAQ for details)
2025-12-09 20:47:55 - WARNING - Server sent a very old message with ID 7581945375860528129, ignoring (see FAQ for details)
2025-12-09 20:47:55 - WARNING - Server sent a very old message with ID 7581945444796428289, ignoring (see FAQ for details)
2025-12-09 20:47:55 - WARNING - Server sent a very old message with ID 7581945446999896065, ignoring (see FAQ for details)
2025-12-09 20:47:55 - WARNING - Server sent a very old message with ID 7581945489800827905, ignoring (see FAQ for details)
2025-12-09 20:47:55 - WARNING - Security error while unpacking a received message: Too many messages had to be ignored consecutively
2025-12-09 20:47:55 - WARNING - Server sent a very old message with ID 7581945505615215617, ignoring (see FAQ for details)
2025-12-09 20:47:55 - WARNING - Security error while unpacking a received message: Too many messages had to be ignored consecutively
2025-12-09 20:47:55 - WARNING - Server sent a very old message with ID 7581945525388421121, ignoring (see FAQ for details)
2025-12-09 20:47:55 - WARNING - Security error while unpacking a received message: Too many messages had to be ignored consecutively
2025-12-09 20:47:55 - WARNING - Server sent a very old message with ID 7581945598635752449, ignoring (see FAQ for details)
2025-12-09 20:47:55 - WARNING - Security error while unpacking a received message: Too many messages had to be ignored consecutively
2025-12-09 20:47:55 - WARNING - Server sent a very old message with ID 7581945598635679749, ignoring (see FAQ for details)
2025-12-09 20:47:55 - WARNING - Security error while unpacking a received message: Too many messages had to be ignored consecutively
2025-12-09 20:47:55 - WARNING - Server sent a very old message with ID 7581945598635679753, ignoring (see FAQ for details)
2025-12-09 20:47:55 - WARNING - Security error while unpacking a received message: Too many messages had to be ignored consecutively
2025-12-09 20:47:55 - WARNING - Server sent a very old message with ID 7581945598635679745, ignoring (see FAQ for details)
2025-12-09 20:47:55 - WARNING - Security error while unpacking a received message: Too many messages had to be ignored consecutively
2025-12-09 20:47:55 - WARNING - Server sent a very old message with ID 7581945616447209473, ignoring (see FAQ for details)
2025-12-09 20:47:55 - WARNING - Security error while unpacking a received message: Too many messages had to be ignored consecutively
2025-12-09 20:47:55 - WARNING - Server sent a very old message with ID 7581945744478417921, ignoring (see FAQ for details)
2025-12-09 20:47:55 - WARNING - Security error while unpacking a received message: Too many messages had to be ignored consecutively
2025-12-09 20:47:55 - WARNING - Server sent a very old message with ID 7581945758667044865, ignoring (see FAQ for details)
2025-12-09 20:47:55 - WARNING - Security error while unpacking a received message: Too many messages had to be ignored consecutively
2025-12-09 20:47:55 - WARNING - Server sent a very old message with ID 7581945864119682049, ignoring (see FAQ for details)
2025-12-09 20:47:55 - WARNING - Security error while unpacking a received message: Too many messages had to be ignored consecutively
2025-12-09 20:47:56 - INFO - Got difference for channel 1588101140 updates
2025-12-09 20:47:56 - INFO - Got difference for channel 1429590454 updates
2025-12-09 20:48:12 - INFO - login start
2025-12-09 20:48:54 - INFO - Контент функции get_payment: В данный момент запись невозможна.
2025-12-09 20:48:55 - INFO - Содержание функции login: None
2025-12-09 20:58:55 - WARNING - Server sent a very old message with ID 7581947887365831681, ignoring (see FAQ for details)
2025-12-09 20:58:55 - WARNING - Server sent a very old message with ID 7581948195989456897, ignoring (see FAQ for details)
2025-12-09 20:58:55 - WARNING - Server sent a very old message with ID 7581948219086556161, ignoring (see FAQ for details)
2025-12-09 20:58:55 - WARNING - Server sent a very old message with ID 7581948219639016449, ignoring (see FAQ for details)
2025-12-09 20:58:55 - WARNING - Server sent a very old message with ID 7581948227846840321, ignoring (see FAQ for details)
2025-12-09 20:58:55 - WARNING - Server sent a very old message with ID 7581948233235610625, ignoring (see FAQ for details)
2025-12-09 20:58:55 - WARNING - Server sent a very old message with ID 7581948281208203265, ignoring (see FAQ for details)
2025-12-09 20:58:55 - WARNING - Server sent a very old message with ID 7581948390043482113, ignoring (see FAQ for details)
2025-12-09 20:58:55 - WARNING - Server sent a very old message with ID 7581948559727838209, ignoring (see FAQ for details)
2025-12-09 20:58:55 - WARNING - Server sent a very old message with ID 7581948666645232641, ignoring (see FAQ for details)
2025-12-09 20:58:55 - WARNING - Security error while unpacking a received message: Too many messages had to be ignored consecutively
2025-12-09 20:58:55 - WARNING - Server sent a very old message with ID 7581948848226915329, ignoring (see FAQ for details)
2025-12-09 20:58:55 - WARNING - Security error while unpacking a received message: Too many messages had to be ignored consecutively
2025-12-09 20:58:55 - WARNING - Server sent a very old message with ID 7581948856860823553, ignoring (see FAQ for details)
2025-12-09 20:58:55 - WARNING - Security error while unpacking a received message: Too many messages had to be ignored consecutively
2025-12-09 20:58:55 - WARNING - Server sent a very old message with ID 7581948872326562817, ignoring (see FAQ for details)
2025-12-09 20:58:55 - WARNING - Security error while unpacking a received message: Too many messages had to be ignored consecutively
2025-12-09 20:58:55 - WARNING - Server sent a very old message with ID 7581948883955803137, ignoring (see FAQ for details)
2025-12-09 20:58:55 - WARNING - Security error while unpacking a received message: Too many messages had to be ignored consecutively
2025-12-09 20:58:55 - INFO - Got difference for channel 1588101140 updates
2025-12-09 20:58:55 - INFO - Got difference for channel 1429590454 updates
2025-12-09 20:59:10 - INFO - login start
2025-12-09 20:59:51 - INFO - Контент функции get_payment: В данный момент запись невозможна.
2025-12-09 20:59:52 - INFO - Содержание функции login: None
2025-12-09 21:09:52 - WARNING - Server sent a very old message with ID 7581950447021484033, ignoring (see FAQ for details)
2025-12-09 21:09:52 - WARNING - Server sent a very old message with ID 7581950452368379905, ignoring (see FAQ for details)
2025-12-09 21:09:52 - WARNING - Server sent a very old message with ID 7581950494405368833, ignoring (see FAQ for details)
2025-12-09 21:09:52 - WARNING - Server sent a very old message with ID 7581950786244764673, ignoring (see FAQ for details)
2025-12-09 21:09:52 - WARNING - Server sent a very old message with ID 7581950902091237377, ignoring (see FAQ for details)
2025-12-09 21:09:52 - WARNING - Server sent a very old message with ID 7581951041829597185, ignoring (see FAQ for details)
2025-12-09 21:09:52 - WARNING - Server sent a very old message with ID 7581951094442346497, ignoring (see FAQ for details)
2025-12-09 21:09:52 - WARNING - Server sent a very old message with ID 7581951133748602881, ignoring (see FAQ for details)
2025-12-09 21:09:52 - WARNING - Server sent a very old message with ID 7581951174761905153, ignoring (see FAQ for details)
2025-12-09 21:09:52 - WARNING - Server sent a very old message with ID 7581951187749536769, ignoring (see FAQ for details)
2025-12-09 21:09:52 - WARNING - Security error while unpacking a received message: Too many messages had to be ignored consecutively
2025-12-09 21:09:52 - WARNING - Server sent a very old message with ID 7581951366125366273, ignoring (see FAQ for details)
2025-12-09 21:09:52 - WARNING - Security error while unpacking a received message: Too many messages had to be ignored consecutively
2025-12-09 21:09:52 - WARNING - Server sent a very old message with ID 7581951383458662401, ignoring (see FAQ for details)
2025-12-09 21:09:52 - WARNING - Security error while unpacking a received message: Too many messages had to be ignored consecutively
2025-12-09 21:09:52 - WARNING - Server sent a very old message with ID 7581951461855346689, ignoring (see FAQ for details)
2025-12-09 21:09:52 - WARNING - Security error while unpacking a received message: Too many messages had to be ignored consecutively
2025-12-09 21:09:53 - INFO - Got difference for channel 1588101140 updates
2025-12-09 21:10:09 - INFO - login start
2025-12-09 21:10:49 - INFO - Контент функции get_payment: В данный момент запись невозможна.
2025-12-09 21:10:50 - INFO - Содержание функции login: None
2025-12-09 21:20:50 - WARNING - Server sent a very old message with ID 7581953270654914561, ignoring (see FAQ for details)
2025-12-09 21:20:51 - WARNING - Server sent a very old message with ID 7581953295354065921, ignoring (see FAQ for details)
2025-12-09 21:20:51 - WARNING - Server sent a very old message with ID 7581953415715283969, ignoring (see FAQ for details)
2025-12-09 21:20:51 - WARNING - Server sent a very old message with ID 7581953510109207553, ignoring (see FAQ for details)
2025-12-09 21:20:51 - WARNING - Server sent a very old message with ID 7581953520223415297, ignoring (see FAQ for details)
2025-12-09 21:20:51 - WARNING - Server sent a very old message with ID 7581953553433689089, ignoring (see FAQ for details)
2025-12-09 21:20:51 - WARNING - Server sent a very old message with ID 7581953607585851393, ignoring (see FAQ for details)
2025-12-09 21:20:51 - WARNING - Server sent a very old message with ID 7581954307947590661, ignoring (see FAQ for details)
2025-12-09 21:20:51 - WARNING - Server sent a very old message with ID 7581954307947502621, ignoring (see FAQ for details)
2025-12-09 21:20:51 - WARNING - Server sent a very old message with ID 7581954307947590657, ignoring (see FAQ for details)
2025-12-09 21:20:51 - WARNING - Security error while unpacking a received message: Too many messages had to be ignored consecutively
2025-12-09 21:20:51 - WARNING - Server sent a very old message with ID 7581954382598476801, ignoring (see FAQ for details)
2025-12-09 21:20:51 - WARNING - Security error while unpacking a received message: Too many messages had to be ignored consecutively
2025-12-09 21:20:51 - WARNING - Server sent a very old message with ID 7581954404954539009, ignoring (see FAQ for details)
2025-12-09 21:20:51 - WARNING - Security error while unpacking a received message: Too many messages had to be ignored consecutively
2025-12-09 21:20:51 - WARNING - Server sent a very old message with ID 7581954406521802753, ignoring (see FAQ for details)
2025-12-09 21:20:51 - WARNING - Security error while unpacking a received message: Too many messages had to be ignored consecutively
2025-12-09 21:20:51 - WARNING - Server sent a very old message with ID 7581954454764740609, ignoring (see FAQ for details)
2025-12-09 21:20:51 - WARNING - Security error while unpacking a received message: Too many messages had to be ignored consecutively
2025-12-09 21:20:51 - WARNING - Server sent a very old message with ID 7581954462313314305, ignoring (see FAQ for details)
2025-12-09 21:20:51 - WARNING - Security error while unpacking a received message: Too many messages had to be ignored consecutively
2025-12-09 21:20:51 - WARNING - Server sent a very old message with ID 7581954509508837377, ignoring (see FAQ for details)
2025-12-09 21:20:51 - WARNING - Security error while unpacking a received message: Too many messages had to be ignored consecutively
2025-12-09 21:20:51 - INFO - Got difference for account updates
2025-12-09 21:20:51 - INFO - Got difference for channel 1910872988 updates
2025-12-09 21:20:51 - INFO - Got difference for channel 1588101140 updates
2025-12-09 21:20:51 - INFO - Got difference for channel 1429590454 updates
2025-12-09 21:20:52 - INFO - Got difference for channel 1391542369 updates
2025-12-09 21:20:52 - INFO - Got difference for channel 1373462127 updates
2025-12-09 21:21:09 - INFO - login start
2025-12-09 21:21:47 - INFO - Контент функции get_payment: В данный момент запись невозможна.
2025-12-09 21:21:48 - INFO - Содержание функции login: None
2025-12-09 21:31:48 - WARNING - Server sent a very old message with ID 7581956173631613953, ignoring (see FAQ for details)
2025-12-09 21:31:48 - WARNING - Server sent a very old message with ID 7581956206648042497, ignoring (see FAQ for details)
2025-12-09 21:31:48 - WARNING - Server sent a very old message with ID 7581956335169165313, ignoring (see FAQ for details)
2025-12-09 21:31:48 - WARNING - Server sent a very old message with ID 7581956464033658881, ignoring (see FAQ for details)
2025-12-09 21:31:48 - WARNING - Server sent a very old message with ID 7581956592953372673, ignoring (see FAQ for details)
2025-12-09 21:31:48 - WARNING - Server sent a very old message with ID 7581956636616760321, ignoring (see FAQ for details)
2025-12-09 21:31:48 - WARNING - Server sent a very old message with ID 7581956657933112321, ignoring (see FAQ for details)
2025-12-09 21:31:48 - WARNING - Server sent a very old message with ID 7581956687090112513, ignoring (see FAQ for details)
2025-12-09 21:31:48 - WARNING - Server sent a very old message with ID 7581956721709363201, ignoring (see FAQ for details)
2025-12-09 21:31:48 - WARNING - Server sent a very old message with ID 7581956735517273089, ignoring (see FAQ for details)
2025-12-09 21:31:48 - WARNING - Security error while unpacking a received message: Too many messages had to be ignored consecutively
2025-12-09 21:31:48 - WARNING - Server sent a very old message with ID 7581956773915871233, ignoring (see FAQ for details)
2025-12-09 21:31:48 - WARNING - Security error while unpacking a received message: Too many messages had to be ignored consecutively
2025-12-09 21:31:48 - WARNING - Server sent a very old message with ID 7581956822756751361, ignoring (see FAQ for details)
2025-12-09 21:31:48 - WARNING - Security error while unpacking a received message: Too many messages had to be ignored consecutively
2025-12-09 21:31:48 - WARNING - Server sent a very old message with ID 7581956895786457089, ignoring (see FAQ for details)
2025-12-09 21:31:48 - WARNING - Security error while unpacking a received message: Too many messages had to be ignored consecutively
2025-12-09 21:31:48 - WARNING - Server sent a very old message with ID 7581957270749785093, ignoring (see FAQ for details)
2025-12-09 21:31:48 - WARNING - Security error while unpacking a received message: Too many messages had to be ignored consecutively
2025-12-09 21:31:48 - WARNING - Server sent a very old message with ID 7581957270749785089, ignoring (see FAQ for details)
2025-12-09 21:31:48 - WARNING - Security error while unpacking a received message: Too many messages had to be ignored consecutively
2025-12-09 21:31:49 - INFO - Got difference for channel 1588101140 updates
2025-12-09 21:32:04 - INFO - login start
2025-12-09 21:32:47 - INFO - Контент функции get_payment: В данный момент запись невозможна.
2025-12-09 21:32:47 - INFO - Содержание функции login: None
2025-12-09 21:42:47 - WARNING - Server sent a very old message with ID 7581958928583412737, ignoring (see FAQ for details)
2025-12-09 21:42:47 - WARNING - Server sent a very old message with ID 7581959015851226113, ignoring (see FAQ for details)
2025-12-09 21:42:47 - WARNING - Server sent a very old message with ID 7581959217202890753, ignoring (see FAQ for details)
2025-12-09 21:42:47 - WARNING - Server sent a very old message with ID 7581959234093105153, ignoring (see FAQ for details)
2025-12-09 21:42:47 - WARNING - Server sent a very old message with ID 7581959337242986497, ignoring (see FAQ for details)
2025-12-09 21:42:47 - WARNING - Server sent a very old message with ID 7581959345031248897, ignoring (see FAQ for details)
2025-12-09 21:42:47 - WARNING - Server sent a very old message with ID 7581959552411782149, ignoring (see FAQ for details)
2025-12-09 21:42:47 - WARNING - Server sent a very old message with ID 7581959552411782145, ignoring (see FAQ for details)
2025-12-09 21:42:47 - WARNING - Server sent a very old message with ID 7581959736172356609, ignoring (see FAQ for details)
2025-12-09 21:42:47 - WARNING - Server sent a very old message with ID 7581959889016824833, ignoring (see FAQ for details)
2025-12-09 21:42:47 - WARNING - Security error while unpacking a received message: Too many messages had to be ignored consecutively
2025-12-09 21:42:47 - WARNING - Server sent a very old message with ID 7581960011349194753, ignoring (see FAQ for details)
2025-12-09 21:42:47 - WARNING - Security error while unpacking a received message: Too many messages had to be ignored consecutively
2025-12-09 21:42:47 - WARNING - Server sent a very old message with ID 7581960093297036289, ignoring (see FAQ for details)
2025-12-09 21:42:47 - WARNING - Security error while unpacking a received message: Too many messages had to be ignored consecutively
2025-12-09 21:42:47 - WARNING - Server sent a very old message with ID 7581960093297143809, ignoring (see FAQ for details)
2025-12-09 21:42:47 - WARNING - Security error while unpacking a received message: Too many messages had to be ignored consecutively
2025-12-09 21:42:47 - WARNING - Server sent a very old message with ID 7581960093297036293, ignoring (see FAQ for details)
2025-12-09 21:42:47 - WARNING - Security error while unpacking a received message: Too many messages had to be ignored consecutively
2025-12-09 21:42:47 - WARNING - Server sent a very old message with ID 7581960165207990273, ignoring (see FAQ for details)
2025-12-09 21:42:47 - WARNING - Security error while unpacking a received message: Too many messages had to be ignored consecutively
2025-12-09 21:42:47 - WARNING - Server sent a very old message with ID 7581960172702550017, ignoring (see FAQ for details)
2025-12-09 21:42:47 - WARNING - Security error while unpacking a received message: Too many messages had to be ignored consecutively
2025-12-09 21:42:48 - INFO - Got difference for channel 1588101140 updates
2025-12-09 21:42:48 - INFO - Got difference for channel 1910872988 updates
2025-12-09 21:43:02 - INFO - login start
2025-12-09 21:43:41 - INFO - Контент функции get_payment: В данный момент запись невозможна.
2025-12-09 21:43:41 - INFO - Содержание функции login: None
2025-12-09 21:53:41 - WARNING - Server sent a very old message with ID 7581961840378532869, ignoring (see FAQ for details)
2025-12-09 21:53:41 - WARNING - Server sent a very old message with ID 7581961840378532865, ignoring (see FAQ for details)
2025-12-09 21:53:41 - WARNING - Server sent a very old message with ID 7581961840378445841, ignoring (see FAQ for details)
2025-12-09 21:53:41 - WARNING - Server sent a very old message with ID 7581961875554593793, ignoring (see FAQ for details)
2025-12-09 21:53:41 - WARNING - Server sent a very old message with ID 7581961990679194625, ignoring (see FAQ for details)
2025-12-09 21:53:41 - WARNING - Server sent a very old message with ID 7581962556633329673, ignoring (see FAQ for details)
2025-12-09 21:53:41 - WARNING - Server sent a very old message with ID 7581962556633329665, ignoring (see FAQ for details)
2025-12-09 21:53:41 - WARNING - Server sent a very old message with ID 7581962556633329669, ignoring (see FAQ for details)
2025-12-09 21:53:41 - WARNING - Server sent a very old message with ID 7581962684671480833, ignoring (see FAQ for details)
2025-12-09 21:53:41 - WARNING - Server sent a very old message with ID 7581962767280462849, ignoring (see FAQ for details)
2025-12-09 21:53:41 - WARNING - Security error while unpacking a received message: Too many messages had to be ignored consecutively
2025-12-09 21:53:41 - WARNING - Server sent a very old message with ID 7581962768436306945, ignoring (see FAQ for details)
2025-12-09 21:53:41 - WARNING - Security error while unpacking a received message: Too many messages had to be ignored consecutively
2025-12-09 21:53:41 - WARNING - Server sent a very old message with ID 7581962788302276609, ignoring (see FAQ for details)
2025-12-09 21:53:41 - WARNING - Security error while unpacking a received message: Too many messages had to be ignored consecutively
2025-12-09 21:53:41 - WARNING - Server sent a very old message with ID 7581962911111512065, ignoring (see FAQ for details)
2025-12-09 21:53:41 - WARNING - Security error while unpacking a received message: Too many messages had to be ignored consecutively
2025-12-09 21:53:41 - WARNING - Server sent a very old message with ID 7581962911610220545, ignoring (see FAQ for details)
2025-12-09 21:53:41 - WARNING - Security error while unpacking a received message: Too many messages had to be ignored consecutively
2025-12-09 21:53:42 - INFO - Got difference for channel 1588101140 updates
2025-12-09 21:53:47 - INFO - login start
2025-12-09 21:54:23 - INFO - Контент функции get_payment: В данный момент запись невозможна.
2025-12-09 21:54:24 - INFO - Содержание функции login: None
2025-12-09 22:04:24 - WARNING - Server sent a very old message with ID 7581964603730693121, ignoring (see FAQ for details)
2025-12-09 22:04:24 - WARNING - Server sent a very old message with ID 7581964613484553217, ignoring (see FAQ for details)
2025-12-09 22:04:24 - WARNING - Server sent a very old message with ID 7581964783252674589, ignoring (see FAQ for details)
2025-12-09 22:04:24 - WARNING - Server sent a very old message with ID 7581964783252827137, ignoring (see FAQ for details)
2025-12-09 22:04:24 - WARNING - Server sent a very old message with ID 7581964838510493697, ignoring (see FAQ for details)
2025-12-09 22:04:24 - WARNING - Server sent a very old message with ID 7581964908335134721, ignoring (see FAQ for details)
2025-12-09 22:04:24 - WARNING - Server sent a very old message with ID 7581964908335048721, ignoring (see FAQ for details)
2025-12-09 22:04:24 - WARNING - Server sent a very old message with ID 7581964908335048725, ignoring (see FAQ for details)
2025-12-09 22:04:24 - WARNING - Server sent a very old message with ID 7581964975409208321, ignoring (see FAQ for details)
2025-12-09 22:04:24 - WARNING - Server sent a very old message with ID 7581964975409123337, ignoring (see FAQ for details)
2025-12-09 22:04:24 - WARNING - Security error while unpacking a received message: Too many messages had to be ignored consecutively
2025-12-09 22:04:24 - WARNING - Server sent a very old message with ID 7581965178021777437, ignoring (see FAQ for details)
2025-12-09 22:04:24 - WARNING - Security error while unpacking a received message: Too many messages had to be ignored consecutively
2025-12-09 22:04:24 - WARNING - Server sent a very old message with ID 7581965178021859329, ignoring (see FAQ for details)
2025-12-09 22:04:24 - WARNING - Security error while unpacking a received message: Too many messages had to be ignored consecutively
2025-12-09 22:04:24 - WARNING - Server sent a very old message with ID 7581965242519395341, ignoring (see FAQ for details)
2025-12-09 22:04:24 - WARNING - Security error while unpacking a received message: Too many messages had to be ignored consecutively
2025-12-09 22:04:24 - WARNING - Server sent a very old message with ID 7581965242519395345, ignoring (see FAQ for details)
2025-12-09 22:04:24 - WARNING - Security error while unpacking a received message: Too many messages had to be ignored consecutively
2025-12-09 22:04:24 - WARNING - Server sent a very old message with ID 7581965242519468033, ignoring (see FAQ for details)
2025-12-09 22:04:24 - WARNING - Security error while unpacking a received message: Too many messages had to be ignored consecutively
2025-12-09 22:04:24 - WARNING - Server sent a very old message with ID 7581965436412221441, ignoring (see FAQ for details)
2025-12-09 22:04:24 - WARNING - Security error while unpacking a received message: Too many messages had to be ignored consecutively
2025-12-09 22:04:24 - WARNING - Server sent a very old message with ID 7581965436412149781, ignoring (see FAQ for details)
2025-12-09 22:04:24 - WARNING - Security error while unpacking a received message: Too many messages had to be ignored consecutively
2025-12-09 22:04:24 - WARNING - Server sent a very old message with ID 7581965611680642049, ignoring (see FAQ for details)
2025-12-09 22:04:24 - WARNING - Security error while unpacking a received message: Too many messages had to be ignored consecutively
2025-12-09 22:04:24 - WARNING - Server sent a very old message with ID 7581965611680539669, ignoring (see FAQ for details)
2025-12-09 22:04:24 - WARNING - Security error while unpacking a received message: Too many messages had to be ignored consecutively
2025-12-09 22:04:24 - WARNING - Server sent a very old message with ID 7581965611680539673, ignoring (see FAQ for details)
2025-12-09 22:04:24 - WARNING - Security error while unpacking a received message: Too many messages had to be ignored consecutively
2025-12-09 22:04:24 - WARNING - Server sent a very old message with ID 7581965611680539677, ignoring (see FAQ for details)
2025-12-09 22:04:24 - WARNING - Security error while unpacking a received message: Too many messages had to be ignored consecutively
2025-12-09 22:04:24 - INFO - Got difference for channel 1588101140 updates
2025-12-09 22:04:25 - INFO - Got difference for channel 1910872988 updates
2025-12-09 22:04:25 - INFO - Got difference for channel 1429590454 updates
2025-12-09 22:04:37 - INFO - login start
2025-12-09 22:05:20 - INFO - Disconnecting from 149.154.167.51:443/TcpFull...
2025-12-09 22:05:20 - INFO - Disconnection from 149.154.167.51:443/TcpFull complete!
2025-12-11 00:09:59 - INFO - parsing start
2025-12-11 00:09:59 - INFO - Connecting to 149.154.167.51:443/TcpFull...
2025-12-11 00:09:59 - INFO - Connection to 149.154.167.51:443/TcpFull complete!
2025-12-11 00:10:25 - INFO - login start
2025-12-11 00:10:40 - INFO - Контент функции get_payment: В данный момент запись невозможна.
2025-12-11 00:10:40 - INFO - Содержание функции login: None
2025-12-11 00:20:40 - WARNING - Server sent a very old message with ID 7582370867622025217, ignoring (see FAQ for details)
2025-12-11 00:20:40 - WARNING - Server sent a very old message with ID 7582370904380898305, ignoring (see FAQ for details)
2025-12-11 00:20:40 - WARNING - Server sent a very old message with ID 7582371074076497921, ignoring (see FAQ for details)
2025-12-11 00:20:40 - WARNING - Server sent a very old message with ID 7582371334787656705, ignoring (see FAQ for details)
2025-12-11 00:20:40 - WARNING - Server sent a very old message with ID 7582371716174636033, ignoring (see FAQ for details)
2025-12-11 00:20:40 - WARNING - Server sent a very old message with ID 7582371730898167809, ignoring (see FAQ for details)
2025-12-11 00:20:40 - WARNING - Server sent a very old message with ID 7582371778771794945, ignoring (see FAQ for details)
2025-12-11 00:20:40 - WARNING - Server sent a very old message with ID 7582371786480944129, ignoring (see FAQ for details)
2025-12-11 00:20:40 - WARNING - Server sent a very old message with ID 7582371803270862849, ignoring (see FAQ for details)
2025-12-11 00:20:45 - INFO - login start
2025-12-11 00:21:01 - INFO - Контент функции get_payment: В данный момент запись невозможна.
2025-12-11 00:21:01 - INFO - Содержание функции login: None
2025-12-11 00:31:01 - WARNING - Server sent a very old message with ID 7582373514997845021, ignoring (see FAQ for details)
2025-12-11 00:31:01 - WARNING - Server sent a very old message with ID 7582373514997923841, ignoring (see FAQ for details)
2025-12-11 00:31:01 - WARNING - Server sent a very old message with ID 7582373556768675841, ignoring (see FAQ for details)
2025-12-11 00:31:01 - INFO - Got difference for account updates
2025-12-11 00:31:08 - INFO - login start
2025-12-11 00:31:10 - INFO - Disconnecting from 149.154.167.51:443/TcpFull...
2025-12-11 00:31:10 - INFO - Disconnection from 149.154.167.51:443/TcpFull complete!
2025-12-12 16:19:35 - INFO - parsing start
2025-12-12 16:19:35 - INFO - Connecting to 149.154.167.51:443/TcpFull...
2025-12-12 16:19:35 - INFO - Connection to 149.154.167.51:443/TcpFull complete!
2025-12-12 16:19:53 - INFO - login start
2025-12-12 16:20:13 - INFO - Контент функции get_payment: В данный момент запись невозможна.
2025-12-12 16:20:13 - INFO - Содержание функции login: None
2025-12-12 16:26:22 - INFO - Disconnecting from 149.154.167.51:443/TcpFull...
2025-12-12 16:26:22 - WARNING - Server sent a very old message with ID 7582991628353081345, ignoring (see FAQ for details)
2025-12-12 16:26:22 - INFO - Disconnection from 149.154.167.51:443/TcpFull complete!
2025-12-12 16:26:32 - INFO - parsing start
2025-12-12 16:26:32 - INFO - Connecting to 149.154.167.51:443/TcpFull...
2025-12-12 16:26:32 - INFO - Connection to 149.154.167.51:443/TcpFull complete!
2025-12-12 16:26:37 - INFO - login start
2025-12-12 16:26:52 - INFO - Контент функции get_payment: В данный момент запись невозможна.
2025-12-12 16:26:52 - INFO - Содержание функции login: None
2025-12-12 16:36:52 - WARNING - Server sent a very old message with ID 7582993336259116033, ignoring (see FAQ for details)
2025-12-12 16:36:52 - WARNING - Server sent a very old message with ID 7582993336259193857, ignoring (see FAQ for details)
2025-12-12 16:36:52 - WARNING - Server sent a very old message with ID 7582993336259116037, ignoring (see FAQ for details)
2025-12-12 16:36:52 - WARNING - Server sent a very old message with ID 7582993368076144641, ignoring (see FAQ for details)
2025-12-12 16:36:52 - WARNING - Server sent a very old message with ID 7582993388964715521, ignoring (see FAQ for details)
2025-12-12 16:36:52 - WARNING - Server sent a very old message with ID 7582993393083894785, ignoring (see FAQ for details)
2025-12-12 16:36:52 - WARNING - Server sent a very old message with ID 7582993409592956929, ignoring (see FAQ for details)
2025-12-12 16:36:52 - WARNING - Server sent a very old message with ID 7582993477444546561, ignoring (see FAQ for details)
2025-12-12 16:36:52 - WARNING - Server sent a very old message with ID 7582993479642251265, ignoring (see FAQ for details)
2025-12-12 16:36:52 - WARNING - Server sent a very old message with ID 7582993491349280769, ignoring (see FAQ for details)
2025-12-12 16:36:52 - WARNING - Security error while unpacking a received message: Too many messages had to be ignored consecutively
2025-12-12 16:36:52 - WARNING - Server sent a very old message with ID 7582993492198308865, ignoring (see FAQ for details)
2025-12-12 16:36:52 - WARNING - Security error while unpacking a received message: Too many messages had to be ignored consecutively
2025-12-12 16:36:52 - WARNING - Server sent a very old message with ID 7582993526085028865, ignoring (see FAQ for details)
2025-12-12 16:36:52 - WARNING - Security error while unpacking a received message: Too many messages had to be ignored consecutively
2025-12-12 16:36:52 - WARNING - Server sent a very old message with ID 7582993526085028869, ignoring (see FAQ for details)
2025-12-12 16:36:52 - WARNING - Security error while unpacking a received message: Too many messages had to be ignored consecutively
2025-12-12 16:36:52 - WARNING - Server sent a very old message with ID 7582993605406803969, ignoring (see FAQ for details)
2025-12-12 16:36:52 - WARNING - Security error while unpacking a received message: Too many messages had to be ignored consecutively
2025-12-12 16:36:52 - WARNING - Server sent a very old message with ID 7582993605406803973, ignoring (see FAQ for details)
2025-12-12 16:36:52 - WARNING - Security error while unpacking a received message: Too many messages had to be ignored consecutively
2025-12-12 16:36:52 - WARNING - Server sent a very old message with ID 7582993693442452481, ignoring (see FAQ for details)
2025-12-12 16:36:52 - WARNING - Security error while unpacking a received message: Too many messages had to be ignored consecutively
2025-12-12 16:36:52 - WARNING - Server sent a very old message with ID 7582993698502563841, ignoring (see FAQ for details)
2025-12-12 16:36:52 - WARNING - Security error while unpacking a received message: Too many messages had to be ignored consecutively
2025-12-12 16:36:52 - WARNING - Server sent a very old message with ID 7582993765012725761, ignoring (see FAQ for details)
2025-12-12 16:36:52 - WARNING - Security error while unpacking a received message: Too many messages had to be ignored consecutively
2025-12-12 16:36:52 - WARNING - Server sent a very old message with ID 7582993814522814465, ignoring (see FAQ for details)
2025-12-12 16:36:52 - WARNING - Security error while unpacking a received message: Too many messages had to be ignored consecutively
2025-12-12 16:36:52 - WARNING - Server sent a very old message with ID 7582993958548064257, ignoring (see FAQ for details)
2025-12-12 16:36:52 - WARNING - Security error while unpacking a received message: Too many messages had to be ignored consecutively
2025-12-12 16:36:52 - WARNING - Server sent a very old message with ID 7582993958547997701, ignoring (see FAQ for details)
2025-12-12 16:36:52 - WARNING - Security error while unpacking a received message: Too many messages had to be ignored consecutively
2025-12-12 16:36:52 - WARNING - Server sent a very old message with ID 7582993958547997697, ignoring (see FAQ for details)
2025-12-12 16:36:52 - WARNING - Security error while unpacking a received message: Too many messages had to be ignored consecutively
2025-12-12 16:36:52 - WARNING - Server sent a very old message with ID 7582993960281460737, ignoring (see FAQ for details)
2025-12-12 16:36:52 - WARNING - Security error while unpacking a received message: Too many messages had to be ignored consecutively
2025-12-12 16:36:52 - WARNING - Server sent a very old message with ID 7582993972369503233, ignoring (see FAQ for details)
2025-12-12 16:36:52 - WARNING - Security error while unpacking a received message: Too many messages had to be ignored consecutively
2025-12-12 16:36:52 - WARNING - Server sent a very old message with ID 7582993975918274561, ignoring (see FAQ for details)
2025-12-12 16:36:52 - WARNING - Security error while unpacking a received message: Too many messages had to be ignored consecutively
2025-12-12 16:36:52 - WARNING - Server sent a very old message with ID 7582994090667464705, ignoring (see FAQ for details)
2025-12-12 16:36:52 - WARNING - Security error while unpacking a received message: Too many messages had to be ignored consecutively
2025-12-12 16:36:52 - WARNING - Server sent a very old message with ID 7582994090667464713, ignoring (see FAQ for details)
2025-12-12 16:36:52 - WARNING - Security error while unpacking a received message: Too many messages had to be ignored consecutively
2025-12-12 16:36:52 - WARNING - Server sent a very old message with ID 7582994090667464709, ignoring (see FAQ for details)
2025-12-12 16:36:52 - WARNING - Security error while unpacking a received message: Too many messages had to be ignored consecutively
2025-12-12 16:36:52 - WARNING - Server sent a very old message with ID 7582994101178602497, ignoring (see FAQ for details)
2025-12-12 16:36:52 - WARNING - Security error while unpacking a received message: Too many messages had to be ignored consecutively
2025-12-12 16:36:53 - WARNING - Server sent a very old message with ID 7582994150439897089, ignoring (see FAQ for details)
2025-12-12 16:36:53 - WARNING - Security error while unpacking a received message: Too many messages had to be ignored consecutively
2025-12-12 16:36:53 - WARNING - Server sent a very old message with ID 7582994161468614657, ignoring (see FAQ for details)
2025-12-12 16:36:53 - WARNING - Security error while unpacking a received message: Too many messages had to be ignored consecutively
2025-12-12 16:36:53 - WARNING - Server sent a very old message with ID 7582994184315421697, ignoring (see FAQ for details)
2025-12-12 16:36:53 - WARNING - Security error while unpacking a received message: Too many messages had to be ignored consecutively
2025-12-12 16:36:53 - WARNING - Server sent a very old message with ID 7582994211763129345, ignoring (see FAQ for details)
2025-12-12 16:36:53 - WARNING - Security error while unpacking a received message: Too many messages had to be ignored consecutively
2025-12-12 16:36:53 - WARNING - Server sent a very old message with ID 7582994216254051329, ignoring (see FAQ for details)
2025-12-12 16:36:53 - WARNING - Security error while unpacking a received message: Too many messages had to be ignored consecutively
2025-12-12 16:36:53 - WARNING - Server sent a very old message with ID 7582994277665272833, ignoring (see FAQ for details)
2025-12-12 16:36:53 - WARNING - Security error while unpacking a received message: Too many messages had to be ignored consecutively
2025-12-12 16:36:53 - WARNING - Server sent a very old message with ID 7582994310665953281, ignoring (see FAQ for details)
2025-12-12 16:36:53 - WARNING - Security error while unpacking a received message: Too many messages had to be ignored consecutively
2025-12-12 16:36:53 - WARNING - Server sent a very old message with ID 7582994332781697025, ignoring (see FAQ for details)
2025-12-12 16:36:53 - WARNING - Security error while unpacking a received message: Too many messages had to be ignored consecutively
2025-12-12 16:36:53 - WARNING - Server sent a very old message with ID 7582994370584157185, ignoring (see FAQ for details)
2025-12-12 16:36:53 - WARNING - Security error while unpacking a received message: Too many messages had to be ignored consecutively
2025-12-12 16:36:53 - WARNING - Server sent a very old message with ID 7582994484348946433, ignoring (see FAQ for details)
2025-12-12 16:36:53 - WARNING - Security error while unpacking a received message: Too many messages had to be ignored consecutively
2025-12-12 16:36:53 - WARNING - Server sent a very old message with ID 7582994497613423617, ignoring (see FAQ for details)
2025-12-12 16:36:53 - WARNING - Security error while unpacking a received message: Too many messages had to be ignored consecutively
2025-12-12 16:36:53 - WARNING - Server sent a very old message with ID 7582994504197084161, ignoring (see FAQ for details)
2025-12-12 16:36:53 - WARNING - Security error while unpacking a received message: Too many messages had to be ignored consecutively
2025-12-12 16:36:53 - WARNING - Server sent a very old message with ID 7582994506586634241, ignoring (see FAQ for details)
2025-12-12 16:36:53 - WARNING - Security error while unpacking a received message: Too many messages had to be ignored consecutively
2025-12-12 16:36:53 - WARNING - Server sent a very old message with ID 7582994519438729217, ignoring (see FAQ for details)
2025-12-12 16:36:53 - WARNING - Security error while unpacking a received message: Too many messages had to be ignored consecutively
2025-12-12 16:36:53 - WARNING - Server sent a very old message with ID 7582994535981498369, ignoring (see FAQ for details)
2025-12-12 16:36:53 - WARNING - Security error while unpacking a received message: Too many messages had to be ignored consecutively
2025-12-12 16:36:53 - WARNING - Server sent a very old message with ID 7582994539532546049, ignoring (see FAQ for details)
2025-12-12 16:36:53 - WARNING - Security error while unpacking a received message: Too many messages had to be ignored consecutively
2025-12-12 16:36:53 - WARNING - Server sent a very old message with ID 7582994540240179201, ignoring (see FAQ for details)
2025-12-12 16:36:53 - WARNING - Security error while unpacking a received message: Too many messages had to be ignored consecutively
2025-12-12 16:36:53 - WARNING - Server sent a very old message with ID 7582994559076142081, ignoring (see FAQ for details)
2025-12-12 16:36:53 - WARNING - Security error while unpacking a received message: Too many messages had to be ignored consecutively
2025-12-12 16:36:53 - WARNING - Server sent a very old message with ID 7582994583055033345, ignoring (see FAQ for details)
2025-12-12 16:36:53 - WARNING - Security error while unpacking a received message: Too many messages had to be ignored consecutively
2025-12-12 16:36:53 - WARNING - Server sent a very old message with ID 7582994604453275649, ignoring (see FAQ for details)
2025-12-12 16:36:53 - WARNING - Security error while unpacking a received message: Too many messages had to be ignored consecutively
2025-12-12 16:36:59 - INFO - login start
2025-12-12 16:37:18 - INFO - Контент функции get_payment: В данный момент запись невозможна.
2025-12-12 16:37:18 - INFO - Содержание функции login: None
2025-12-12 16:47:18 - WARNING - Server sent a very old message with ID 7582996003687964673, ignoring (see FAQ for details)
2025-12-12 16:47:18 - WARNING - Server sent a very old message with ID 7582996017558330369, ignoring (see FAQ for details)
2025-12-12 16:47:18 - WARNING - Server sent a very old message with ID 7582996029223456769, ignoring (see FAQ for details)
2025-12-12 16:47:18 - WARNING - Server sent a very old message with ID 7582996063937483777, ignoring (see FAQ for details)
2025-12-12 16:47:18 - WARNING - Server sent a very old message with ID 7582996092375750657, ignoring (see FAQ for details)
2025-12-12 16:47:18 - WARNING - Server sent a very old message with ID 7582996107906893825, ignoring (see FAQ for details)
2025-12-12 16:47:18 - WARNING - Server sent a very old message with ID 7582996187141910541, ignoring (see FAQ for details)
2025-12-12 16:47:18 - WARNING - Server sent a very old message with ID 7582996187142011905, ignoring (see FAQ for details)
2025-12-12 16:47:18 - WARNING - Server sent a very old message with ID 7582996226555991041, ignoring (see FAQ for details)
2025-12-12 16:47:18 - WARNING - Server sent a very old message with ID 7582996227798586369, ignoring (see FAQ for details)
2025-12-12 16:47:18 - WARNING - Security error while unpacking a received message: Too many messages had to be ignored consecutively
2025-12-12 16:47:18 - WARNING - Server sent a very old message with ID 7582996379498966017, ignoring (see FAQ for details)
2025-12-12 16:47:18 - WARNING - Security error while unpacking a received message: Too many messages had to be ignored consecutively
2025-12-12 16:47:18 - WARNING - Server sent a very old message with ID 7582996650922499073, ignoring (see FAQ for details)
2025-12-12 16:47:18 - WARNING - Security error while unpacking a received message: Too many messages had to be ignored consecutively
2025-12-12 16:47:18 - WARNING - Server sent a very old message with ID 7582996650922499077, ignoring (see FAQ for details)
2025-12-12 16:47:18 - WARNING - Security error while unpacking a received message: Too many messages had to be ignored consecutively
2025-12-12 16:47:18 - WARNING - Server sent a very old message with ID 7582996692107442177, ignoring (see FAQ for details)
2025-12-12 16:47:18 - WARNING - Security error while unpacking a received message: Too many messages had to be ignored consecutively
2025-12-12 16:47:18 - WARNING - Server sent a very old message with ID 7582996724330564609, ignoring (see FAQ for details)
2025-12-12 16:47:18 - WARNING - Security error while unpacking a received message: Too many messages had to be ignored consecutively
2025-12-12 16:47:18 - WARNING - Server sent a very old message with ID 7582996745589694465, ignoring (see FAQ for details)
2025-12-12 16:47:18 - WARNING - Security error while unpacking a received message: Too many messages had to be ignored consecutively
2025-12-12 16:47:24 - WARNING - Server sent a very old message with ID 7582996748299939841, ignoring (see FAQ for details)
2025-12-12 16:47:24 - WARNING - Security error while unpacking a received message: Too many messages had to be ignored consecutively
2025-12-12 16:47:24 - WARNING - Server sent a very old message with ID 7582996778704978945, ignoring (see FAQ for details)
2025-12-12 16:47:24 - WARNING - Security error while unpacking a received message: Too many messages had to be ignored consecutively
2025-12-12 16:47:24 - WARNING - Server sent a very old message with ID 7582996866600178689, ignoring (see FAQ for details)
2025-12-12 16:47:24 - WARNING - Security error while unpacking a received message: Too many messages had to be ignored consecutively
2025-12-12 16:47:24 - WARNING - Server sent a very old message with ID 7582996867400286209, ignoring (see FAQ for details)
2025-12-12 16:47:24 - WARNING - Security error while unpacking a received message: Too many messages had to be ignored consecutively
2025-12-12 16:47:24 - WARNING - Server sent a very old message with ID 7582996883323058177, ignoring (see FAQ for details)
2025-12-12 16:47:24 - WARNING - Security error while unpacking a received message: Too many messages had to be ignored consecutively
2025-12-12 16:47:24 - WARNING - Server sent a very old message with ID 7582996917802919953, ignoring (see FAQ for details)
2025-12-12 16:47:24 - WARNING - Security error while unpacking a received message: Too many messages had to be ignored consecutively
2025-12-12 16:47:24 - WARNING - Server sent a very old message with ID 7582996917803020289, ignoring (see FAQ for details)
2025-12-12 16:47:24 - WARNING - Security error while unpacking a received message: Too many messages had to be ignored consecutively
2025-12-12 16:47:24 - WARNING - Server sent a very old message with ID 7582996935304078337, ignoring (see FAQ for details)
2025-12-12 16:47:24 - WARNING - Security error while unpacking a received message: Too many messages had to be ignored consecutively
2025-12-12 16:47:24 - WARNING - Server sent a very old message with ID 7582996937167722497, ignoring (see FAQ for details)
2025-12-12 16:47:24 - WARNING - Security error while unpacking a received message: Too many messages had to be ignored consecutively
2025-12-12 16:47:24 - WARNING - Server sent a very old message with ID 7582996945381072897, ignoring (see FAQ for details)
2025-12-12 16:47:24 - WARNING - Security error while unpacking a received message: Too many messages had to be ignored consecutively
2025-12-12 16:47:24 - WARNING - Server sent a very old message with ID 7582996969260840961, ignoring (see FAQ for details)
2025-12-12 16:47:24 - WARNING - Security error while unpacking a received message: Too many messages had to be ignored consecutively
2025-12-12 16:47:24 - WARNING - Server sent a very old message with ID 7582997006746970113, ignoring (see FAQ for details)
2025-12-12 16:47:24 - WARNING - Security error while unpacking a received message: Too many messages had to be ignored consecutively
2025-12-12 16:47:24 - WARNING - Server sent a very old message with ID 7582997039088567297, ignoring (see FAQ for details)
2025-12-12 16:47:24 - WARNING - Security error while unpacking a received message: Too many messages had to be ignored consecutively
2025-12-12 16:47:24 - WARNING - Server sent a very old message with ID 7582997082827955201, ignoring (see FAQ for details)
2025-12-12 16:47:24 - WARNING - Security error while unpacking a received message: Too many messages had to be ignored consecutively
2025-12-12 16:47:24 - WARNING - Server sent a very old message with ID 7582997082831792129, ignoring (see FAQ for details)
2025-12-12 16:47:24 - WARNING - Security error while unpacking a received message: Too many messages had to be ignored consecutively
2025-12-12 16:47:24 - WARNING - Server sent a very old message with ID 7582997106641074177, ignoring (see FAQ for details)
2025-12-12 16:47:24 - WARNING - Security error while unpacking a received message: Too many messages had to be ignored consecutively
2025-12-12 16:47:24 - WARNING - Server sent a very old message with ID 7582997127878171649, ignoring (see FAQ for details)
2025-12-12 16:47:24 - WARNING - Security error while unpacking a received message: Too many messages had to be ignored consecutively
2025-12-12 16:47:24 - WARNING - Server sent a very old message with ID 7582997129332339713, ignoring (see FAQ for details)
2025-12-12 16:47:24 - WARNING - Security error while unpacking a received message: Too many messages had to be ignored consecutively
2025-12-12 16:47:24 - WARNING - Server sent a very old message with ID 7582997139144529921, ignoring (see FAQ for details)
2025-12-12 16:47:24 - WARNING - Security error while unpacking a received message: Too many messages had to be ignored consecutively
2025-12-12 16:47:24 - WARNING - Server sent a very old message with ID 7582997140687842305, ignoring (see FAQ for details)
2025-12-12 16:47:24 - WARNING - Security error while unpacking a received message: Too many messages had to be ignored consecutively
2025-12-12 16:47:24 - WARNING - Server sent a very old message with ID 7582997144778015745, ignoring (see FAQ for details)
2025-12-12 16:47:24 - WARNING - Security error while unpacking a received message: Too many messages had to be ignored consecutively
2025-12-12 16:47:24 - WARNING - Server sent a very old message with ID 7582997145849663489, ignoring (see FAQ for details)
2025-12-12 16:47:24 - WARNING - Security error while unpacking a received message: Too many messages had to be ignored consecutively
2025-12-12 16:47:24 - WARNING - Server sent a very old message with ID 7582997166498352129, ignoring (see FAQ for details)
2025-12-12 16:47:24 - WARNING - Security error while unpacking a received message: Too many messages had to be ignored consecutively
2025-12-12 16:47:24 - WARNING - Server sent a very old message with ID 7582997177256263681, ignoring (see FAQ for details)
2025-12-12 16:47:24 - WARNING - Security error while unpacking a received message: Too many messages had to be ignored consecutively
2025-12-12 16:47:24 - WARNING - Server sent a very old message with ID 7582997180937210881, ignoring (see FAQ for details)
2025-12-12 16:47:24 - WARNING - Security error while unpacking a received message: Too many messages had to be ignored consecutively
2025-12-12 16:47:24 - WARNING - Server sent a very old message with ID 7582997184179891201, ignoring (see FAQ for details)
2025-12-12 16:47:24 - WARNING - Security error while unpacking a received message: Too many messages had to be ignored consecutively
2025-12-12 16:47:24 - WARNING - Server sent a very old message with ID 7582997190305810433, ignoring (see FAQ for details)
2025-12-12 16:47:24 - WARNING - Security error while unpacking a received message: Too many messages had to be ignored consecutively
2025-12-12 16:47:24 - WARNING - Server sent a very old message with ID 7582997203798181889, ignoring (see FAQ for details)
2025-12-12 16:47:24 - WARNING - Security error while unpacking a received message: Too many messages had to be ignored consecutively
2025-12-12 16:47:24 - WARNING - Server sent a very old message with ID 7582997236871314433, ignoring (see FAQ for details)
2025-12-12 16:47:24 - WARNING - Security error while unpacking a received message: Too many messages had to be ignored consecutively
2025-12-12 16:47:24 - WARNING - Server sent a very old message with ID 7582997237179388929, ignoring (see FAQ for details)
2025-12-12 16:47:24 - WARNING - Security error while unpacking a received message: Too many messages had to be ignored consecutively
2025-12-12 16:47:24 - WARNING - Server sent a very old message with ID 7582997277207524353, ignoring (see FAQ for details)
2025-12-12 16:47:24 - WARNING - Security error while unpacking a received message: Too many messages had to be ignored consecutively
2025-12-12 16:47:24 - WARNING - Server sent a very old message with ID 7582997277803670529, ignoring (see FAQ for details)
2025-12-12 16:47:24 - WARNING - Security error while unpacking a received message: Too many messages had to be ignored consecutively
2025-12-12 16:47:25 - WARNING - Server sent a very old message with ID 7582997293293209601, ignoring (see FAQ for details)
2025-12-12 16:47:25 - WARNING - Security error while unpacking a received message: Too many messages had to be ignored consecutively
2025-12-12 16:47:25 - WARNING - Server sent a very old message with ID 7582997310489117697, ignoring (see FAQ for details)
2025-12-12 16:47:25 - WARNING - Security error while unpacking a received message: Too many messages had to be ignored consecutively
2025-12-12 16:47:25 - INFO - Got difference for account updates
2025-12-12 16:47:25 - INFO - Got difference for channel 1910872988 updates
2025-12-12 16:47:25 - INFO - login start
2025-12-12 16:47:25 - INFO - Got difference for channel 1588101140 updates
2025-12-12 16:47:48 - INFO - Контент функции get_payment: В данный момент запись невозможна.
2025-12-12 16:47:48 - INFO - Содержание функции login: None
2025-12-12 16:57:48 - WARNING - Server sent a very old message with ID 7582998733332208641, ignoring (see FAQ for details)
2025-12-12 16:57:48 - WARNING - Server sent a very old message with ID 7582998791275164673, ignoring (see FAQ for details)
2025-12-12 16:57:48 - WARNING - Server sent a very old message with ID 7582998799275290625, ignoring (see FAQ for details)
2025-12-12 16:57:48 - WARNING - Server sent a very old message with ID 7582998859900922881, ignoring (see FAQ for details)
2025-12-12 16:57:48 - WARNING - Server sent a very old message with ID 7582998873284679681, ignoring (see FAQ for details)
2025-12-12 16:57:48 - WARNING - Server sent a very old message with ID 7582998909862585345, ignoring (see FAQ for details)
2025-12-12 16:57:48 - WARNING - Server sent a very old message with ID 7582998914492861441, ignoring (see FAQ for details)
2025-12-12 16:57:48 - WARNING - Server sent a very old message with ID 7582998948015448065, ignoring (see FAQ for details)
2025-12-12 16:57:48 - WARNING - Server sent a very old message with ID 7582999014650979333, ignoring (see FAQ for details)
2025-12-12 16:57:48 - WARNING - Server sent a very old message with ID 7582999014650979329, ignoring (see FAQ for details)
2025-12-12 16:57:48 - WARNING - Security error while unpacking a received message: Too many messages had to be ignored consecutively
2025-12-12 16:57:48 - WARNING - Server sent a very old message with ID 7582999044090222593, ignoring (see FAQ for details)
2025-12-12 16:57:48 - WARNING - Security error while unpacking a received message: Too many messages had to be ignored consecutively
2025-12-12 16:57:48 - WARNING - Server sent a very old message with ID 7582999055064801281, ignoring (see FAQ for details)
2025-12-12 16:57:48 - WARNING - Security error while unpacking a received message: Too many messages had to be ignored consecutively
2025-12-12 16:57:48 - WARNING - Server sent a very old message with ID 7582999087940359169, ignoring (see FAQ for details)
2025-12-12 16:57:48 - WARNING - Security error while unpacking a received message: Too many messages had to be ignored consecutively
2025-12-12 16:57:48 - WARNING - Server sent a very old message with ID 7582999205496471553, ignoring (see FAQ for details)
2025-12-12 16:57:48 - WARNING - Security error while unpacking a received message: Too many messages had to be ignored consecutively
2025-12-12 16:57:48 - WARNING - Server sent a very old message with ID 7582999230025796609, ignoring (see FAQ for details)
2025-12-12 16:57:48 - WARNING - Security error while unpacking a received message: Too many messages had to be ignored consecutively
2025-12-12 16:57:48 - WARNING - Server sent a very old message with ID 7582999301482803201, ignoring (see FAQ for details)
2025-12-12 16:57:48 - WARNING - Security error while unpacking a received message: Too many messages had to be ignored consecutively
2025-12-12 16:57:48 - WARNING - Server sent a very old message with ID 7582999302544540673, ignoring (see FAQ for details)
2025-12-12 16:57:48 - WARNING - Security error while unpacking a received message: Too many messages had to be ignored consecutively
2025-12-12 16:57:48 - WARNING - Server sent a very old message with ID 7582999332126932993, ignoring (see FAQ for details)
2025-12-12 16:57:48 - WARNING - Security error while unpacking a received message: Too many messages had to be ignored consecutively
2025-12-12 16:57:48 - WARNING - Server sent a very old message with ID 7582999368853235713, ignoring (see FAQ for details)
2025-12-12 16:57:48 - WARNING - Security error while unpacking a received message: Too many messages had to be ignored consecutively
2025-12-12 16:57:48 - WARNING - Server sent a very old message with ID 7582999473137312769, ignoring (see FAQ for details)
2025-12-12 16:57:48 - WARNING - Security error while unpacking a received message: Too many messages had to be ignored consecutively
2025-12-12 16:57:48 - WARNING - Server sent a very old message with ID 7582999573307255809, ignoring (see FAQ for details)
2025-12-12 16:57:48 - WARNING - Security error while unpacking a received message: Too many messages had to be ignored consecutively
2025-12-12 16:57:48 - WARNING - Server sent a very old message with ID 7582999596044229633, ignoring (see FAQ for details)
2025-12-12 16:57:48 - WARNING - Security error while unpacking a received message: Too many messages had to be ignored consecutively
2025-12-12 16:57:48 - WARNING - Server sent a very old message with ID 7582999687065560065, ignoring (see FAQ for details)
2025-12-12 16:57:48 - WARNING - Security error while unpacking a received message: Too many messages had to be ignored consecutively
2025-12-12 16:57:48 - WARNING - Server sent a very old message with ID 7582999715704450049, ignoring (see FAQ for details)
2025-12-12 16:57:48 - WARNING - Security error while unpacking a received message: Too many messages had to be ignored consecutively
2025-12-12 16:57:48 - WARNING - Server sent a very old message with ID 7582999790731194369, ignoring (see FAQ for details)
2025-12-12 16:57:48 - WARNING - Security error while unpacking a received message: Too many messages had to be ignored consecutively
2025-12-12 16:57:48 - WARNING - Server sent a very old message with ID 7582999793409457153, ignoring (see FAQ for details)
2025-12-12 16:57:48 - WARNING - Security error while unpacking a received message: Too many messages had to be ignored consecutively
2025-12-12 16:57:48 - WARNING - Server sent a very old message with ID 7582999802326042625, ignoring (see FAQ for details)
2025-12-12 16:57:48 - WARNING - Security error while unpacking a received message: Too many messages had to be ignored consecutively
2025-12-12 16:57:48 - WARNING - Server sent a very old message with ID 7582999839340284929, ignoring (see FAQ for details)
2025-12-12 16:57:48 - WARNING - Security error while unpacking a received message: Too many messages had to be ignored consecutively
2025-12-12 16:57:48 - WARNING - Server sent a very old message with ID 7582999901551117313, ignoring (see FAQ for details)
2025-12-12 16:57:48 - WARNING - Security error while unpacking a received message: Too many messages had to be ignored consecutively
2025-12-12 16:57:48 - WARNING - Server sent a very old message with ID 7582999963639519233, ignoring (see FAQ for details)
2025-12-12 16:57:48 - WARNING - Security error while unpacking a received message: Too many messages had to be ignored consecutively
2025-12-12 16:57:54 - INFO - login start
2025-12-12 16:58:12 - INFO - Контент функции get_payment: В данный момент запись невозможна.
2025-12-12 16:58:12 - INFO - Содержание функции login: None
2025-12-12 17:08:12 - WARNING - Server sent a very old message with ID 7583001609287446529, ignoring (see FAQ for details)
2025-12-12 17:08:12 - WARNING - Server sent a very old message with ID 7583001609287446533, ignoring (see FAQ for details)
2025-12-12 17:08:12 - WARNING - Server sent a very old message with ID 7583001955831279617, ignoring (see FAQ for details)
2025-12-12 17:08:12 - WARNING - Server sent a very old message with ID 7583002142104423425, ignoring (see FAQ for details)
2025-12-12 17:08:12 - WARNING - Server sent a very old message with ID 7583002145833904129, ignoring (see FAQ for details)
2025-12-12 17:08:12 - WARNING - Server sent a very old message with ID 7583002244682722305, ignoring (see FAQ for details)
2025-12-12 17:08:12 - WARNING - Server sent a very old message with ID 7583002279322510337, ignoring (see FAQ for details)
2025-12-12 17:08:12 - WARNING - Server sent a very old message with ID 7583002343969228801, ignoring (see FAQ for details)
2025-12-12 17:08:12 - WARNING - Server sent a very old message with ID 7583002491254550529, ignoring (see FAQ for details)
2025-12-12 17:08:12 - WARNING - Server sent a very old message with ID 7583002497144686593, ignoring (see FAQ for details)
2025-12-12 17:08:12 - WARNING - Security error while unpacking a received message: Too many messages had to be ignored consecutively
2025-12-12 17:08:12 - WARNING - Server sent a very old message with ID 7583002502434276353, ignoring (see FAQ for details)
2025-12-12 17:08:12 - WARNING - Security error while unpacking a received message: Too many messages had to be ignored consecutively
2025-12-12 17:08:12 - WARNING - Server sent a very old message with ID 7583002508127453185, ignoring (see FAQ for details)
2025-12-12 17:08:12 - WARNING - Security error while unpacking a received message: Too many messages had to be ignored consecutively
2025-12-12 17:08:12 - WARNING - Server sent a very old message with ID 7583002519562022913, ignoring (see FAQ for details)
2025-12-12 17:08:12 - WARNING - Security error while unpacking a received message: Too many messages had to be ignored consecutively
2025-12-12 17:08:12 - INFO - Got difference for account updates
2025-12-12 17:08:12 - INFO - Got difference for channel 1588101140 updates
2025-12-12 17:08:12 - INFO - Got difference for channel 1891922549 updates
2025-12-12 17:08:12 - INFO - Got difference for channel 1910872988 updates
2025-12-12 17:08:17 - INFO - login start
2025-12-12 17:08:38 - INFO - Контент функции get_payment: В данный момент запись невозможна.
2025-12-12 17:08:39 - INFO - Содержание функции login: None
2025-12-12 17:18:39 - WARNING - Server sent a very old message with ID 7583004132104314881, ignoring (see FAQ for details)
2025-12-12 17:18:39 - WARNING - Server sent a very old message with ID 7583004246183009281, ignoring (see FAQ for details)
2025-12-12 17:18:39 - WARNING - Server sent a very old message with ID 7583004246183009289, ignoring (see FAQ for details)
2025-12-12 17:18:39 - WARNING - Server sent a very old message with ID 7583004246183009285, ignoring (see FAQ for details)
2025-12-12 17:18:39 - WARNING - Server sent a very old message with ID 7583004269814201345, ignoring (see FAQ for details)
2025-12-12 17:18:39 - WARNING - Server sent a very old message with ID 7583004344552646657, ignoring (see FAQ for details)
2025-12-12 17:18:39 - WARNING - Server sent a very old message with ID 7583004472908905473, ignoring (see FAQ for details)
2025-12-12 17:18:39 - WARNING - Server sent a very old message with ID 7583004658100395009, ignoring (see FAQ for details)
2025-12-12 17:18:39 - WARNING - Server sent a very old message with ID 7583004658100324361, ignoring (see FAQ for details)
2025-12-12 17:18:39 - WARNING - Server sent a very old message with ID 7583004660292169729, ignoring (see FAQ for details)
2025-12-12 17:18:39 - WARNING - Security error while unpacking a received message: Too many messages had to be ignored consecutively
2025-12-12 17:18:39 - WARNING - Server sent a very old message with ID 7583004727364440065, ignoring (see FAQ for details)
2025-12-12 17:18:39 - WARNING - Security error while unpacking a received message: Too many messages had to be ignored consecutively
2025-12-12 17:18:39 - WARNING - Server sent a very old message with ID 7583004848679568385, ignoring (see FAQ for details)
2025-12-12 17:18:39 - WARNING - Security error while unpacking a received message: Too many messages had to be ignored consecutively
2025-12-12 17:18:39 - WARNING - Server sent a very old message with ID 7583004972089536513, ignoring (see FAQ for details)
2025-12-12 17:18:39 - WARNING - Security error while unpacking a received message: Too many messages had to be ignored consecutively
2025-12-12 17:18:39 - WARNING - Server sent a very old message with ID 7583004994517235713, ignoring (see FAQ for details)
2025-12-12 17:18:39 - WARNING - Security error while unpacking a received message: Too many messages had to be ignored consecutively
2025-12-12 17:18:39 - WARNING - Server sent a very old message with ID 7583005000771458049, ignoring (see FAQ for details)
2025-12-12 17:18:39 - WARNING - Security error while unpacking a received message: Too many messages had to be ignored consecutively
2025-12-12 17:18:39 - WARNING - Server sent a very old message with ID 7583005088951595009, ignoring (see FAQ for details)
2025-12-12 17:18:39 - WARNING - Security error while unpacking a received message: Too many messages had to be ignored consecutively
2025-12-12 17:18:39 - WARNING - Server sent a very old message with ID 7583005099120233473, ignoring (see FAQ for details)
2025-12-12 17:18:39 - WARNING - Security error while unpacking a received message: Too many messages had to be ignored consecutively
2025-12-12 17:18:39 - WARNING - Server sent a very old message with ID 7583005104606083073, ignoring (see FAQ for details)
2025-12-12 17:18:39 - WARNING - Security error while unpacking a received message: Too many messages had to be ignored consecutively
2025-12-12 17:18:39 - WARNING - Server sent a very old message with ID 7583005107434161153, ignoring (see FAQ for details)
2025-12-12 17:18:39 - WARNING - Security error while unpacking a received message: Too many messages had to be ignored consecutively
2025-12-12 17:18:39 - WARNING - Server sent a very old message with ID 7583005227630584833, ignoring (see FAQ for details)
2025-12-12 17:18:39 - WARNING - Security error while unpacking a received message: Too many messages had to be ignored consecutively
2025-12-12 17:18:40 - INFO - Got difference for channel 1910872988 updates
2025-12-12 17:18:44 - INFO - login start
2025-12-12 17:19:01 - INFO - Контент функции get_payment: В данный момент запись невозможна.
2025-12-12 17:19:01 - INFO - Содержание функции login: None
2025-12-12 17:29:01 - WARNING - Server sent a very old message with ID 7583006855892944897, ignoring (see FAQ for details)
2025-12-12 17:29:01 - WARNING - Server sent a very old message with ID 7583006938783511553, ignoring (see FAQ for details)
2025-12-12 17:29:01 - WARNING - Server sent a very old message with ID 7583006955449778177, ignoring (see FAQ for details)
2025-12-12 17:29:01 - WARNING - Server sent a very old message with ID 7583007008613122049, ignoring (see FAQ for details)
2025-12-12 17:29:01 - WARNING - Server sent a very old message with ID 7583007090567969793, ignoring (see FAQ for details)
2025-12-12 17:29:01 - WARNING - Server sent a very old message with ID 7583007217347955713, ignoring (see FAQ for details)
2025-12-12 17:29:01 - WARNING - Server sent a very old message with ID 7583007324716486657, ignoring (see FAQ for details)
2025-12-12 17:29:01 - WARNING - Server sent a very old message with ID 7583007366210333697, ignoring (see FAQ for details)
2025-12-12 17:29:01 - WARNING - Server sent a very old message with ID 7583007381272458241, ignoring (see FAQ for details)
2025-12-12 17:29:01 - WARNING - Server sent a very old message with ID 7583007405726340097, ignoring (see FAQ for details)
2025-12-12 17:29:01 - WARNING - Security error while unpacking a received message: Too many messages had to be ignored consecutively
2025-12-12 17:29:01 - WARNING - Server sent a very old message with ID 7583007411325569025, ignoring (see FAQ for details)
2025-12-12 17:29:01 - WARNING - Security error while unpacking a received message: Too many messages had to be ignored consecutively
2025-12-12 17:29:01 - WARNING - Server sent a very old message with ID 7583007418272799745, ignoring (see FAQ for details)
2025-12-12 17:29:01 - WARNING - Security error while unpacking a received message: Too many messages had to be ignored consecutively
2025-12-12 17:29:01 - WARNING - Server sent a very old message with ID 7583007441018689537, ignoring (see FAQ for details)
2025-12-12 17:29:01 - WARNING - Security error while unpacking a received message: Too many messages had to be ignored consecutively
2025-12-12 17:29:01 - WARNING - Server sent a very old message with ID 7583007441536586753, ignoring (see FAQ for details)
2025-12-12 17:29:01 - WARNING - Security error while unpacking a received message: Too many messages had to be ignored consecutively
2025-12-12 17:29:01 - WARNING - Server sent a very old message with ID 7583007473425159169, ignoring (see FAQ for details)
2025-12-12 17:29:01 - WARNING - Security error while unpacking a received message: Too many messages had to be ignored consecutively
2025-12-12 17:29:01 - WARNING - Server sent a very old message with ID 7583007478526827521, ignoring (see FAQ for details)
2025-12-12 17:29:01 - WARNING - Security error while unpacking a received message: Too many messages had to be ignored consecutively
2025-12-12 17:29:01 - WARNING - Server sent a very old message with ID 7583007526416708609, ignoring (see FAQ for details)
2025-12-12 17:29:01 - WARNING - Security error while unpacking a received message: Too many messages had to be ignored consecutively
2025-12-12 17:29:01 - WARNING - Server sent a very old message with ID 7583007578076266497, ignoring (see FAQ for details)
2025-12-12 17:29:01 - WARNING - Security error while unpacking a received message: Too many messages had to be ignored consecutively
2025-12-12 17:29:01 - WARNING - Server sent a very old message with ID 7583007612444439553, ignoring (see FAQ for details)
2025-12-12 17:29:01 - WARNING - Security error while unpacking a received message: Too many messages had to be ignored consecutively
2025-12-12 17:29:01 - WARNING - Server sent a very old message with ID 7583007684918212609, ignoring (see FAQ for details)
2025-12-12 17:29:01 - WARNING - Security error while unpacking a received message: Too many messages had to be ignored consecutively
2025-12-12 17:29:01 - WARNING - Server sent a very old message with ID 7583007684918286337, ignoring (see FAQ for details)
2025-12-12 17:29:01 - WARNING - Security error while unpacking a received message: Too many messages had to be ignored consecutively
2025-12-12 17:29:01 - WARNING - Server sent a very old message with ID 7583007684918212613, ignoring (see FAQ for details)
2025-12-12 17:29:01 - WARNING - Security error while unpacking a received message: Too many messages had to be ignored consecutively
2025-12-12 17:29:01 - WARNING - Server sent a very old message with ID 7583007713511596033, ignoring (see FAQ for details)
2025-12-12 17:29:01 - WARNING - Security error while unpacking a received message: Too many messages had to be ignored consecutively
2025-12-12 17:29:01 - WARNING - Server sent a very old message with ID 7583007735133735937, ignoring (see FAQ for details)
2025-12-12 17:29:01 - WARNING - Security error while unpacking a received message: Too many messages had to be ignored consecutively
2025-12-12 17:29:01 - WARNING - Server sent a very old message with ID 7583007869336935425, ignoring (see FAQ for details)
2025-12-12 17:29:01 - WARNING - Security error while unpacking a received message: Too many messages had to be ignored consecutively
2025-12-12 17:29:01 - WARNING - Server sent a very old message with ID 7583007901527886849, ignoring (see FAQ for details)
2025-12-12 17:29:01 - WARNING - Security error while unpacking a received message: Too many messages had to be ignored consecutively
2025-12-12 17:29:01 - WARNING - Server sent a very old message with ID 7583007911792480257, ignoring (see FAQ for details)
2025-12-12 17:29:01 - WARNING - Security error while unpacking a received message: Too many messages had to be ignored consecutively
2025-12-12 17:29:01 - WARNING - Server sent a very old message with ID 7583007911881272321, ignoring (see FAQ for details)
2025-12-12 17:29:01 - WARNING - Security error while unpacking a received message: Too many messages had to be ignored consecutively
2025-12-12 17:29:01 - WARNING - Server sent a very old message with ID 7583007917544741889, ignoring (see FAQ for details)
2025-12-12 17:29:01 - WARNING - Security error while unpacking a received message: Too many messages had to be ignored consecutively
2025-12-12 17:29:01 - WARNING - Server sent a very old message with ID 7583007918369080321, ignoring (see FAQ for details)
2025-12-12 17:29:01 - WARNING - Security error while unpacking a received message: Too many messages had to be ignored consecutively
2025-12-12 17:29:01 - WARNING - Server sent a very old message with ID 7583007933657261057, ignoring (see FAQ for details)
2025-12-12 17:29:01 - WARNING - Security error while unpacking a received message: Too many messages had to be ignored consecutively
2025-12-12 17:29:01 - WARNING - Server sent a very old message with ID 7583007945929624577, ignoring (see FAQ for details)
2025-12-12 17:29:01 - WARNING - Security error while unpacking a received message: Too many messages had to be ignored consecutively
2025-12-12 17:29:01 - WARNING - Server sent a very old message with ID 7583007955954963457, ignoring (see FAQ for details)
2025-12-12 17:29:01 - WARNING - Security error while unpacking a received message: Too many messages had to be ignored consecutively
2025-12-12 17:29:01 - WARNING - Server sent a very old message with ID 7583007958896480257, ignoring (see FAQ for details)
2025-12-12 17:29:01 - WARNING - Security error while unpacking a received message: Too many messages had to be ignored consecutively
2025-12-12 17:29:01 - WARNING - Server sent a very old message with ID 7583008003334880257, ignoring (see FAQ for details)
2025-12-12 17:29:01 - WARNING - Security error while unpacking a received message: Too many messages had to be ignored consecutively
2025-12-12 17:29:02 - INFO - Got difference for account updates
2025-12-12 17:29:02 - INFO - Got difference for channel 1588101140 updates
2025-12-12 17:29:10 - INFO - login start
2025-12-12 17:29:32 - INFO - Контент функции get_payment: В данный момент запись невозможна.
2025-12-12 17:29:33 - INFO - Содержание функции login: None
2025-12-13 12:02:24 - WARNING - Server sent a very old message with ID 7583009476999667713, ignoring (see FAQ for details)
2025-12-13 12:02:24 - WARNING - Server sent a very old message with ID 7583009498217818113, ignoring (see FAQ for details)
2025-12-13 12:02:24 - WARNING - Server sent a very old message with ID 7583009505867063297, ignoring (see FAQ for details)
2025-12-13 12:02:24 - WARNING - Server sent a very old message with ID 7583009506424946689, ignoring (see FAQ for details)
2025-12-13 12:02:24 - WARNING - Server sent a very old message with ID 7583009515592238081, ignoring (see FAQ for details)
2025-12-13 12:02:24 - WARNING - Server sent a very old message with ID 7583009535273608193, ignoring (see FAQ for details)
2025-12-13 12:02:24 - WARNING - Server sent a very old message with ID 7583009544635150337, ignoring (see FAQ for details)
2025-12-13 12:02:24 - WARNING - Server sent a very old message with ID 7583009548288404481, ignoring (see FAQ for details)
2025-12-13 12:02:24 - WARNING - Server sent a very old message with ID 7583009561916160001, ignoring (see FAQ for details)
2025-12-13 12:02:24 - WARNING - Server sent a very old message with ID 7583009600291344385, ignoring (see FAQ for details)
2025-12-13 12:02:24 - WARNING - Security error while unpacking a received message: Too many messages had to be ignored consecutively
2025-12-13 12:02:24 - WARNING - Server sent a very old message with ID 7583009655508474881, ignoring (see FAQ for details)
2025-12-13 12:02:24 - WARNING - Security error while unpacking a received message: Too many messages had to be ignored consecutively
2025-12-13 12:02:24 - WARNING - Server sent a very old message with ID 7583009661663100929, ignoring (see FAQ for details)
2025-12-13 12:02:24 - WARNING - Security error while unpacking a received message: Too many messages had to be ignored consecutively
2025-12-13 12:02:24 - WARNING - Server sent a very old message with ID 7583009667331084289, ignoring (see FAQ for details)
2025-12-13 12:02:24 - WARNING - Security error while unpacking a received message: Too many messages had to be ignored consecutively
2025-12-13 12:02:24 - WARNING - Server sent a very old message with ID 7583009674854699009, ignoring (see FAQ for details)
2025-12-13 12:02:24 - WARNING - Security error while unpacking a received message: Too many messages had to be ignored consecutively
2025-12-13 12:02:24 - WARNING - Server sent a very old message with ID 7583009703460512769, ignoring (see FAQ for details)
2025-12-13 12:02:24 - WARNING - Security error while unpacking a received message: Too many messages had to be ignored consecutively
2025-12-13 12:02:24 - WARNING - Server sent a very old message with ID 7583009727990228993, ignoring (see FAQ for details)
2025-12-13 12:02:24 - WARNING - Security error while unpacking a received message: Too many messages had to be ignored consecutively
2025-12-13 12:02:24 - WARNING - Server sent a very old message with ID 7583009748074740737, ignoring (see FAQ for details)
2025-12-13 12:02:24 - WARNING - Security error while unpacking a received message: Too many messages had to be ignored consecutively
2025-12-13 12:02:24 - WARNING - Server sent a very old message with ID 7583009754875224065, ignoring (see FAQ for details)
2025-12-13 12:02:24 - WARNING - Security error while unpacking a received message: Too many messages had to be ignored consecutively
2025-12-13 12:02:24 - WARNING - Server sent a very old message with ID 7583009767579365377, ignoring (see FAQ for details)
2025-12-13 12:02:24 - WARNING - Security error while unpacking a received message: Too many messages had to be ignored consecutively
2025-12-13 12:02:24 - WARNING - Server sent a very old message with ID 7583009773923226625, ignoring (see FAQ for details)
2025-12-13 12:02:24 - WARNING - Security error while unpacking a received message: Too many messages had to be ignored consecutively
2025-12-13 12:02:24 - WARNING - Server sent a very old message with ID 7583009785905130497, ignoring (see FAQ for details)
2025-12-13 12:02:24 - WARNING - Security error while unpacking a received message: Too many messages had to be ignored consecutively
2025-12-13 12:02:24 - WARNING - Server sent a very old message with ID 7583009790365810689, ignoring (see FAQ for details)
2025-12-13 12:02:24 - WARNING - Security error while unpacking a received message: Too many messages had to be ignored consecutively
2025-12-13 12:02:24 - WARNING - Server sent a very old message with ID 7583009807623106561, ignoring (see FAQ for details)
2025-12-13 12:02:24 - WARNING - Security error while unpacking a received message: Too many messages had to be ignored consecutively
2025-12-13 12:02:24 - WARNING - Server sent a very old message with ID 7583009814046932993, ignoring (see FAQ for details)
2025-12-13 12:02:24 - WARNING - Security error while unpacking a received message: Too many messages had to be ignored consecutively
2025-12-13 12:02:24 - WARNING - Server sent a very old message with ID 7583009827951620097, ignoring (see FAQ for details)
2025-12-13 12:02:24 - WARNING - Security error while unpacking a received message: Too many messages had to be ignored consecutively
2025-12-13 12:02:24 - WARNING - Server sent a very old message with ID 7583009858189735937, ignoring (see FAQ for details)
2025-12-13 12:02:24 - WARNING - Security error while unpacking a received message: Too many messages had to be ignored consecutively
2025-12-13 12:02:24 - WARNING - Server sent a very old message with ID 7583009897629168641, ignoring (see FAQ for details)
2025-12-13 12:02:24 - WARNING - Security error while unpacking a received message: Too many messages had to be ignored consecutively
2025-12-13 12:02:24 - WARNING - Server sent a very old message with ID 7583009913447924737, ignoring (see FAQ for details)
2025-12-13 12:02:24 - WARNING - Security error while unpacking a received message: Too many messages had to be ignored consecutively
2025-12-13 12:02:24 - WARNING - Server sent a very old message with ID 7583010034104990721, ignoring (see FAQ for details)
2025-12-13 12:02:24 - WARNING - Security error while unpacking a received message: Too many messages had to be ignored consecutively
2025-12-13 12:02:24 - WARNING - Server sent a very old message with ID 7583010040593487873, ignoring (see FAQ for details)
2025-12-13 12:02:24 - WARNING - Security error while unpacking a received message: Too many messages had to be ignored consecutively
2025-12-13 12:02:24 - WARNING - Server sent a very old message with ID 7583010046912450561, ignoring (see FAQ for details)
2025-12-13 12:02:24 - WARNING - Security error while unpacking a received message: Too many messages had to be ignored consecutively
2025-12-13 12:02:24 - WARNING - Server sent a very old message with ID 7583010065278219265, ignoring (see FAQ for details)
2025-12-13 12:02:24 - WARNING - Security error while unpacking a received message: Too many messages had to be ignored consecutively
2025-12-13 12:02:24 - WARNING - Server sent a very old message with ID 7583010105082912769, ignoring (see FAQ for details)
2025-12-13 12:02:24 - WARNING - Security error while unpacking a received message: Too many messages had to be ignored consecutively
2025-12-13 12:02:24 - WARNING - Server sent a very old message with ID 7583010117770448897, ignoring (see FAQ for details)
2025-12-13 12:02:24 - WARNING - Security error while unpacking a received message: Too many messages had to be ignored consecutively
2025-12-13 12:02:24 - WARNING - Server sent a very old message with ID 7583010119266768897, ignoring (see FAQ for details)
2025-12-13 12:02:24 - WARNING - Security error while unpacking a received message: Too many messages had to be ignored consecutively
2025-12-13 12:02:24 - WARNING - Server sent a very old message with ID 7583010259011094529, ignoring (see FAQ for details)
2025-12-13 12:02:24 - WARNING - Security error while unpacking a received message: Too many messages had to be ignored consecutively
2025-12-13 12:02:24 - WARNING - Server sent a very old message with ID 7583010276566463489, ignoring (see FAQ for details)
2025-12-13 12:02:24 - WARNING - Security error while unpacking a received message: Too many messages had to be ignored consecutively
2025-12-13 12:02:24 - WARNING - Server sent a very old message with ID 7583010309074836481, ignoring (see FAQ for details)
2025-12-13 12:02:24 - WARNING - Security error while unpacking a received message: Too many messages had to be ignored consecutively
2025-12-13 12:02:24 - WARNING - Server sent a very old message with ID 7583010397672519681, ignoring (see FAQ for details)
2025-12-13 12:02:24 - WARNING - Security error while unpacking a received message: Too many messages had to be ignored consecutively
2025-12-13 12:02:24 - WARNING - Server sent a very old message with ID 7583010399662917633, ignoring (see FAQ for details)
2025-12-13 12:02:24 - WARNING - Security error while unpacking a received message: Too many messages had to be ignored consecutively
2025-12-13 12:02:24 - WARNING - Server sent a very old message with ID 7583010406208062465, ignoring (see FAQ for details)
2025-12-13 12:02:24 - WARNING - Security error while unpacking a received message: Too many messages had to be ignored consecutively
2025-12-13 12:02:24 - WARNING - Server sent a very old message with ID 7583010416007804929, ignoring (see FAQ for details)
2025-12-13 12:02:24 - WARNING - Security error while unpacking a received message: Too many messages had to be ignored consecutively
2025-12-13 12:02:24 - WARNING - Server sent a very old message with ID 7583010418790754305, ignoring (see FAQ for details)
2025-12-13 12:02:24 - WARNING - Security error while unpacking a received message: Too many messages had to be ignored consecutively
2025-12-13 12:02:24 - WARNING - Server sent a very old message with ID 7583010453392452609, ignoring (see FAQ for details)
2025-12-13 12:02:24 - WARNING - Security error while unpacking a received message: Too many messages had to be ignored consecutively
2025-12-13 12:02:24 - WARNING - Server sent a very old message with ID 7583010476470402049, ignoring (see FAQ for details)
2025-12-13 12:02:24 - WARNING - Security error while unpacking a received message: Too many messages had to be ignored consecutively
2025-12-13 12:02:24 - WARNING - Server sent a very old message with ID 7583010477595431937, ignoring (see FAQ for details)
2025-12-13 12:02:24 - WARNING - Security error while unpacking a received message: Too many messages had to be ignored consecutively
2025-12-13 12:02:24 - WARNING - Server sent a very old message with ID 7583010488239568897, ignoring (see FAQ for details)
2025-12-13 12:02:24 - WARNING - Security error while unpacking a received message: Too many messages had to be ignored consecutively
2025-12-13 12:02:24 - WARNING - Server sent a very old message with ID 7583010544460908545, ignoring (see FAQ for details)
2025-12-13 12:02:24 - WARNING - Security error while unpacking a received message: Too many messages had to be ignored consecutively
2025-12-13 12:02:24 - WARNING - Server sent a very old message with ID 7583010547519151105, ignoring (see FAQ for details)
2025-12-13 12:02:24 - WARNING - Security error while unpacking a received message: Too many messages had to be ignored consecutively
2025-12-13 12:02:24 - WARNING - Server sent a very old message with ID 7583010556946263041, ignoring (see FAQ for details)
2025-12-13 12:02:24 - WARNING - Security error while unpacking a received message: Too many messages had to be ignored consecutively
2025-12-13 12:02:37 - INFO - login start
2025-12-13 12:02:55 - INFO - Контент функции get_payment: В данный момент запись невозможна.
2025-12-13 12:02:55 - INFO - Содержание функции login: None
2025-12-13 12:03:12 - INFO - Disconnecting from 149.154.167.51:443/TcpFull...
2025-12-13 12:03:12 - INFO - Disconnection from 149.154.167.51:443/TcpFull complete!
