DEBUG:selenium.webdriver.common.selenium_manager:Selenium Manager binary found at: /Users/korobkin/Library/Python/3.9/lib/python/site-packages/selenium/webdriver/common/macos/selenium-manager
DEBUG:selenium.webdriver.common.selenium_manager:Executing process: /Users/korobkin/Library/Python/3.9/lib/python/site-packages/selenium/webdriver/common/macos/selenium-manager --browser chrome --debug --language-binding python --output json
DEBUG:selenium.webdriver.common.selenium_manager:chromedriver not found in PATH
DEBUG:selenium.webdriver.common.selenium_manager:chrome detected at /Applications/Google Chrome.app/Contents/MacOS/Google Chrome
DEBUG:selenium.webdriver.common.selenium_manager:Running command: /Applications/Google\ Chrome.app/Contents/MacOS/Google\ Chrome --version
DEBUG:selenium.webdriver.common.selenium_manager:Output: "Google Chrome 141.0.7390.123 "
DEBUG:selenium.webdriver.common.selenium_manager:Detected browser: chrome 141.0.7390.123
DEBUG:selenium.webdriver.common.selenium_manager:Required driver: chromedriver 141.0.7390.122
DEBUG:selenium.webdriver.common.selenium_manager:chromedriver 141.0.7390.122 already in the cache
DEBUG:selenium.webdriver.common.selenium_manager:Driver path: /Users/korobkin/.cache/selenium/chromedriver/mac-x64/141.0.7390.122/chromedriver
DEBUG:selenium.webdriver.common.selenium_manager:Browser path: /Applications/Google Chrome.app/Contents/MacOS/Google Chrome
DEBUG:selenium.webdriver.common.service:Started executable: `/Users/korobkin/.cache/selenium/chromedriver/mac-x64/141.0.7390.122/chromedriver` in a child process with pid: 91875 using 0 to output -3
DEBUG:selenium.webdriver.remote.remote_connection:POST http://localhost:64104/session {'capabilities': {'firstMatch': [{}], 'alwaysMatch': {'browserName': 'chrome', 'pageLoadStrategy': <PageLoadStrategy.normal: 'normal'>, 'browserVersion': None, 'goog:chromeOptions': {'extensions': [], 'binary': '/Applications/Google Chrome.app/Contents/MacOS/Google Chrome', 'args': []}}}}
DEBUG:urllib3.connectionpool:Starting new HTTP connection (1): localhost:64104
DEBUG:urllib3.connectionpool:http://localhost:64104 "POST /session HTTP/1.1" 200 0
DEBUG:selenium.webdriver.remote.remote_connection:Remote response: status=200 | data={"value":{"capabilities":{"acceptInsecureCerts":false,"browserName":"chrome","browserVersion":"141.0.7390.123","chrome":{"chromedriverVersion":"141.0.7390.122 (b477534e7e10d193e916cd4e2967c589383625b2-refs/branch-heads/7390@{#2667})","userDataDir":"/var/folders/xq/k28hhdp52nsbf92tjy5nm6940000gn/T/.org.chromium.Chromium.c6VOUz"},"fedcm:accounts":true,"goog:chromeOptions":{"debuggerAddress":"localhost:64126"},"networkConnectionEnabled":false,"pageLoadStrategy":"normal","platformName":"mac","proxy":{},"setWindowRect":true,"strictFileInteractability":false,"timeouts":{"implicit":0,"pageLoad":300000,"script":30000},"unhandledPromptBehavior":"dismiss and notify","webauthn:extension:credBlob":true,"webauthn:extension:largeBlob":true,"webauthn:extension:minPinLength":true,"webauthn:extension:prf":true,"webauthn:virtualAuthenticators":true},"sessionId":"06a6462a3a229a44e711bd14221c62eb"}} | headers=HTTPHeaderDict({'Content-Length': '892', 'Content-Type': 'application/json; charset=utf-8', 'cache-control': 'no-cache'})
DEBUG:selenium.webdriver.remote.remote_connection:Finished Request
INFO:root:parsing start
DEBUG:asyncio:Using selector: KqueueSelector
INFO:telethon.network.mtprotosender:Connecting to 149.154.167.51:443/TcpFull...
DEBUG:telethon.network.mtprotosender:Connection attempt 1...
DEBUG:telethon.network.mtprotosender:Connection success!
DEBUG:telethon.network.mtprotosender:Starting send loop
DEBUG:telethon.network.mtprotosender:Starting receive loop
INFO:telethon.network.mtprotosender:Connection to 149.154.167.51:443/TcpFull complete!
DEBUG:telethon.network.mtprotosender:Waiting for messages to send...
DEBUG:telethon.extensions.messagepacker:Assigned msg_id = 7568496030385423352 to InvokeWithLayerRequest (1078b2820)
DEBUG:telethon.network.mtprotosender:Encrypting 1 message(s) in 80 bytes for sending
DEBUG:telethon.network.mtprotosender:Encrypted messages put in a queue to be sent
DEBUG:telethon.network.mtprotosender:Waiting for messages to send...
DEBUG:telethon.network.mtprotosender:Receiving items from the network...
DEBUG:telethon.network.mtprotosender:Handling bad salt for message 7568496030385423352
DEBUG:telethon.network.mtprotosender:1 message(s) will be resent
DEBUG:telethon.network.mtprotosender:Receiving items from the network...
DEBUG:telethon.extensions.messagepacker:Assigned msg_id = 7568496030462531736 to InvokeWithLayerRequest (1078b2820)
DEBUG:telethon.network.mtprotosender:Encrypting 1 message(s) in 80 bytes for sending
DEBUG:telethon.network.mtprotosender:Encrypted messages put in a queue to be sent
DEBUG:telethon.network.mtprotosender:Waiting for messages to send...
DEBUG:telethon.extensions.messagepacker:Assigned msg_id = 7568496030464563064 to MsgsAck (1078b2940)
DEBUG:telethon.network.mtprotosender:Encrypting 1 message(s) in 36 bytes for sending
DEBUG:telethon.network.mtprotosender:Encrypted messages put in a queue to be sent
DEBUG:telethon.network.mtprotosender:Waiting for messages to send...
DEBUG:telethon.network.mtprotosender:Handling container
DEBUG:telethon.network.mtprotosender:Handling new session created
DEBUG:telethon.network.mtprotosender:Handling acknowledge for [7568496030462531736]
DEBUG:telethon.network.mtprotosender:Receiving items from the network...
DEBUG:telethon.network.mtprotosender:Handling RPC result for message 7568496030462531736
DEBUG:telethon.network.mtprotosender:Receiving items from the network...
DEBUG:telethon.extensions.messagepacker:Assigned msg_id = 7568496031507703476 to GetUsersRequest (1078b2e50)
DEBUG:telethon.network.mtprotosender:Encrypting 1 message(s) in 32 bytes for sending
DEBUG:telethon.network.mtprotosender:Encrypted messages put in a queue to be sent
DEBUG:telethon.network.mtprotosender:Waiting for messages to send...
DEBUG:telethon.extensions.messagepacker:Assigned msg_id = 7568496031511015584 to MsgsAck (1078b28b0)
DEBUG:telethon.network.mtprotosender:Encrypting 1 message(s) in 60 bytes for sending
DEBUG:telethon.network.mtprotosender:Encrypted messages put in a queue to be sent
DEBUG:telethon.network.mtprotosender:Waiting for messages to send...
DEBUG:telethon.network.mtprotosender:Handling RPC result for message 7568496031507703476
DEBUG:telethon.network.mtprotosender:Receiving items from the network...
DEBUG:telethon.extensions.messagepacker:Assigned msg_id = 7568496031850179364 to GetStateRequest (1078b2e50)
DEBUG:telethon.network.mtprotosender:Encrypting 1 message(s) in 20 bytes for sending
DEBUG:telethon.network.mtprotosender:Encrypted messages put in a queue to be sent
DEBUG:telethon.network.mtprotosender:Waiting for messages to send...
DEBUG:telethon.extensions.messagepacker:Assigned msg_id = 7568496031854032212 to MsgsAck (1078b2df0)
DEBUG:telethon.network.mtprotosender:Encrypting 1 message(s) in 36 bytes for sending
DEBUG:telethon.network.mtprotosender:Encrypted messages put in a queue to be sent
DEBUG:telethon.network.mtprotosender:Waiting for messages to send...
DEBUG:telethon.network.mtprotosender:Handling RPC result for message 7568496031850179364
DEBUG:telethon.network.mtprotosender:Receiving items from the network...
DEBUG:telethon.extensions.messagepacker:Assigned msg_id = 7568496032200555496 to GetDifferenceRequest (10665b2b0)
DEBUG:telethon.network.mtprotosender:Encrypting 1 message(s) in 36 bytes for sending
DEBUG:telethon.network.mtprotosender:Encrypted messages put in a queue to be sent
DEBUG:telethon.network.mtprotosender:Waiting for messages to send...
DEBUG:telethon.extensions.messagepacker:Assigned msg_id = 7568496032204710656 to MsgsAck (1078b2e80)
DEBUG:telethon.network.mtprotosender:Encrypting 1 message(s) in 36 bytes for sending
DEBUG:telethon.network.mtprotosender:Encrypted messages put in a queue to be sent
DEBUG:telethon.network.mtprotosender:Waiting for messages to send...
DEBUG:telethon.network.mtprotosender:Handling RPC result for message 7568496032200555496
DEBUG:telethon.network.mtprotosender:Receiving items from the network...
DEBUG:telethon.extensions.messagepacker:Assigned msg_id = 7568496032509391480 to GetUsersRequest (1078b27c0)
DEBUG:telethon.network.mtprotosender:Encrypting 1 message(s) in 32 bytes for sending
DEBUG:telethon.network.mtprotosender:Encrypted messages put in a queue to be sent
DEBUG:telethon.network.mtprotosender:Waiting for messages to send...
DEBUG:telethon.extensions.messagepacker:Assigned msg_id = 7568496032511575392 to MsgsAck (1078b2ee0)
DEBUG:telethon.network.mtprotosender:Encrypting 1 message(s) in 36 bytes for sending
DEBUG:telethon.network.mtprotosender:Encrypted messages put in a queue to be sent
DEBUG:telethon.network.mtprotosender:Waiting for messages to send...
DEBUG:telethon.network.mtprotosender:Handling RPC result for message 7568496032509391480
DEBUG:telethon.network.mtprotosender:Receiving items from the network...
INFO:root:login start
DEBUG:selenium.webdriver.remote.remote_connection:POST http://localhost:64104/session/06a6462a3a229a44e711bd14221c62eb/url {'url': 'https://ais.usvisa-info.com/ru-kz/niv/users/sign_in'}
DEBUG:urllib3.connectionpool:http://localhost:64104 "POST /session/06a6462a3a229a44e711bd14221c62eb/url HTTP/1.1" 200 0
DEBUG:selenium.webdriver.remote.remote_connection:Remote response: status=200 | data={"value":null} | headers=HTTPHeaderDict({'Content-Length': '14', 'Content-Type': 'application/json; charset=utf-8', 'cache-control': 'no-cache'})
DEBUG:selenium.webdriver.remote.remote_connection:Finished Request
DEBUG:selenium.webdriver.remote.remote_connection:POST http://localhost:64104/session/06a6462a3a229a44e711bd14221c62eb/element {'using': 'css selector', 'value': '[id="user_email"]'}
DEBUG:urllib3.connectionpool:http://localhost:64104 "POST /session/06a6462a3a229a44e711bd14221c62eb/element HTTP/1.1" 200 0
DEBUG:selenium.webdriver.remote.remote_connection:Remote response: status=200 | data={"value":{"element-6066-11e4-a52e-4f735466cecf":"f.400B5824FCC683314B7C975B054CDC85.d.C188D6A1297628162A5C2F6E4E0D42A6.e.3"}} | headers=HTTPHeaderDict({'Content-Length': '125', 'Content-Type': 'application/json; charset=utf-8', 'cache-control': 'no-cache'})
DEBUG:selenium.webdriver.remote.remote_connection:Finished Request
DEBUG:selenium.webdriver.remote.remote_connection:POST http://localhost:64104/session/06a6462a3a229a44e711bd14221c62eb/element/f.400B5824FCC683314B7C975B054CDC85.d.C188D6A1297628162A5C2F6E4E0D42A6.e.3/value {'text': 'doner66@gmail.com', 'value': ['d', 'o', 'n', 'e', 'r', '6', '6', '@', 'g', 'm', 'a', 'i', 'l', '.', 'c', 'o', 'm']}
DEBUG:urllib3.connectionpool:http://localhost:64104 "POST /session/06a6462a3a229a44e711bd14221c62eb/element/f.400B5824FCC683314B7C975B054CDC85.d.C188D6A1297628162A5C2F6E4E0D42A6.e.3/value HTTP/1.1" 200 0
DEBUG:selenium.webdriver.remote.remote_connection:Remote response: status=200 | data={"value":null} | headers=HTTPHeaderDict({'Content-Length': '14', 'Content-Type': 'application/json; charset=utf-8', 'cache-control': 'no-cache'})
DEBUG:selenium.webdriver.remote.remote_connection:Finished Request
DEBUG:selenium.webdriver.remote.remote_connection:POST http://localhost:64104/session/06a6462a3a229a44e711bd14221c62eb/element {'using': 'css selector', 'value': '[id="user_password"]'}
DEBUG:urllib3.connectionpool:http://localhost:64104 "POST /session/06a6462a3a229a44e711bd14221c62eb/element HTTP/1.1" 200 0
DEBUG:selenium.webdriver.remote.remote_connection:Remote response: status=200 | data={"value":{"element-6066-11e4-a52e-4f735466cecf":"f.400B5824FCC683314B7C975B054CDC85.d.C188D6A1297628162A5C2F6E4E0D42A6.e.4"}} | headers=HTTPHeaderDict({'Content-Length': '125', 'Content-Type': 'application/json; charset=utf-8', 'cache-control': 'no-cache'})
DEBUG:selenium.webdriver.remote.remote_connection:Finished Request
DEBUG:selenium.webdriver.remote.remote_connection:POST http://localhost:64104/session/06a6462a3a229a44e711bd14221c62eb/element/f.400B5824FCC683314B7C975B054CDC85.d.C188D6A1297628162A5C2F6E4E0D42A6.e.4/value {'text': 'Al89086307525Zx!', 'value': ['A', 'l', '8', '9', '0', '8', '6', '3', '0', '7', '5', '2', '5', 'Z', 'x', '!']}
DEBUG:urllib3.connectionpool:http://localhost:64104 "POST /session/06a6462a3a229a44e711bd14221c62eb/element/f.400B5824FCC683314B7C975B054CDC85.d.C188D6A1297628162A5C2F6E4E0D42A6.e.4/value HTTP/1.1" 200 0
DEBUG:selenium.webdriver.remote.remote_connection:Remote response: status=200 | data={"value":null} | headers=HTTPHeaderDict({'Content-Length': '14', 'Content-Type': 'application/json; charset=utf-8', 'cache-control': 'no-cache'})
DEBUG:selenium.webdriver.remote.remote_connection:Finished Request
DEBUG:selenium.webdriver.remote.remote_connection:POST http://localhost:64104/session/06a6462a3a229a44e711bd14221c62eb/element {'using': 'css selector', 'value': '.icheckbox'}
DEBUG:urllib3.connectionpool:http://localhost:64104 "POST /session/06a6462a3a229a44e711bd14221c62eb/element HTTP/1.1" 200 0
DEBUG:selenium.webdriver.remote.remote_connection:Remote response: status=200 | data={"value":{"element-6066-11e4-a52e-4f735466cecf":"f.400B5824FCC683314B7C975B054CDC85.d.C188D6A1297628162A5C2F6E4E0D42A6.e.35"}} | headers=HTTPHeaderDict({'Content-Length': '126', 'Content-Type': 'application/json; charset=utf-8', 'cache-control': 'no-cache'})
DEBUG:selenium.webdriver.remote.remote_connection:Finished Request
DEBUG:selenium.webdriver.remote.remote_connection:POST http://localhost:64104/session/06a6462a3a229a44e711bd14221c62eb/element/f.400B5824FCC683314B7C975B054CDC85.d.C188D6A1297628162A5C2F6E4E0D42A6.e.35/click {}
DEBUG:urllib3.connectionpool:http://localhost:64104 "POST /session/06a6462a3a229a44e711bd14221c62eb/element/f.400B5824FCC683314B7C975B054CDC85.d.C188D6A1297628162A5C2F6E4E0D42A6.e.35/click HTTP/1.1" 200 0
DEBUG:selenium.webdriver.remote.remote_connection:Remote response: status=200 | data={"value":null} | headers=HTTPHeaderDict({'Content-Length': '14', 'Content-Type': 'application/json; charset=utf-8', 'cache-control': 'no-cache'})
DEBUG:selenium.webdriver.remote.remote_connection:Finished Request
DEBUG:selenium.webdriver.remote.remote_connection:POST http://localhost:64104/session/06a6462a3a229a44e711bd14221c62eb/element {'using': 'css selector', 'value': '[name="commit"]'}
DEBUG:urllib3.connectionpool:http://localhost:64104 "POST /session/06a6462a3a229a44e711bd14221c62eb/element HTTP/1.1" 200 0
DEBUG:selenium.webdriver.remote.remote_connection:Remote response: status=200 | data={"value":{"element-6066-11e4-a52e-4f735466cecf":"f.400B5824FCC683314B7C975B054CDC85.d.C188D6A1297628162A5C2F6E4E0D42A6.e.8"}} | headers=HTTPHeaderDict({'Content-Length': '125', 'Content-Type': 'application/json; charset=utf-8', 'cache-control': 'no-cache'})
DEBUG:selenium.webdriver.remote.remote_connection:Finished Request
DEBUG:selenium.webdriver.remote.remote_connection:POST http://localhost:64104/session/06a6462a3a229a44e711bd14221c62eb/element/f.400B5824FCC683314B7C975B054CDC85.d.C188D6A1297628162A5C2F6E4E0D42A6.e.8/click {}
DEBUG:urllib3.connectionpool:http://localhost:64104 "POST /session/06a6462a3a229a44e711bd14221c62eb/element/f.400B5824FCC683314B7C975B054CDC85.d.C188D6A1297628162A5C2F6E4E0D42A6.e.8/click HTTP/1.1" 200 0
DEBUG:selenium.webdriver.remote.remote_connection:Remote response: status=200 | data={"value":null} | headers=HTTPHeaderDict({'Content-Length': '14', 'Content-Type': 'application/json; charset=utf-8', 'cache-control': 'no-cache'})
DEBUG:selenium.webdriver.remote.remote_connection:Finished Request
DEBUG:selenium.webdriver.remote.remote_connection:POST http://localhost:64104/session/06a6462a3a229a44e711bd14221c62eb/url {'url': 'https://ais.usvisa-info.com/ru-kz/niv/schedule/71354735/payment'}
DEBUG:urllib3.connectionpool:http://localhost:64104 "POST /session/06a6462a3a229a44e711bd14221c62eb/url HTTP/1.1" 200 0
DEBUG:selenium.webdriver.remote.remote_connection:Remote response: status=200 | data={"value":null} | headers=HTTPHeaderDict({'Content-Length': '14', 'Content-Type': 'application/json; charset=utf-8', 'cache-control': 'no-cache'})
DEBUG:selenium.webdriver.remote.remote_connection:Finished Request
DEBUG:selenium.webdriver.remote.remote_connection:POST http://localhost:64104/session/06a6462a3a229a44e711bd14221c62eb/element {'using': 'xpath', 'value': '//*[@id="paymentOptions"]/div[2]/table/tbody/tr[1]/td[2]'}
DEBUG:urllib3.connectionpool:http://localhost:64104 "POST /session/06a6462a3a229a44e711bd14221c62eb/element HTTP/1.1" 404 0
DEBUG:selenium.webdriver.remote.remote_connection:Remote response: status=404 | data={"value":{"error":"no such element","message":"no such element: Unable to locate element: {\"method\":\"xpath\",\"selector\":\"//*[@id=\"paymentOptions\"]/div[2]/table/tbody/tr[1]/td[2]\"}\n  (Session info: chrome=141.0.7390.123)","stacktrace":"0   chromedriver                        0x000000010fa29108 chromedriver + 6119688\n1   chromedriver                        0x000000010fa2080a chromedriver + 6084618\n2   chromedriver                        0x000000010f4bc1a6 chromedriver + 430502\n3   chromedriver                        0x000000010f50e8a1 chromedriver + 768161\n4   chromedriver                        0x000000010f50eb61 chromedriver + 768865\n5   chromedriver                        0x000000010f55f034 chromedriver + 1097780\n6   chromedriver                        0x000000010f534e2d chromedriver + 925229\n7   chromedriver                        0x000000010f55c378 chromedriver + 1086328\n8   chromedriver                        0x000000010f534bd3 chromedriver + 924627\n9   chromedriver                        0x000000010f500c0b chromedriver + 711691\n10  chromedriver                        0x000000010f5018d1 chromedriver + 714961\n11  chromedriver                        0x000000010f9e65d0 chromedriver + 5846480\n12  chromedriver                        0x000000010f9ea865 chromedriver + 5863525\n13  chromedriver                        0x000000010f9c1da7 chromedriver + 5696935\n14  chromedriver                        0x000000010f9eb2ff chromedriver + 5866239\n15  chromedriver                        0x000000010f9b1204 chromedriver + 5628420\n16  chromedriver                        0x000000010fa0d828 chromedriver + 6006824\n17  chromedriver                        0x000000010fa0d9ed chromedriver + 6007277\n18  chromedriver                        0x000000010fa203e1 chromedriver + 6083553\n19  libsystem_pthread.dylib             0x00007ff80bb531d3 _pthread_start + 125\n20  libsystem_pthread.dylib             0x00007ff80bb4ebd3 thread_start + 15\n"}} | headers=HTTPHeaderDict({'Content-Length': '1977', 'Content-Type': 'application/json; charset=utf-8', 'cache-control': 'no-cache'})
DEBUG:selenium.webdriver.remote.remote_connection:Finished Request
DEBUG:telethon.network.mtprotosender:Handling update UpdateShort
DEBUG:telethon.network.mtprotosender:Receiving items from the network...
INFO:telethon.network.mtprotosender:Disconnecting from 149.154.167.51:443/TcpFull...
DEBUG:telethon.network.mtprotosender:Closing current connection...
DEBUG:telethon.network.mtprotosender:Handling update UpdateShort
DEBUG:telethon.network.mtprotosender:Cancelling 0 pending message(s)...
INFO:telethon.network.mtprotosender:Disconnection from 149.154.167.51:443/TcpFull complete!
DEBUG:selenium.webdriver.common.selenium_manager:Selenium Manager binary found at: /Users/korobkin/Library/Python/3.9/lib/python/site-packages/selenium/webdriver/common/macos/selenium-manager
DEBUG:selenium.webdriver.common.selenium_manager:Executing process: /Users/korobkin/Library/Python/3.9/lib/python/site-packages/selenium/webdriver/common/macos/selenium-manager --browser chrome --debug --language-binding python --output json
DEBUG:selenium.webdriver.common.selenium_manager:chromedriver not found in PATH
DEBUG:selenium.webdriver.common.selenium_manager:chrome detected at /Applications/Google Chrome.app/Contents/MacOS/Google Chrome
DEBUG:selenium.webdriver.common.selenium_manager:Running command: /Applications/Google\ Chrome.app/Contents/MacOS/Google\ Chrome --version
DEBUG:selenium.webdriver.common.selenium_manager:Output: "Google Chrome 141.0.7390.123 "
DEBUG:selenium.webdriver.common.selenium_manager:Detected browser: chrome 141.0.7390.123
DEBUG:selenium.webdriver.common.selenium_manager:Required driver: chromedriver 141.0.7390.122
DEBUG:selenium.webdriver.common.selenium_manager:chromedriver 141.0.7390.122 already in the cache
DEBUG:selenium.webdriver.common.selenium_manager:Driver path: /Users/korobkin/.cache/selenium/chromedriver/mac-x64/141.0.7390.122/chromedriver
DEBUG:selenium.webdriver.common.selenium_manager:Browser path: /Applications/Google Chrome.app/Contents/MacOS/Google Chrome
DEBUG:selenium.webdriver.common.service:Started executable: `/Users/korobkin/.cache/selenium/chromedriver/mac-x64/141.0.7390.122/chromedriver` in a child process with pid: 92292 using 0 to output -3
DEBUG:selenium.webdriver.remote.remote_connection:POST http://localhost:49690/session {'capabilities': {'firstMatch': [{}], 'alwaysMatch': {'browserName': 'chrome', 'pageLoadStrategy': <PageLoadStrategy.normal: 'normal'>, 'browserVersion': None, 'goog:chromeOptions': {'extensions': [], 'binary': '/Applications/Google Chrome.app/Contents/MacOS/Google Chrome', 'args': []}}}}
DEBUG:urllib3.connectionpool:Starting new HTTP connection (1): localhost:49690
DEBUG:urllib3.connectionpool:http://localhost:49690 "POST /session HTTP/1.1" 200 0
DEBUG:selenium.webdriver.remote.remote_connection:Remote response: status=200 | data={"value":{"capabilities":{"acceptInsecureCerts":false,"browserName":"chrome","browserVersion":"141.0.7390.123","chrome":{"chromedriverVersion":"141.0.7390.122 (b477534e7e10d193e916cd4e2967c589383625b2-refs/branch-heads/7390@{#2667})","userDataDir":"/var/folders/xq/k28hhdp52nsbf92tjy5nm6940000gn/T/.org.chromium.Chromium.0Kg6HG"},"fedcm:accounts":true,"goog:chromeOptions":{"debuggerAddress":"localhost:49714"},"networkConnectionEnabled":false,"pageLoadStrategy":"normal","platformName":"mac","proxy":{},"setWindowRect":true,"strictFileInteractability":false,"timeouts":{"implicit":0,"pageLoad":300000,"script":30000},"unhandledPromptBehavior":"dismiss and notify","webauthn:extension:credBlob":true,"webauthn:extension:largeBlob":true,"webauthn:extension:minPinLength":true,"webauthn:extension:prf":true,"webauthn:virtualAuthenticators":true},"sessionId":"51b6b41a7d3586457447b69285ed9ada"}} | headers=HTTPHeaderDict({'Content-Length': '892', 'Content-Type': 'application/json; charset=utf-8', 'cache-control': 'no-cache'})
DEBUG:selenium.webdriver.remote.remote_connection:Finished Request
INFO:root:parsing start
DEBUG:asyncio:Using selector: KqueueSelector
INFO:telethon.network.mtprotosender:Connecting to 149.154.167.51:443/TcpFull...
DEBUG:telethon.network.mtprotosender:Connection attempt 1...
DEBUG:telethon.network.mtprotosender:Connection success!
DEBUG:telethon.network.mtprotosender:Starting send loop
DEBUG:telethon.network.mtprotosender:Starting receive loop
INFO:telethon.network.mtprotosender:Connection to 149.154.167.51:443/TcpFull complete!
DEBUG:telethon.network.mtprotosender:Waiting for messages to send...
DEBUG:telethon.extensions.messagepacker:Assigned msg_id = 7568498038981746352 to InvokeWithLayerRequest (112af8970)
DEBUG:telethon.network.mtprotosender:Encrypting 1 message(s) in 80 bytes for sending
DEBUG:telethon.network.mtprotosender:Encrypted messages put in a queue to be sent
DEBUG:telethon.network.mtprotosender:Waiting for messages to send...
DEBUG:telethon.network.mtprotosender:Receiving items from the network...
DEBUG:telethon.network.mtprotostate:Updated time offset (old offset 0, bad 7568498039069179212, good 7568498040294312961, new 1)
DEBUG:telethon.network.mtprotosender:Handling bad salt for message 7568498038981746352
DEBUG:telethon.network.mtprotosender:1 message(s) will be resent
DEBUG:telethon.network.mtprotosender:Receiving items from the network...
DEBUG:telethon.extensions.messagepacker:Assigned msg_id = 7568498043367445268 to InvokeWithLayerRequest (112af8970)
DEBUG:telethon.network.mtprotosender:Encrypting 1 message(s) in 80 bytes for sending
DEBUG:telethon.network.mtprotosender:Encrypted messages put in a queue to be sent
DEBUG:telethon.network.mtprotosender:Waiting for messages to send...
DEBUG:telethon.extensions.messagepacker:Assigned msg_id = 7568498043370193756 to MsgsAck (112af8a90)
DEBUG:telethon.network.mtprotosender:Encrypting 1 message(s) in 36 bytes for sending
DEBUG:telethon.network.mtprotosender:Encrypted messages put in a queue to be sent
DEBUG:telethon.network.mtprotosender:Waiting for messages to send...
DEBUG:telethon.network.mtprotosender:Handling container
DEBUG:telethon.network.mtprotosender:Handling new session created
DEBUG:telethon.network.mtprotosender:Handling acknowledge for [7568498043367445268]
DEBUG:telethon.network.mtprotosender:Receiving items from the network...
DEBUG:telethon.network.mtprotosender:Handling RPC result for message 7568498043367445268
DEBUG:telethon.network.mtprotosender:Receiving items from the network...
DEBUG:telethon.extensions.messagepacker:Assigned msg_id = 7568498043819374004 to GetUsersRequest (112af8fa0)
DEBUG:telethon.network.mtprotosender:Encrypting 1 message(s) in 32 bytes for sending
DEBUG:telethon.network.mtprotosender:Encrypted messages put in a queue to be sent
DEBUG:telethon.network.mtprotosender:Waiting for messages to send...
DEBUG:telethon.extensions.messagepacker:Assigned msg_id = 7568498043824582020 to MsgsAck (112af8a00)
DEBUG:telethon.network.mtprotosender:Encrypting 1 message(s) in 60 bytes for sending
DEBUG:telethon.network.mtprotosender:Encrypted messages put in a queue to be sent
DEBUG:telethon.network.mtprotosender:Waiting for messages to send...
DEBUG:telethon.network.mtprotosender:Handling RPC result for message 7568498043819374004
DEBUG:telethon.network.mtprotosender:Receiving items from the network...
DEBUG:telethon.extensions.messagepacker:Assigned msg_id = 7568498044090053476 to GetStateRequest (112af8fa0)
DEBUG:telethon.network.mtprotosender:Encrypting 1 message(s) in 20 bytes for sending
DEBUG:telethon.network.mtprotosender:Encrypted messages put in a queue to be sent
DEBUG:telethon.network.mtprotosender:Waiting for messages to send...
DEBUG:telethon.extensions.messagepacker:Assigned msg_id = 7568498044095765032 to MsgsAck (112af8f40)
DEBUG:telethon.network.mtprotosender:Encrypting 1 message(s) in 36 bytes for sending
DEBUG:telethon.network.mtprotosender:Encrypted messages put in a queue to be sent
DEBUG:telethon.network.mtprotosender:Waiting for messages to send...
DEBUG:telethon.network.mtprotosender:Handling RPC result for message 7568498044090053476
DEBUG:telethon.network.mtprotosender:Receiving items from the network...
DEBUG:telethon.extensions.messagepacker:Assigned msg_id = 7568498044864313044 to GetDifferenceRequest (1118a03a0)
DEBUG:telethon.network.mtprotosender:Encrypting 1 message(s) in 36 bytes for sending
DEBUG:telethon.network.mtprotosender:Encrypted messages put in a queue to be sent
DEBUG:telethon.network.mtprotosender:Waiting for messages to send...
DEBUG:telethon.extensions.messagepacker:Assigned msg_id = 7568498044865721624 to MsgsAck (112af8610)
DEBUG:telethon.network.mtprotosender:Encrypting 1 message(s) in 36 bytes for sending
DEBUG:telethon.network.mtprotosender:Encrypted messages put in a queue to be sent
DEBUG:telethon.network.mtprotosender:Waiting for messages to send...
DEBUG:telethon.network.mtprotosender:Handling RPC result for message 7568498044864313044
DEBUG:telethon.network.mtprotosender:Receiving items from the network...
DEBUG:telethon.extensions.messagepacker:Assigned msg_id = 7568498045362321772 to GetUsersRequest (112af8910)
DEBUG:telethon.network.mtprotosender:Encrypting 1 message(s) in 32 bytes for sending
DEBUG:telethon.network.mtprotosender:Encrypted messages put in a queue to be sent
DEBUG:telethon.network.mtprotosender:Waiting for messages to send...
DEBUG:telethon.extensions.messagepacker:Assigned msg_id = 7568498045365585248 to MsgsAck (112b1c2b0)
DEBUG:telethon.network.mtprotosender:Encrypting 1 message(s) in 36 bytes for sending
DEBUG:telethon.network.mtprotosender:Encrypted messages put in a queue to be sent
DEBUG:telethon.network.mtprotosender:Waiting for messages to send...
DEBUG:telethon.network.mtprotosender:Handling RPC result for message 7568498045362321772
DEBUG:telethon.network.mtprotosender:Receiving items from the network...
INFO:root:login start
DEBUG:selenium.webdriver.remote.remote_connection:POST http://localhost:49690/session/51b6b41a7d3586457447b69285ed9ada/url {'url': 'https://ais.usvisa-info.com/ru-kz/niv/users/sign_in'}
DEBUG:telethon.network.mtprotosender:Handling update UpdateShort
DEBUG:telethon.network.mtprotosender:Receiving items from the network...
DEBUG:urllib3.connectionpool:http://localhost:49690 "POST /session/51b6b41a7d3586457447b69285ed9ada/url HTTP/1.1" 200 0
DEBUG:selenium.webdriver.remote.remote_connection:Remote response: status=200 | data={"value":null} | headers=HTTPHeaderDict({'Content-Length': '14', 'Content-Type': 'application/json; charset=utf-8', 'cache-control': 'no-cache'})
DEBUG:selenium.webdriver.remote.remote_connection:Finished Request
DEBUG:selenium.webdriver.remote.remote_connection:POST http://localhost:49690/session/51b6b41a7d3586457447b69285ed9ada/element {'using': 'css selector', 'value': '[id="user_email"]'}
DEBUG:urllib3.connectionpool:http://localhost:49690 "POST /session/51b6b41a7d3586457447b69285ed9ada/element HTTP/1.1" 200 0
DEBUG:selenium.webdriver.remote.remote_connection:Remote response: status=200 | data={"value":{"element-6066-11e4-a52e-4f735466cecf":"f.A9F93445959F8C0E5F2C4A17FF011E6E.d.D4C319386707CADB1C69A3248214F729.e.3"}} | headers=HTTPHeaderDict({'Content-Length': '125', 'Content-Type': 'application/json; charset=utf-8', 'cache-control': 'no-cache'})
DEBUG:selenium.webdriver.remote.remote_connection:Finished Request
DEBUG:selenium.webdriver.remote.remote_connection:POST http://localhost:49690/session/51b6b41a7d3586457447b69285ed9ada/element/f.A9F93445959F8C0E5F2C4A17FF011E6E.d.D4C319386707CADB1C69A3248214F729.e.3/value {'text': 'doner66@gmail.com', 'value': ['d', 'o', 'n', 'e', 'r', '6', '6', '@', 'g', 'm', 'a', 'i', 'l', '.', 'c', 'o', 'm']}
DEBUG:urllib3.connectionpool:http://localhost:49690 "POST /session/51b6b41a7d3586457447b69285ed9ada/element/f.A9F93445959F8C0E5F2C4A17FF011E6E.d.D4C319386707CADB1C69A3248214F729.e.3/value HTTP/1.1" 200 0
DEBUG:selenium.webdriver.remote.remote_connection:Remote response: status=200 | data={"value":null} | headers=HTTPHeaderDict({'Content-Length': '14', 'Content-Type': 'application/json; charset=utf-8', 'cache-control': 'no-cache'})
DEBUG:selenium.webdriver.remote.remote_connection:Finished Request
DEBUG:selenium.webdriver.remote.remote_connection:POST http://localhost:49690/session/51b6b41a7d3586457447b69285ed9ada/element {'using': 'css selector', 'value': '[id="user_password"]'}
DEBUG:urllib3.connectionpool:http://localhost:49690 "POST /session/51b6b41a7d3586457447b69285ed9ada/element HTTP/1.1" 200 0
DEBUG:selenium.webdriver.remote.remote_connection:Remote response: status=200 | data={"value":{"element-6066-11e4-a52e-4f735466cecf":"f.A9F93445959F8C0E5F2C4A17FF011E6E.d.D4C319386707CADB1C69A3248214F729.e.4"}} | headers=HTTPHeaderDict({'Content-Length': '125', 'Content-Type': 'application/json; charset=utf-8', 'cache-control': 'no-cache'})
DEBUG:selenium.webdriver.remote.remote_connection:Finished Request
DEBUG:selenium.webdriver.remote.remote_connection:POST http://localhost:49690/session/51b6b41a7d3586457447b69285ed9ada/element/f.A9F93445959F8C0E5F2C4A17FF011E6E.d.D4C319386707CADB1C69A3248214F729.e.4/value {'text': 'Al89086307525Zx!', 'value': ['A', 'l', '8', '9', '0', '8', '6', '3', '0', '7', '5', '2', '5', 'Z', 'x', '!']}
DEBUG:urllib3.connectionpool:http://localhost:49690 "POST /session/51b6b41a7d3586457447b69285ed9ada/element/f.A9F93445959F8C0E5F2C4A17FF011E6E.d.D4C319386707CADB1C69A3248214F729.e.4/value HTTP/1.1" 200 0
DEBUG:selenium.webdriver.remote.remote_connection:Remote response: status=200 | data={"value":null} | headers=HTTPHeaderDict({'Content-Length': '14', 'Content-Type': 'application/json; charset=utf-8', 'cache-control': 'no-cache'})
DEBUG:selenium.webdriver.remote.remote_connection:Finished Request
DEBUG:selenium.webdriver.remote.remote_connection:POST http://localhost:49690/session/51b6b41a7d3586457447b69285ed9ada/element {'using': 'css selector', 'value': '.icheckbox'}
DEBUG:urllib3.connectionpool:http://localhost:49690 "POST /session/51b6b41a7d3586457447b69285ed9ada/element HTTP/1.1" 200 0
DEBUG:selenium.webdriver.remote.remote_connection:Remote response: status=200 | data={"value":{"element-6066-11e4-a52e-4f735466cecf":"f.A9F93445959F8C0E5F2C4A17FF011E6E.d.D4C319386707CADB1C69A3248214F729.e.32"}} | headers=HTTPHeaderDict({'Content-Length': '126', 'Content-Type': 'application/json; charset=utf-8', 'cache-control': 'no-cache'})
DEBUG:selenium.webdriver.remote.remote_connection:Finished Request
DEBUG:selenium.webdriver.remote.remote_connection:POST http://localhost:49690/session/51b6b41a7d3586457447b69285ed9ada/element/f.A9F93445959F8C0E5F2C4A17FF011E6E.d.D4C319386707CADB1C69A3248214F729.e.32/click {}
DEBUG:urllib3.connectionpool:http://localhost:49690 "POST /session/51b6b41a7d3586457447b69285ed9ada/element/f.A9F93445959F8C0E5F2C4A17FF011E6E.d.D4C319386707CADB1C69A3248214F729.e.32/click HTTP/1.1" 200 0
DEBUG:selenium.webdriver.remote.remote_connection:Remote response: status=200 | data={"value":null} | headers=HTTPHeaderDict({'Content-Length': '14', 'Content-Type': 'application/json; charset=utf-8', 'cache-control': 'no-cache'})
DEBUG:selenium.webdriver.remote.remote_connection:Finished Request
DEBUG:telethon.network.mtprotosender:Handling container
DEBUG:telethon.network.mtprotosender:Handling update UpdateShort
DEBUG:telethon.network.mtprotosender:Handling update UpdateShort
DEBUG:telethon.network.mtprotosender:Receiving items from the network...
DEBUG:selenium.webdriver.remote.remote_connection:POST http://localhost:49690/session/51b6b41a7d3586457447b69285ed9ada/element {'using': 'css selector', 'value': '[name="commit"]'}
DEBUG:urllib3.connectionpool:http://localhost:49690 "POST /session/51b6b41a7d3586457447b69285ed9ada/element HTTP/1.1" 200 0
DEBUG:selenium.webdriver.remote.remote_connection:Remote response: status=200 | data={"value":{"element-6066-11e4-a52e-4f735466cecf":"f.A9F93445959F8C0E5F2C4A17FF011E6E.d.D4C319386707CADB1C69A3248214F729.e.8"}} | headers=HTTPHeaderDict({'Content-Length': '125', 'Content-Type': 'application/json; charset=utf-8', 'cache-control': 'no-cache'})
DEBUG:selenium.webdriver.remote.remote_connection:Finished Request
DEBUG:selenium.webdriver.remote.remote_connection:POST http://localhost:49690/session/51b6b41a7d3586457447b69285ed9ada/element/f.A9F93445959F8C0E5F2C4A17FF011E6E.d.D4C319386707CADB1C69A3248214F729.e.8/click {}
DEBUG:urllib3.connectionpool:http://localhost:49690 "POST /session/51b6b41a7d3586457447b69285ed9ada/element/f.A9F93445959F8C0E5F2C4A17FF011E6E.d.D4C319386707CADB1C69A3248214F729.e.8/click HTTP/1.1" 200 0
DEBUG:selenium.webdriver.remote.remote_connection:Remote response: status=200 | data={"value":null} | headers=HTTPHeaderDict({'Content-Length': '14', 'Content-Type': 'application/json; charset=utf-8', 'cache-control': 'no-cache'})
DEBUG:selenium.webdriver.remote.remote_connection:Finished Request
DEBUG:selenium.webdriver.remote.remote_connection:POST http://localhost:49690/session/51b6b41a7d3586457447b69285ed9ada/url {'url': 'https://ais.usvisa-info.com/ru-kz/niv/schedule/71354735/payment'}
DEBUG:telethon.network.mtprotosender:Handling update UpdateShort
DEBUG:telethon.network.mtprotosender:Receiving items from the network...
DEBUG:telethon.network.mtprotosender:Handling update UpdateShort
DEBUG:telethon.network.mtprotosender:Receiving items from the network...
DEBUG:telethon.network.mtprotosender:Handling update UpdateShort
DEBUG:telethon.network.mtprotosender:Receiving items from the network...
DEBUG:urllib3.connectionpool:http://localhost:49690 "POST /session/51b6b41a7d3586457447b69285ed9ada/url HTTP/1.1" 200 0
DEBUG:selenium.webdriver.remote.remote_connection:Remote response: status=200 | data={"value":null} | headers=HTTPHeaderDict({'Content-Length': '14', 'Content-Type': 'application/json; charset=utf-8', 'cache-control': 'no-cache'})
DEBUG:selenium.webdriver.remote.remote_connection:Finished Request
DEBUG:selenium.webdriver.remote.remote_connection:POST http://localhost:49690/session/51b6b41a7d3586457447b69285ed9ada/element {'using': 'xpath', 'value': '//*[@id="paymentOptions"]/div[2]/table/tbody/tr[1]/td[2]'}
DEBUG:urllib3.connectionpool:http://localhost:49690 "POST /session/51b6b41a7d3586457447b69285ed9ada/element HTTP/1.1" 200 0
DEBUG:selenium.webdriver.remote.remote_connection:Remote response: status=200 | data={"value":{"element-6066-11e4-a52e-4f735466cecf":"f.A9F93445959F8C0E5F2C4A17FF011E6E.d.2512E8CC3AA8D48224BB7840F06BC9BA.e.82"}} | headers=HTTPHeaderDict({'Content-Length': '126', 'Content-Type': 'application/json; charset=utf-8', 'cache-control': 'no-cache'})
DEBUG:selenium.webdriver.remote.remote_connection:Finished Request
DEBUG:selenium.webdriver.remote.remote_connection:GET http://localhost:49690/session/51b6b41a7d3586457447b69285ed9ada/element/f.A9F93445959F8C0E5F2C4A17FF011E6E.d.2512E8CC3AA8D48224BB7840F06BC9BA.e.82/text {}
DEBUG:urllib3.connectionpool:http://localhost:49690 "GET /session/51b6b41a7d3586457447b69285ed9ada/element/f.A9F93445959F8C0E5F2C4A17FF011E6E.d.2512E8CC3AA8D48224BB7840F06BC9BA.e.82/text HTTP/1.1" 200 0
DEBUG:selenium.webdriver.remote.remote_connection:Remote response: status=200 | data={"value":"В данный момент запись невозможна."} | headers=HTTPHeaderDict({'Content-Length': '75', 'Content-Type': 'application/json; charset=utf-8', 'cache-control': 'no-cache'})
DEBUG:selenium.webdriver.remote.remote_connection:Finished Request
INFO:root:Контент функции get_payment: В данный момент запись невозможна.
INFO:root:Содержание функции login: None
INFO:telethon.network.mtprotosender:Disconnecting from 149.154.167.51:443/TcpFull...
DEBUG:telethon.network.mtprotosender:Closing current connection...
DEBUG:telethon.network.mtprotosender:Cancelling 0 pending message(s)...
INFO:telethon.network.mtprotosender:Disconnection from 149.154.167.51:443/TcpFull complete!
DEBUG:selenium.webdriver.common.selenium_manager:Selenium Manager binary found at: /Users/korobkin/Library/Python/3.9/lib/python/site-packages/selenium/webdriver/common/macos/selenium-manager
DEBUG:selenium.webdriver.common.selenium_manager:Executing process: /Users/korobkin/Library/Python/3.9/lib/python/site-packages/selenium/webdriver/common/macos/selenium-manager --browser chrome --debug --language-binding python --output json
DEBUG:selenium.webdriver.common.selenium_manager:Sending stats to Plausible: Props { browser: "chrome", browser_version: "", os: "macos", arch: "x86_64", lang: "python", selenium_version: "4.36" }
DEBUG:selenium.webdriver.common.selenium_manager:chromedriver not found in PATH
DEBUG:selenium.webdriver.common.selenium_manager:chrome detected at /Applications/Google Chrome.app/Contents/MacOS/Google Chrome
DEBUG:selenium.webdriver.common.selenium_manager:Running command: /Applications/Google\ Chrome.app/Contents/MacOS/Google\ Chrome --version
DEBUG:selenium.webdriver.common.selenium_manager:Output: "Google Chrome 142.0.7444.176 "
DEBUG:selenium.webdriver.common.selenium_manager:Detected browser: chrome 142.0.7444.176
DEBUG:selenium.webdriver.common.selenium_manager:Discovering versions from https://googlechromelabs.github.io/chrome-for-testing/known-good-versions-with-downloads.json
DEBUG:selenium.webdriver.common.selenium_manager:Required driver: chromedriver 142.0.7444.175
DEBUG:selenium.webdriver.common.selenium_manager:Acquiring lock: /Users/korobkin/.cache/selenium/chromedriver/mac-x64/142.0.7444.175/sm.lock
DEBUG:selenium.webdriver.common.selenium_manager:Downloading chromedriver 142.0.7444.175 from https://storage.googleapis.com/chrome-for-testing-public/142.0.7444.175/mac-x64/chromedriver-mac-x64.zip
DEBUG:selenium.webdriver.common.selenium_manager:Driver path: /Users/korobkin/.cache/selenium/chromedriver/mac-x64/142.0.7444.175/chromedriver
DEBUG:selenium.webdriver.common.selenium_manager:Browser path: /Applications/Google Chrome.app/Contents/MacOS/Google Chrome
DEBUG:selenium.webdriver.common.service:Started executable: `/Users/korobkin/.cache/selenium/chromedriver/mac-x64/142.0.7444.175/chromedriver` in a child process with pid: 22031 using 0 to output -3
DEBUG:selenium.webdriver.remote.remote_connection:POST http://localhost:58509/session {'capabilities': {'firstMatch': [{}], 'alwaysMatch': {'browserName': 'chrome', 'pageLoadStrategy': <PageLoadStrategy.normal: 'normal'>, 'browserVersion': None, 'goog:chromeOptions': {'extensions': [], 'binary': '/Applications/Google Chrome.app/Contents/MacOS/Google Chrome', 'args': []}}}}
DEBUG:urllib3.connectionpool:Starting new HTTP connection (1): localhost:58509
DEBUG:urllib3.connectionpool:http://localhost:58509 "POST /session HTTP/1.1" 200 0
DEBUG:selenium.webdriver.remote.remote_connection:Remote response: status=200 | data={"value":{"capabilities":{"acceptInsecureCerts":false,"browserName":"chrome","browserVersion":"142.0.7444.176","chrome":{"chromedriverVersion":"142.0.7444.175 (302067f14a4ea3f42001580e6101fa25ed343445-refs/branch-heads/7444@{#2749})","userDataDir":"/var/folders/xq/k28hhdp52nsbf92tjy5nm6940000gn/T/.org.chromium.Chromium.scoped_dir.IaGiAy"},"fedcm:accounts":true,"goog:chromeOptions":{"debuggerAddress":"localhost:58530"},"goog:processID":22035,"networkConnectionEnabled":false,"pageLoadStrategy":"normal","platformName":"mac","proxy":{},"setWindowRect":true,"strictFileInteractability":false,"timeouts":{"implicit":0,"pageLoad":300000,"script":30000},"unhandledPromptBehavior":"dismiss and notify","webauthn:extension:credBlob":true,"webauthn:extension:largeBlob":true,"webauthn:extension:minPinLength":true,"webauthn:extension:prf":true,"webauthn:virtualAuthenticators":true},"sessionId":"4b641ca50aba01f81f238488d71c8912"}} | headers=HTTPHeaderDict({'Content-Length': '926', 'Content-Type': 'application/json; charset=utf-8', 'cache-control': 'no-cache'})
DEBUG:selenium.webdriver.remote.remote_connection:Finished Request
INFO:my_logger:parsing start
DEBUG:asyncio:Using selector: KqueueSelector
INFO:telethon.network.mtprotosender:Connecting to 149.154.167.51:443/TcpFull...
DEBUG:telethon.network.mtprotosender:Connection attempt 1...
DEBUG:telethon.network.mtprotosender:Connection success!
DEBUG:telethon.network.mtprotosender:Starting send loop
DEBUG:telethon.network.mtprotosender:Starting receive loop
INFO:telethon.network.mtprotosender:Connection to 149.154.167.51:443/TcpFull complete!
DEBUG:telethon.network.mtprotosender:Waiting for messages to send...
DEBUG:telethon.extensions.messagepacker:Assigned msg_id = 7576281075885978276 to InvokeWithLayerRequest (108a3c310)
DEBUG:telethon.network.mtprotosender:Encrypting 1 message(s) in 80 bytes for sending
DEBUG:telethon.network.mtprotosender:Encrypted messages put in a queue to be sent
DEBUG:telethon.network.mtprotosender:Waiting for messages to send...
DEBUG:telethon.network.mtprotosender:Receiving items from the network...
DEBUG:telethon.network.mtprotostate:Updated time offset (old offset 0, bad 7576281076925126608, good 7576281088947637249, new 3)
DEBUG:telethon.network.mtprotosender:Handling bad salt for message 7576281075885978276
DEBUG:telethon.network.mtprotosender:1 message(s) will be resent
DEBUG:telethon.network.mtprotosender:Receiving items from the network...
DEBUG:telethon.extensions.messagepacker:Assigned msg_id = 7576281089813053552 to InvokeWithLayerRequest (108a3c310)
DEBUG:telethon.network.mtprotosender:Encrypting 1 message(s) in 80 bytes for sending
DEBUG:telethon.network.mtprotosender:Encrypted messages put in a queue to be sent
DEBUG:telethon.network.mtprotosender:Waiting for messages to send...
DEBUG:telethon.extensions.messagepacker:Assigned msg_id = 7576281089817456664 to MsgsAck (108a3c430)
DEBUG:telethon.network.mtprotosender:Encrypting 1 message(s) in 36 bytes for sending
DEBUG:telethon.network.mtprotosender:Encrypted messages put in a queue to be sent
DEBUG:telethon.network.mtprotosender:Waiting for messages to send...
DEBUG:telethon.network.mtprotosender:Handling container
DEBUG:telethon.network.mtprotosender:Handling new session created
DEBUG:telethon.network.mtprotosender:Handling acknowledge for [7576281089813053552]
DEBUG:telethon.network.mtprotosender:Receiving items from the network...
DEBUG:telethon.network.mtprotosender:Handling RPC result for message 7576281089813053552
DEBUG:telethon.network.mtprotosender:Receiving items from the network...
DEBUG:telethon.extensions.messagepacker:Assigned msg_id = 7576281090225824776 to GetUsersRequest (108a3cbe0)
DEBUG:telethon.network.mtprotosender:Encrypting 1 message(s) in 32 bytes for sending
DEBUG:telethon.network.mtprotosender:Encrypted messages put in a queue to be sent
DEBUG:telethon.network.mtprotosender:Waiting for messages to send...
DEBUG:telethon.extensions.messagepacker:Assigned msg_id = 7576281090229280892 to MsgsAck (108a3c3a0)
DEBUG:telethon.network.mtprotosender:Encrypting 1 message(s) in 60 bytes for sending
DEBUG:telethon.network.mtprotosender:Encrypted messages put in a queue to be sent
DEBUG:telethon.network.mtprotosender:Waiting for messages to send...
DEBUG:telethon.network.mtprotosender:Handling RPC result for message 7576281090225824776
DEBUG:telethon.network.mtprotosender:Receiving items from the network...
DEBUG:telethon.extensions.messagepacker:Assigned msg_id = 7576281090524125520 to MsgsAck (108a3c790)
DEBUG:telethon.network.mtprotosender:Encrypting 1 message(s) in 36 bytes for sending
DEBUG:telethon.network.mtprotosender:Encrypted messages put in a queue to be sent
DEBUG:telethon.network.mtprotosender:Waiting for messages to send...
DEBUG:telethon.extensions.messagepacker:Assigned msg_id = 7576281090530120316 to MsgsAck (108a3c6a0)
DEBUG:telethon.network.mtprotosender:Encrypting 1 message(s) in 36 bytes for sending
DEBUG:telethon.network.mtprotosender:Encrypted messages put in a queue to be sent
DEBUG:telethon.network.mtprotosender:Waiting for messages to send...
DEBUG:telethon.extensions.messagepacker:Assigned msg_id = 7576281090540936888 to GetUsersRequest (108a3c2b0)
DEBUG:telethon.network.mtprotosender:Encrypting 1 message(s) in 32 bytes for sending
DEBUG:telethon.network.mtprotosender:Encrypted messages put in a queue to be sent
DEBUG:telethon.network.mtprotosender:Waiting for messages to send...
DEBUG:telethon.network.mtprotosender:Handling RPC result for message 7576281090540936888
DEBUG:telethon.network.mtprotosender:Receiving items from the network...
DEBUG:telethon.extensions.messagepacker:Assigned msg_id = 7576281090822936476 to MsgsAck (108a3cdf0)
DEBUG:telethon.network.mtprotosender:Encrypting 1 message(s) in 36 bytes for sending
DEBUG:telethon.network.mtprotosender:Encrypted messages put in a queue to be sent
DEBUG:telethon.network.mtprotosender:Waiting for messages to send...
DEBUG:telethon.extensions.messagepacker:Assigned msg_id = 7576281090825869028 to MsgsAck (108a3ceb0)
DEBUG:telethon.network.mtprotosender:Encrypting 1 message(s) in 36 bytes for sending
2025-11-24 14:30:02 - DEBUG - Selenium Manager binary found at: /Users/korobkin/Library/Python/3.9/lib/python/site-packages/selenium/webdriver/common/macos/selenium-manager
2025-11-24 14:30:02 - DEBUG - Executing process: /Users/korobkin/Library/Python/3.9/lib/python/site-packages/selenium/webdriver/common/macos/selenium-manager --browser chrome --debug --language-binding python --output json
2025-11-24 14:30:02 - DEBUG - chromedriver not found in PATH
2025-11-24 14:30:02 - DEBUG - chrome detected at /Applications/Google Chrome.app/Contents/MacOS/Google Chrome
2025-11-24 14:30:02 - DEBUG - Running command: /Applications/Google\ Chrome.app/Contents/MacOS/Google\ Chrome --version
2025-11-24 14:30:02 - DEBUG - Output: "Google Chrome 142.0.7444.176 "
2025-11-24 14:30:02 - DEBUG - Detected browser: chrome 142.0.7444.176
2025-11-24 14:30:02 - DEBUG - Required driver: chromedriver 142.0.7444.175
2025-11-24 14:30:02 - DEBUG - chromedriver 142.0.7444.175 already in the cache
2025-11-24 14:30:02 - DEBUG - Driver path: /Users/korobkin/.cache/selenium/chromedriver/mac-x64/142.0.7444.175/chromedriver
2025-11-24 14:30:02 - DEBUG - Browser path: /Applications/Google Chrome.app/Contents/MacOS/Google Chrome
2025-11-24 14:30:02 - DEBUG - Started executable: `/Users/korobkin/.cache/selenium/chromedriver/mac-x64/142.0.7444.175/chromedriver` in a child process with pid: 22606 using 0 to output -3
2025-11-24 14:30:02 - DEBUG - POST http://localhost:58673/session {'capabilities': {'firstMatch': [{}], 'alwaysMatch': {'browserName': 'chrome', 'pageLoadStrategy': <PageLoadStrategy.normal: 'normal'>, 'browserVersion': None, 'goog:chromeOptions': {'extensions': [], 'binary': '/Applications/Google Chrome.app/Contents/MacOS/Google Chrome', 'args': []}}}}
2025-11-24 14:30:02 - DEBUG - Starting new HTTP connection (1): localhost:58673
2025-11-24 14:30:08 - DEBUG - http://localhost:58673 "POST /session HTTP/1.1" 200 0
2025-11-24 14:30:08 - DEBUG - Remote response: status=200 | data={"value":{"capabilities":{"acceptInsecureCerts":false,"browserName":"chrome","browserVersion":"142.0.7444.176","chrome":{"chromedriverVersion":"142.0.7444.175 (302067f14a4ea3f42001580e6101fa25ed343445-refs/branch-heads/7444@{#2749})","userDataDir":"/var/folders/xq/k28hhdp52nsbf92tjy5nm6940000gn/T/.org.chromium.Chromium.scoped_dir.TCXfUc"},"fedcm:accounts":true,"goog:chromeOptions":{"debuggerAddress":"localhost:58678"},"goog:processID":22607,"networkConnectionEnabled":false,"pageLoadStrategy":"normal","platformName":"mac","proxy":{},"setWindowRect":true,"strictFileInteractability":false,"timeouts":{"implicit":0,"pageLoad":300000,"script":30000},"unhandledPromptBehavior":"dismiss and notify","webauthn:extension:credBlob":true,"webauthn:extension:largeBlob":true,"webauthn:extension:minPinLength":true,"webauthn:extension:prf":true,"webauthn:virtualAuthenticators":true},"sessionId":"5ea540eb7bfea8b5da8c3f4e26e70080"}} | headers=HTTPHeaderDict({'Content-Length': '926', 'Content-Type': 'application/json; charset=utf-8', 'cache-control': 'no-cache'})
2025-11-24 14:30:08 - DEBUG - Finished Request
2025-11-24 14:30:08 - INFO - parsing start
2025-11-24 14:30:08 - INFO - parsing start
2025-11-24 14:30:08 - DEBUG - Using selector: KqueueSelector
2025-11-24 14:30:08 - INFO - Connecting to 149.154.167.51:443/TcpFull...
2025-11-24 14:30:08 - DEBUG - Connection attempt 1...
2025-11-24 14:30:09 - DEBUG - Connection success!
2025-11-24 14:30:09 - DEBUG - New auth_key attempt 1...
2025-11-24 14:30:11 - DEBUG - auth_key generation success!
2025-11-24 14:30:11 - DEBUG - Starting send loop
2025-11-24 14:30:11 - DEBUG - Starting receive loop
2025-11-24 14:30:11 - INFO - Connection to 149.154.167.51:443/TcpFull complete!
2025-11-24 14:30:11 - DEBUG - Waiting for messages to send...
2025-11-24 14:30:11 - DEBUG - Assigned msg_id = 7576283718588241948 to InvokeWithLayerRequest (1033c7b50)
2025-11-24 14:30:11 - DEBUG - Encrypting 1 message(s) in 80 bytes for sending
2025-11-24 14:30:11 - DEBUG - Encrypted messages put in a queue to be sent
2025-11-24 14:30:11 - DEBUG - Waiting for messages to send...
2025-11-24 14:30:11 - DEBUG - Receiving items from the network...
2025-11-24 14:30:11 - DEBUG - Handling bad salt for message 7576283718588241948
2025-11-24 14:30:11 - DEBUG - 1 message(s) will be resent
2025-11-24 14:30:11 - DEBUG - Receiving items from the network...
2025-11-24 14:30:11 - DEBUG - Assigned msg_id = 7576283718819785492 to InvokeWithLayerRequest (1033c7b50)
2025-11-24 14:30:11 - DEBUG - Encrypting 1 message(s) in 80 bytes for sending
2025-11-24 14:30:11 - DEBUG - Encrypted messages put in a queue to be sent
2025-11-24 14:30:11 - DEBUG - Waiting for messages to send...
2025-11-24 14:30:11 - DEBUG - Assigned msg_id = 7576283718822265996 to MsgsAck (1033c7fd0)
2025-11-24 14:30:11 - DEBUG - Encrypting 1 message(s) in 36 bytes for sending
2025-11-24 14:30:11 - DEBUG - Encrypted messages put in a queue to be sent
2025-11-24 14:30:11 - DEBUG - Waiting for messages to send...
2025-11-24 14:30:12 - DEBUG - Handling container
2025-11-24 14:30:12 - DEBUG - Handling new session created
2025-11-24 14:30:12 - DEBUG - Handling acknowledge for [7576283718819785492]
2025-11-24 14:30:12 - DEBUG - Receiving items from the network...
2025-11-24 14:30:12 - DEBUG - Handling RPC result for message 7576283718819785492
2025-11-24 14:30:12 - DEBUG - Receiving items from the network...
2025-11-24 14:30:12 - DEBUG - Assigned msg_id = 7576283720226717968 to GetUsersRequest (1033c7b50)
2025-11-24 14:30:12 - DEBUG - Encrypting 1 message(s) in 32 bytes for sending
2025-11-24 14:30:12 - DEBUG - Encrypted messages put in a queue to be sent
2025-11-24 14:30:12 - DEBUG - Waiting for messages to send...
2025-11-24 14:30:12 - DEBUG - Assigned msg_id = 7576283720230357188 to MsgsAck (1033c79a0)
2025-11-24 14:30:12 - DEBUG - Encrypting 1 message(s) in 60 bytes for sending
2025-11-24 14:30:12 - DEBUG - Encrypted messages put in a queue to be sent
2025-11-24 14:30:12 - DEBUG - Waiting for messages to send...
2025-11-24 14:30:12 - DEBUG - Handling RPC result for message 7576283720226717968
2025-11-24 14:30:12 - DEBUG - Receiving items from the network...
2025-11-24 14:30:12 - DEBUG - Assigned msg_id = 7576283720928421992 to MsgsAck (1033f0250)
2025-11-24 14:30:12 - DEBUG - Encrypting 1 message(s) in 36 bytes for sending
2025-11-24 14:30:12 - DEBUG - Encrypted messages put in a queue to be sent
2025-11-24 14:30:12 - DEBUG - Waiting for messages to send...
2025-11-24 14:30:12 - DEBUG - Assigned msg_id = 7576283720929781932 to MsgsAck (1033c7fa0)
2025-11-24 14:30:12 - DEBUG - Encrypting 1 message(s) in 36 bytes for sending
2025-11-24 14:30:12 - DEBUG - Encrypted messages put in a queue to be sent
2025-11-24 14:30:12 - DEBUG - Waiting for messages to send...
2025-11-24 14:30:12 - DEBUG - Assigned msg_id = 7576283720933865564 to GetUsersRequest (1033f01c0)
2025-11-24 14:30:12 - DEBUG - Encrypting 1 message(s) in 32 bytes for sending
2025-11-24 14:30:12 - DEBUG - Encrypted messages put in a queue to be sent
2025-11-24 14:30:12 - DEBUG - Waiting for messages to send...
2025-11-24 14:30:12 - DEBUG - Handling RPC result for message 7576283720933865564
2025-11-24 14:30:12 - DEBUG - Receiving items from the network...
2025-11-24 14:30:12 - DEBUG - Assigned msg_id = 7576283721727046032 to MsgsAck (1033f0220)
2025-11-24 14:30:12 - DEBUG - Encrypting 1 message(s) in 36 bytes for sending
2025-11-24 14:30:12 - DEBUG - Encrypted messages put in a queue to be sent
2025-11-24 14:30:12 - DEBUG - Waiting for messages to send...
2025-11-24 14:30:12 - DEBUG - Assigned msg_id = 7576283721728333492 to MsgsAck (1033f05e0)
2025-11-24 14:30:12 - DEBUG - Encrypting 1 message(s) in 36 bytes for sending
Please enter your phone (or bot token): Traceback (most recent call last):
  File "/Users/korobkin/Dev/1 folder/VISA_folder/visa.py", line 275, in <module>
    with client:
  File "/Users/korobkin/Library/Python/3.9/lib/python/site-packages/telethon/helpers.py", line 219, in _sync_enter
    return loop.run_until_complete(self.__aenter__())
  File "/usr/local/Cellar/python@3.9/3.9.16/Frameworks/Python.framework/Versions/3.9/lib/python3.9/asyncio/base_events.py", line 647, in run_until_complete
    return future.result()
  File "/Users/korobkin/Library/Python/3.9/lib/python/site-packages/telethon/client/auth.py", line 669, in __aenter__
    return await self.start()
  File "/Users/korobkin/Library/Python/3.9/lib/python/site-packages/telethon/client/auth.py", line 167, in _start
    value = phone()
  File "/Users/korobkin/Library/Python/3.9/lib/python/site-packages/telethon/client/auth.py", line 22, in <lambda>
    phone: typing.Union[typing.Callable[[], str], str] = lambda: input('Please enter your phone (or bot token): '),
EOFError: EOF when reading a line
2025-11-24 14:40:01 - DEBUG - Selenium Manager binary found at: /Users/korobkin/Library/Python/3.9/lib/python/site-packages/selenium/webdriver/common/macos/selenium-manager
2025-11-24 14:40:01 - DEBUG - Executing process: /Users/korobkin/Library/Python/3.9/lib/python/site-packages/selenium/webdriver/common/macos/selenium-manager --browser chrome --debug --language-binding python --output json
2025-11-24 14:40:02 - DEBUG - chromedriver not found in PATH
2025-11-24 14:40:02 - DEBUG - chrome detected at /Applications/Google Chrome.app/Contents/MacOS/Google Chrome
2025-11-24 14:40:02 - DEBUG - Running command: /Applications/Google\ Chrome.app/Contents/MacOS/Google\ Chrome --version
2025-11-24 14:40:02 - DEBUG - Output: "Google Chrome 142.0.7444.176 "
2025-11-24 14:40:02 - DEBUG - Detected browser: chrome 142.0.7444.176
2025-11-24 14:40:02 - DEBUG - Required driver: chromedriver 142.0.7444.175
2025-11-24 14:40:02 - DEBUG - chromedriver 142.0.7444.175 already in the cache
2025-11-24 14:40:02 - DEBUG - Driver path: /Users/korobkin/.cache/selenium/chromedriver/mac-x64/142.0.7444.175/chromedriver
2025-11-24 14:40:02 - DEBUG - Browser path: /Applications/Google Chrome.app/Contents/MacOS/Google Chrome
2025-11-24 14:40:02 - DEBUG - Started executable: `/Users/korobkin/.cache/selenium/chromedriver/mac-x64/142.0.7444.175/chromedriver` in a child process with pid: 22998 using 0 to output -3
2025-11-24 14:40:02 - DEBUG - POST http://localhost:58798/session {'capabilities': {'firstMatch': [{}], 'alwaysMatch': {'browserName': 'chrome', 'pageLoadStrategy': <PageLoadStrategy.normal: 'normal'>, 'browserVersion': None, 'goog:chromeOptions': {'extensions': [], 'binary': '/Applications/Google Chrome.app/Contents/MacOS/Google Chrome', 'args': []}}}}
2025-11-24 14:40:02 - DEBUG - Starting new HTTP connection (1): localhost:58798
2025-11-24 14:40:05 - DEBUG - http://localhost:58798 "POST /session HTTP/1.1" 200 0
2025-11-24 14:40:05 - DEBUG - Remote response: status=200 | data={"value":{"capabilities":{"acceptInsecureCerts":false,"browserName":"chrome","browserVersion":"142.0.7444.176","chrome":{"chromedriverVersion":"142.0.7444.175 (302067f14a4ea3f42001580e6101fa25ed343445-refs/branch-heads/7444@{#2749})","userDataDir":"/var/folders/xq/k28hhdp52nsbf92tjy5nm6940000gn/T/.org.chromium.Chromium.scoped_dir.NppLMT"},"fedcm:accounts":true,"goog:chromeOptions":{"debuggerAddress":"localhost:58803"},"goog:processID":22999,"networkConnectionEnabled":false,"pageLoadStrategy":"normal","platformName":"mac","proxy":{},"setWindowRect":true,"strictFileInteractability":false,"timeouts":{"implicit":0,"pageLoad":300000,"script":30000},"unhandledPromptBehavior":"dismiss and notify","webauthn:extension:credBlob":true,"webauthn:extension:largeBlob":true,"webauthn:extension:minPinLength":true,"webauthn:extension:prf":true,"webauthn:virtualAuthenticators":true},"sessionId":"64dbd9980ff3644c36ccb45a263b59b0"}} | headers=HTTPHeaderDict({'Content-Length': '926', 'Content-Type': 'application/json; charset=utf-8', 'cache-control': 'no-cache'})
2025-11-24 14:40:05 - DEBUG - Finished Request
2025-11-24 14:40:05 - INFO - parsing start
2025-11-24 14:40:05 - INFO - parsing start
2025-11-24 14:40:05 - DEBUG - Using selector: KqueueSelector
2025-11-24 14:40:05 - INFO - Connecting to 149.154.167.51:443/TcpFull...
2025-11-24 14:40:05 - DEBUG - Connection attempt 1...
2025-11-24 14:40:05 - DEBUG - Connection success!
2025-11-24 14:40:05 - DEBUG - Starting send loop
2025-11-24 14:40:05 - DEBUG - Starting receive loop
2025-11-24 14:40:05 - INFO - Connection to 149.154.167.51:443/TcpFull complete!
2025-11-24 14:40:05 - DEBUG - Waiting for messages to send...
2025-11-24 14:40:05 - DEBUG - Assigned msg_id = 7576286257319194000 to InvokeWithLayerRequest (10640edf0)
2025-11-24 14:40:05 - DEBUG - Encrypting 1 message(s) in 80 bytes for sending
2025-11-24 14:40:05 - DEBUG - Encrypted messages put in a queue to be sent
2025-11-24 14:40:05 - DEBUG - Waiting for messages to send...
2025-11-24 14:40:05 - DEBUG - Receiving items from the network...
2025-11-24 14:40:06 - DEBUG - Updated time offset (old offset 0, bad 7576286259407893940, good 7576286270221112321, new 2)
2025-11-24 14:40:06 - DEBUG - Handling bad salt for message 7576286257319194000
2025-11-24 14:40:06 - DEBUG - 1 message(s) will be resent
2025-11-24 14:40:06 - DEBUG - Receiving items from the network...
2025-11-24 14:40:06 - DEBUG - Assigned msg_id = 7576286268000375796 to InvokeWithLayerRequest (10640edf0)
2025-11-24 14:40:06 - DEBUG - Encrypting 1 message(s) in 80 bytes for sending
2025-11-24 14:40:06 - DEBUG - Encrypted messages put in a queue to be sent
2025-11-24 14:40:06 - DEBUG - Waiting for messages to send...
2025-11-24 14:40:06 - DEBUG - Assigned msg_id = 7576286268002216384 to MsgsAck (10640ef10)
2025-11-24 14:40:06 - DEBUG - Encrypting 1 message(s) in 36 bytes for sending
2025-11-24 14:40:06 - DEBUG - Encrypted messages put in a queue to be sent
2025-11-24 14:40:06 - DEBUG - Waiting for messages to send...
2025-11-24 14:40:06 - DEBUG - Handling container
2025-11-24 14:40:06 - DEBUG - Handling new session created
2025-11-24 14:40:06 - DEBUG - Handling acknowledge for [7576286268000375796]
2025-11-24 14:40:06 - DEBUG - Receiving items from the network...
2025-11-24 14:40:06 - DEBUG - Handling RPC result for message 7576286268000375796
2025-11-24 14:40:06 - DEBUG - Receiving items from the network...
2025-11-24 14:40:06 - DEBUG - Assigned msg_id = 7576286268248959588 to GetUsersRequest (1064810a0)
2025-11-24 14:40:06 - DEBUG - Encrypting 1 message(s) in 32 bytes for sending
2025-11-24 14:40:06 - DEBUG - Encrypted messages put in a queue to be sent
2025-11-24 14:40:06 - DEBUG - Waiting for messages to send...
2025-11-24 14:40:06 - DEBUG - Assigned msg_id = 7576286268251624152 to MsgsAck (10640ee80)
2025-11-24 14:40:06 - DEBUG - Encrypting 1 message(s) in 60 bytes for sending
2025-11-24 14:40:06 - DEBUG - Encrypted messages put in a queue to be sent
2025-11-24 14:40:06 - DEBUG - Waiting for messages to send...
2025-11-24 14:40:06 - DEBUG - Handling RPC result for message 7576286268248959588
2025-11-24 14:40:06 - DEBUG - Receiving items from the network...
2025-11-24 14:40:06 - DEBUG - Assigned msg_id = 7576286269580212640 to MsgsAck (1064812b0)
2025-11-24 14:40:06 - DEBUG - Encrypting 1 message(s) in 36 bytes for sending
2025-11-24 14:40:06 - DEBUG - Encrypted messages put in a queue to be sent
2025-11-24 14:40:06 - DEBUG - Waiting for messages to send...
2025-11-24 14:40:06 - DEBUG - Assigned msg_id = 7576286269587191628 to MsgsAck (10640edf0)
2025-11-24 14:40:06 - DEBUG - Encrypting 1 message(s) in 36 bytes for sending
2025-11-24 14:40:06 - DEBUG - Encrypted messages put in a queue to be sent
2025-11-24 14:40:06 - DEBUG - Waiting for messages to send...
2025-11-24 14:40:06 - DEBUG - Assigned msg_id = 7576286269596156168 to GetUsersRequest (1064811f0)
2025-11-24 14:40:06 - DEBUG - Encrypting 1 message(s) in 32 bytes for sending
2025-11-24 14:40:06 - DEBUG - Encrypted messages put in a queue to be sent
2025-11-24 14:40:06 - DEBUG - Waiting for messages to send...
2025-11-24 14:40:06 - DEBUG - Handling RPC result for message 7576286269596156168
2025-11-24 14:40:06 - DEBUG - Receiving items from the network...
2025-11-24 14:40:06 - DEBUG - Assigned msg_id = 7576286270010155724 to MsgsAck (1064814c0)
2025-11-24 14:40:06 - DEBUG - Encrypting 1 message(s) in 36 bytes for sending
2025-11-24 14:40:06 - DEBUG - Encrypted messages put in a queue to be sent
2025-11-24 14:40:06 - DEBUG - Waiting for messages to send...
2025-11-24 14:40:06 - DEBUG - Assigned msg_id = 7576286270012191820 to MsgsAck (106481640)
2025-11-24 14:40:06 - DEBUG - Encrypting 1 message(s) in 36 bytes for sending
Please enter your phone (or bot token): Traceback (most recent call last):
  File "/Users/korobkin/Dev/1 folder/VISA_folder/visa.py", line 275, in <module>
    with client:
  File "/Users/korobkin/Library/Python/3.9/lib/python/site-packages/telethon/helpers.py", line 219, in _sync_enter
    return loop.run_until_complete(self.__aenter__())
  File "/usr/local/Cellar/python@3.9/3.9.16/Frameworks/Python.framework/Versions/3.9/lib/python3.9/asyncio/base_events.py", line 647, in run_until_complete
    return future.result()
  File "/Users/korobkin/Library/Python/3.9/lib/python/site-packages/telethon/client/auth.py", line 669, in __aenter__
    return await self.start()
  File "/Users/korobkin/Library/Python/3.9/lib/python/site-packages/telethon/client/auth.py", line 167, in _start
    value = phone()
  File "/Users/korobkin/Library/Python/3.9/lib/python/site-packages/telethon/client/auth.py", line 22, in <lambda>
    phone: typing.Union[typing.Callable[[], str], str] = lambda: input('Please enter your phone (or bot token): '),
EOFError: EOF when reading a line
DEBUG:selenium.webdriver.common.selenium_manager:Selenium Manager binary found at: /Users/korobkin/Library/Python/3.9/lib/python/site-packages/selenium/webdriver/common/macos/selenium-manager
DEBUG:selenium.webdriver.common.selenium_manager:Executing process: /Users/korobkin/Library/Python/3.9/lib/python/site-packages/selenium/webdriver/common/macos/selenium-manager --browser chrome --debug --language-binding python --output json
DEBUG:selenium.webdriver.common.selenium_manager:chromedriver not found in PATH
DEBUG:selenium.webdriver.common.selenium_manager:chrome detected at /Applications/Google Chrome.app/Contents/MacOS/Google Chrome
DEBUG:selenium.webdriver.common.selenium_manager:Running command: /Applications/Google\ Chrome.app/Contents/MacOS/Google\ Chrome --version
DEBUG:selenium.webdriver.common.selenium_manager:Output: "Google Chrome 142.0.7444.176 "
DEBUG:selenium.webdriver.common.selenium_manager:Detected browser: chrome 142.0.7444.176
DEBUG:selenium.webdriver.common.selenium_manager:Required driver: chromedriver 142.0.7444.175
DEBUG:selenium.webdriver.common.selenium_manager:chromedriver 142.0.7444.175 already in the cache
DEBUG:selenium.webdriver.common.selenium_manager:Driver path: /Users/korobkin/.cache/selenium/chromedriver/mac-x64/142.0.7444.175/chromedriver
DEBUG:selenium.webdriver.common.selenium_manager:Browser path: /Applications/Google Chrome.app/Contents/MacOS/Google Chrome
DEBUG:selenium.webdriver.common.service:Started executable: `/Users/korobkin/.cache/selenium/chromedriver/mac-x64/142.0.7444.175/chromedriver` in a child process with pid: 23508 using 0 to output -3
DEBUG:selenium.webdriver.remote.remote_connection:POST http://localhost:58917/session {'capabilities': {'firstMatch': [{}], 'alwaysMatch': {'browserName': 'chrome', 'pageLoadStrategy': <PageLoadStrategy.normal: 'normal'>, 'browserVersion': None, 'goog:chromeOptions': {'extensions': [], 'binary': '/Applications/Google Chrome.app/Contents/MacOS/Google Chrome', 'args': []}}}}
DEBUG:urllib3.connectionpool:Starting new HTTP connection (1): localhost:58917
DEBUG:urllib3.connectionpool:http://localhost:58917 "POST /session HTTP/1.1" 200 0
DEBUG:selenium.webdriver.remote.remote_connection:Remote response: status=200 | data={"value":{"capabilities":{"acceptInsecureCerts":false,"browserName":"chrome","browserVersion":"142.0.7444.176","chrome":{"chromedriverVersion":"142.0.7444.175 (302067f14a4ea3f42001580e6101fa25ed343445-refs/branch-heads/7444@{#2749})","userDataDir":"/var/folders/xq/k28hhdp52nsbf92tjy5nm6940000gn/T/.org.chromium.Chromium.scoped_dir.vnAaVP"},"fedcm:accounts":true,"goog:chromeOptions":{"debuggerAddress":"localhost:58924"},"goog:processID":23509,"networkConnectionEnabled":false,"pageLoadStrategy":"normal","platformName":"mac","proxy":{},"setWindowRect":true,"strictFileInteractability":false,"timeouts":{"implicit":0,"pageLoad":300000,"script":30000},"unhandledPromptBehavior":"dismiss and notify","webauthn:extension:credBlob":true,"webauthn:extension:largeBlob":true,"webauthn:extension:minPinLength":true,"webauthn:extension:prf":true,"webauthn:virtualAuthenticators":true},"sessionId":"d363e01bafa04f1d3fc20bdae508d1e2"}} | headers=HTTPHeaderDict({'Content-Length': '926', 'Content-Type': 'application/json; charset=utf-8', 'cache-control': 'no-cache'})
DEBUG:selenium.webdriver.remote.remote_connection:Finished Request
INFO:my_logger:parsing start
DEBUG:asyncio:Using selector: KqueueSelector
INFO:telethon.network.mtprotosender:Connecting to 149.154.167.51:443/TcpFull...
DEBUG:telethon.network.mtprotosender:Connection attempt 1...
DEBUG:telethon.network.mtprotosender:Connection success!
DEBUG:telethon.network.mtprotosender:Starting send loop
DEBUG:telethon.network.mtprotosender:Starting receive loop
INFO:telethon.network.mtprotosender:Connection to 149.154.167.51:443/TcpFull complete!
DEBUG:telethon.network.mtprotosender:Waiting for messages to send...
DEBUG:telethon.extensions.messagepacker:Assigned msg_id = 7576287603797925148 to InvokeWithLayerRequest (1117842b0)
DEBUG:telethon.network.mtprotosender:Encrypting 1 message(s) in 80 bytes for sending
DEBUG:telethon.network.mtprotosender:Encrypted messages put in a queue to be sent
DEBUG:telethon.network.mtprotosender:Waiting for messages to send...
DEBUG:telethon.network.mtprotosender:Receiving items from the network...
DEBUG:telethon.network.mtprotostate:Updated time offset (old offset 0, bad 7576287604550413284, good 7576287616644730881, new 3)
DEBUG:telethon.network.mtprotosender:Handling bad salt for message 7576287603797925148
DEBUG:telethon.network.mtprotosender:1 message(s) will be resent
DEBUG:telethon.network.mtprotosender:Receiving items from the network...
DEBUG:telethon.extensions.messagepacker:Assigned msg_id = 7576287617438414616 to InvokeWithLayerRequest (1117842b0)
DEBUG:telethon.network.mtprotosender:Encrypting 1 message(s) in 80 bytes for sending
DEBUG:telethon.network.mtprotosender:Encrypted messages put in a queue to be sent
DEBUG:telethon.network.mtprotosender:Waiting for messages to send...
DEBUG:telethon.extensions.messagepacker:Assigned msg_id = 7576287617441306156 to MsgsAck (1117843d0)
DEBUG:telethon.network.mtprotosender:Encrypting 1 message(s) in 36 bytes for sending
DEBUG:telethon.network.mtprotosender:Encrypted messages put in a queue to be sent
DEBUG:telethon.network.mtprotosender:Waiting for messages to send...
DEBUG:telethon.network.mtprotosender:Handling container
DEBUG:telethon.network.mtprotosender:Handling new session created
DEBUG:telethon.network.mtprotosender:Handling acknowledge for [7576287617438414616]
DEBUG:telethon.network.mtprotosender:Receiving items from the network...
DEBUG:telethon.network.mtprotosender:Handling RPC result for message 7576287617438414616
DEBUG:telethon.network.mtprotosender:Receiving items from the network...
DEBUG:telethon.extensions.messagepacker:Assigned msg_id = 7576287617987238924 to GetUsersRequest (111784be0)
DEBUG:telethon.network.mtprotosender:Encrypting 1 message(s) in 32 bytes for sending
DEBUG:telethon.network.mtprotosender:Encrypted messages put in a queue to be sent
DEBUG:telethon.network.mtprotosender:Waiting for messages to send...
DEBUG:telethon.extensions.messagepacker:Assigned msg_id = 7576287617988871616 to MsgsAck (111784340)
DEBUG:telethon.network.mtprotosender:Encrypting 1 message(s) in 60 bytes for sending
DEBUG:telethon.network.mtprotosender:Encrypted messages put in a queue to be sent
DEBUG:telethon.network.mtprotosender:Waiting for messages to send...
DEBUG:telethon.network.mtprotosender:Handling RPC result for message 7576287617987238924
DEBUG:telethon.network.mtprotosender:Receiving items from the network...
DEBUG:telethon.extensions.messagepacker:Assigned msg_id = 7576287618242935220 to MsgsAck (111784670)
DEBUG:telethon.network.mtprotosender:Encrypting 1 message(s) in 36 bytes for sending
DEBUG:telethon.network.mtprotosender:Encrypted messages put in a queue to be sent
DEBUG:telethon.network.mtprotosender:Waiting for messages to send...
DEBUG:telethon.extensions.messagepacker:Assigned msg_id = 7576287618246587796 to MsgsAck (111784190)
DEBUG:telethon.network.mtprotosender:Encrypting 1 message(s) in 36 bytes for sending
DEBUG:telethon.network.mtprotosender:Encrypted messages put in a queue to be sent
DEBUG:telethon.network.mtprotosender:Waiting for messages to send...
DEBUG:telethon.extensions.messagepacker:Assigned msg_id = 7576287618268734020 to GetUsersRequest (111784250)
DEBUG:telethon.network.mtprotosender:Encrypting 1 message(s) in 32 bytes for sending
DEBUG:telethon.network.mtprotosender:Encrypted messages put in a queue to be sent
DEBUG:telethon.network.mtprotosender:Waiting for messages to send...
DEBUG:telethon.network.mtprotosender:Handling RPC result for message 7576287618268734020
DEBUG:telethon.network.mtprotosender:Receiving items from the network...
DEBUG:telethon.extensions.messagepacker:Assigned msg_id = 7576287618602371256 to MsgsAck (111784d90)
DEBUG:telethon.network.mtprotosender:Encrypting 1 message(s) in 36 bytes for sending
DEBUG:telethon.network.mtprotosender:Encrypted messages put in a queue to be sent
DEBUG:telethon.network.mtprotosender:Waiting for messages to send...
DEBUG:telethon.extensions.messagepacker:Assigned msg_id = 7576287618605210344 to MsgsAck (111784e50)
DEBUG:telethon.network.mtprotosender:Encrypting 1 message(s) in 36 bytes for sending
DEBUG:telethon.network.mtprotosender:Encrypted messages put in a queue to be sent
DEBUG:telethon.network.mtprotosender:Waiting for messages to send...
DEBUG:telethon.extensions.messagepacker:Assigned msg_id = 7576287966104081020 to SendCodeRequest (111784ca0)
DEBUG:telethon.network.mtprotosender:Encrypting 1 message(s) in 80 bytes for sending
DEBUG:telethon.network.mtprotosender:Encrypted messages put in a queue to be sent
DEBUG:telethon.network.mtprotosender:Waiting for messages to send...
DEBUG:telethon.extensions.messagepacker:Assigned msg_id = 7576287966116029604 to PingRequest (111784970)
DEBUG:telethon.network.mtprotosender:Encrypting 1 message(s) in 28 bytes for sending
DEBUG:telethon.network.mtprotosender:Encrypted messages put in a queue to be sent
DEBUG:telethon.network.mtprotosender:Waiting for messages to send...
DEBUG:telethon.network.mtprotosender:Handling container
DEBUG:telethon.network.mtprotosender:Handling pong for message 7576287966116029604
DEBUG:telethon.network.mtprotosender:Handling acknowledge for [7576287966104081020]
DEBUG:telethon.network.mtprotosender:Receiving items from the network...
DEBUG:telethon.network.mtprotosender:Handling RPC result for message 7576287966104081020
DEBUG:telethon.network.mtprotosender:Receiving items from the network...
DEBUG:telethon.extensions.messagepacker:Assigned msg_id = 7576288045339524060 to GetUsersRequest (111784cd0)
DEBUG:telethon.network.mtprotosender:Encrypting 1 message(s) in 32 bytes for sending
DEBUG:telethon.network.mtprotosender:Encrypted messages put in a queue to be sent
DEBUG:telethon.network.mtprotosender:Waiting for messages to send...
DEBUG:telethon.extensions.messagepacker:Assigned msg_id = 7576288045342612056 to MsgsAck (111784d90)
DEBUG:telethon.network.mtprotosender:Encrypting 1 message(s) in 60 bytes for sending
DEBUG:telethon.network.mtprotosender:Encrypted messages put in a queue to be sent
DEBUG:telethon.network.mtprotosender:Waiting for messages to send...
DEBUG:telethon.network.mtprotosender:Handling RPC result for message 7576288045339524060
DEBUG:telethon.network.mtprotosender:Receiving items from the network...
DEBUG:telethon.extensions.messagepacker:Assigned msg_id = 7576288046027720240 to MsgsAck (111784f70)
DEBUG:telethon.network.mtprotosender:Encrypting 1 message(s) in 36 bytes for sending
DEBUG:telethon.network.mtprotosender:Encrypted messages put in a queue to be sent
DEBUG:telethon.network.mtprotosender:Waiting for messages to send...
DEBUG:telethon.extensions.messagepacker:Assigned msg_id = 7576288046029940396 to MsgsAck (111784670)
DEBUG:telethon.network.mtprotosender:Encrypting 1 message(s) in 36 bytes for sending
DEBUG:telethon.network.mtprotosender:Encrypted messages put in a queue to be sent
DEBUG:telethon.network.mtprotosender:Waiting for messages to send...
DEBUG:telethon.extensions.messagepacker:Assigned msg_id = 7576288046032700328 to SignInRequest (111784c40)
DEBUG:telethon.network.mtprotosender:Encrypting 1 message(s) in 64 bytes for sending
DEBUG:telethon.network.mtprotosender:Encrypted messages put in a queue to be sent
DEBUG:telethon.network.mtprotosender:Waiting for messages to send...
DEBUG:telethon.network.mtprotosender:Handling RPC result for message 7576288046032700328
DEBUG:telethon.network.mtprotosender:Receiving items from the network...
DEBUG:telethon.extensions.messagepacker:Assigned msg_id = 7576288046780868320 to MsgsAck (1117a7250)
DEBUG:telethon.network.mtprotosender:Encrypting 1 message(s) in 36 bytes for sending
DEBUG:telethon.network.mtprotosender:Encrypted messages put in a queue to be sent
DEBUG:telethon.network.mtprotosender:Waiting for messages to send...
DEBUG:telethon.extensions.messagepacker:Assigned msg_id = 7576288046783804684 to MsgsAck (111784f70)
DEBUG:telethon.network.mtprotosender:Encrypting 1 message(s) in 36 bytes for sending
DEBUG:telethon.network.mtprotosender:Encrypted messages put in a queue to be sent
DEBUG:telethon.network.mtprotosender:Waiting for messages to send...
DEBUG:telethon.extensions.messagepacker:Assigned msg_id = 7576288186252469880 to GetUsersRequest (1117a7310)
DEBUG:telethon.network.mtprotosender:Encrypting 1 message(s) in 32 bytes for sending
DEBUG:telethon.network.mtprotosender:Encrypted messages put in a queue to be sent
DEBUG:telethon.network.mtprotosender:Waiting for messages to send...
DEBUG:telethon.network.mtprotosender:Handling RPC result for message 7576288186252469880
DEBUG:telethon.network.mtprotosender:Receiving items from the network...
DEBUG:telethon.extensions.messagepacker:Assigned msg_id = 7576288186857049448 to MsgsAck (1117a7520)
DEBUG:telethon.network.mtprotosender:Encrypting 1 message(s) in 36 bytes for sending
DEBUG:telethon.network.mtprotosender:Encrypted messages put in a queue to be sent
DEBUG:telethon.network.mtprotosender:Waiting for messages to send...
DEBUG:telethon.extensions.messagepacker:Assigned msg_id = 7576288186860661968 to MsgsAck (1117a76d0)
DEBUG:telethon.network.mtprotosender:Encrypting 1 message(s) in 36 bytes for sending
DEBUG:telethon.network.mtprotosender:Encrypted messages put in a queue to be sent
DEBUG:telethon.network.mtprotosender:Waiting for messages to send...
DEBUG:telethon.extensions.messagepacker:Assigned msg_id = 7576288186864749416 to GetPasswordRequest (1117a75e0)
DEBUG:telethon.network.mtprotosender:Encrypting 1 message(s) in 20 bytes for sending
DEBUG:telethon.network.mtprotosender:Encrypted messages put in a queue to be sent
DEBUG:telethon.network.mtprotosender:Waiting for messages to send...
DEBUG:telethon.network.mtprotosender:Handling RPC result for message 7576288186864749416
DEBUG:telethon.network.mtprotosender:Receiving items from the network...
DEBUG:telethon.extensions.messagepacker:Assigned msg_id = 7576288188450781328 to CheckPasswordRequest (1117a7a30)
DEBUG:telethon.network.mtprotosender:Encrypting 1 message(s) in 328 bytes for sending
DEBUG:telethon.network.mtprotosender:Encrypted messages put in a queue to be sent
DEBUG:telethon.network.mtprotosender:Waiting for messages to send...
DEBUG:telethon.extensions.messagepacker:Assigned msg_id = 7576288188454620824 to MsgsAck (1117a7520)
DEBUG:telethon.network.mtprotosender:Encrypting 1 message(s) in 36 bytes for sending
DEBUG:telethon.network.mtprotosender:Encrypted messages put in a queue to be sent
DEBUG:telethon.network.mtprotosender:Waiting for messages to send...
DEBUG:telethon.network.mtprotosender:Handling RPC result for message 7576288188450781328
DEBUG:telethon.network.mtprotosender:Receiving items from the network...
DEBUG:telethon.extensions.messagepacker:Assigned msg_id = 7576288190971844780 to GetStateRequest (1117a7820)
DEBUG:telethon.network.mtprotosender:Encrypting 1 message(s) in 20 bytes for sending
DEBUG:telethon.network.mtprotosender:Encrypted messages put in a queue to be sent
DEBUG:telethon.network.mtprotosender:Waiting for messages to send...
DEBUG:telethon.extensions.messagepacker:Assigned msg_id = 7576288190975028144 to MsgsAck (1117a79a0)
DEBUG:telethon.network.mtprotosender:Encrypting 1 message(s) in 36 bytes for sending
DEBUG:telethon.network.mtprotosender:Encrypted messages put in a queue to be sent
DEBUG:telethon.network.mtprotosender:Waiting for messages to send...
DEBUG:telethon.network.mtprotosender:Handling RPC result for message 7576288190971844780
DEBUG:telethon.network.mtprotosender:Receiving items from the network...
DEBUG:telethon.extensions.messagepacker:Assigned msg_id = 7576288191250852692 to GetDifferenceRequest (1117a7820)
DEBUG:telethon.network.mtprotosender:Encrypting 1 message(s) in 36 bytes for sending
DEBUG:telethon.network.mtprotosender:Encrypted messages put in a queue to be sent
DEBUG:telethon.network.mtprotosender:Waiting for messages to send...
DEBUG:telethon.extensions.messagepacker:Assigned msg_id = 7576288191255460844 to MsgsAck (1117a7af0)
DEBUG:telethon.network.mtprotosender:Encrypting 1 message(s) in 36 bytes for sending
DEBUG:telethon.network.mtprotosender:Encrypted messages put in a queue to be sent
DEBUG:telethon.network.mtprotosender:Waiting for messages to send...
DEBUG:telethon.network.mtprotosender:Handling RPC result for message 7576288191250852692
DEBUG:telethon.network.mtprotosender:Receiving items from the network...
INFO:my_logger:login start
DEBUG:selenium.webdriver.remote.remote_connection:POST http://localhost:58917/session/d363e01bafa04f1d3fc20bdae508d1e2/url {'url': 'https://ais.usvisa-info.com/ru-kz/niv/users/sign_in'}
DEBUG:urllib3.connectionpool:http://localhost:58917 "POST /session/d363e01bafa04f1d3fc20bdae508d1e2/url HTTP/1.1" 200 0
DEBUG:selenium.webdriver.remote.remote_connection:Remote response: status=200 | data={"value":null} | headers=HTTPHeaderDict({'Content-Length': '14', 'Content-Type': 'application/json; charset=utf-8', 'cache-control': 'no-cache'})
DEBUG:selenium.webdriver.remote.remote_connection:Finished Request
DEBUG:selenium.webdriver.remote.remote_connection:POST http://localhost:58917/session/d363e01bafa04f1d3fc20bdae508d1e2/element {'using': 'css selector', 'value': '[id="user_email"]'}
DEBUG:urllib3.connectionpool:http://localhost:58917 "POST /session/d363e01bafa04f1d3fc20bdae508d1e2/element HTTP/1.1" 200 0
DEBUG:selenium.webdriver.remote.remote_connection:Remote response: status=200 | data={"value":{"element-6066-11e4-a52e-4f735466cecf":"f.D8E0C26930686CA27C0C63264715C844.d.98A3DEEE8DB64BA8A0D3CF2E6D762303.e.2"}} | headers=HTTPHeaderDict({'Content-Length': '125', 'Content-Type': 'application/json; charset=utf-8', 'cache-control': 'no-cache'})
DEBUG:selenium.webdriver.remote.remote_connection:Finished Request
DEBUG:selenium.webdriver.remote.remote_connection:POST http://localhost:58917/session/d363e01bafa04f1d3fc20bdae508d1e2/element/f.D8E0C26930686CA27C0C63264715C844.d.98A3DEEE8DB64BA8A0D3CF2E6D762303.e.2/value {'text': 'doner66@gmail.com', 'value': ['d', 'o', 'n', 'e', 'r', '6', '6', '@', 'g', 'm', 'a', 'i', 'l', '.', 'c', 'o', 'm']}
DEBUG:urllib3.connectionpool:http://localhost:58917 "POST /session/d363e01bafa04f1d3fc20bdae508d1e2/element/f.D8E0C26930686CA27C0C63264715C844.d.98A3DEEE8DB64BA8A0D3CF2E6D762303.e.2/value HTTP/1.1" 200 0
DEBUG:selenium.webdriver.remote.remote_connection:Remote response: status=200 | data={"value":null} | headers=HTTPHeaderDict({'Content-Length': '14', 'Content-Type': 'application/json; charset=utf-8', 'cache-control': 'no-cache'})
DEBUG:selenium.webdriver.remote.remote_connection:Finished Request
DEBUG:selenium.webdriver.remote.remote_connection:POST http://localhost:58917/session/d363e01bafa04f1d3fc20bdae508d1e2/element {'using': 'css selector', 'value': '[id="user_password"]'}
DEBUG:urllib3.connectionpool:http://localhost:58917 "POST /session/d363e01bafa04f1d3fc20bdae508d1e2/element HTTP/1.1" 200 0
DEBUG:selenium.webdriver.remote.remote_connection:Remote response: status=200 | data={"value":{"element-6066-11e4-a52e-4f735466cecf":"f.D8E0C26930686CA27C0C63264715C844.d.98A3DEEE8DB64BA8A0D3CF2E6D762303.e.3"}} | headers=HTTPHeaderDict({'Content-Length': '125', 'Content-Type': 'application/json; charset=utf-8', 'cache-control': 'no-cache'})
DEBUG:selenium.webdriver.remote.remote_connection:Finished Request
DEBUG:selenium.webdriver.remote.remote_connection:POST http://localhost:58917/session/d363e01bafa04f1d3fc20bdae508d1e2/element/f.D8E0C26930686CA27C0C63264715C844.d.98A3DEEE8DB64BA8A0D3CF2E6D762303.e.3/value {'text': 'Al89086307525Zx!', 'value': ['A', 'l', '8', '9', '0', '8', '6', '3', '0', '7', '5', '2', '5', 'Z', 'x', '!']}
DEBUG:urllib3.connectionpool:http://localhost:58917 "POST /session/d363e01bafa04f1d3fc20bdae508d1e2/element/f.D8E0C26930686CA27C0C63264715C844.d.98A3DEEE8DB64BA8A0D3CF2E6D762303.e.3/value HTTP/1.1" 200 0
DEBUG:selenium.webdriver.remote.remote_connection:Remote response: status=200 | data={"value":null} | headers=HTTPHeaderDict({'Content-Length': '14', 'Content-Type': 'application/json; charset=utf-8', 'cache-control': 'no-cache'})
DEBUG:selenium.webdriver.remote.remote_connection:Finished Request
DEBUG:telethon.extensions.messagepacker:Assigned msg_id = 7576288223843255524 to PingRequest (1117841f0)
DEBUG:telethon.network.mtprotosender:Encrypting 1 message(s) in 28 bytes for sending
DEBUG:telethon.network.mtprotosender:Encrypted messages put in a queue to be sent
DEBUG:telethon.network.mtprotosender:Waiting for messages to send...
DEBUG:telethon.extensions.messagepacker:Assigned msg_id = 7576288223846127988 to MsgsAck (1117a7220)
DEBUG:telethon.network.mtprotosender:Encrypting 1 message(s) in 36 bytes for sending
DEBUG:telethon.network.mtprotosender:Encrypted messages put in a queue to be sent
DEBUG:telethon.network.mtprotosender:Waiting for messages to send...
DEBUG:telethon.network.mtprotosender:Handling pong for message 7576288223843255524
DEBUG:telethon.network.mtprotosender:Receiving items from the network...
DEBUG:selenium.webdriver.remote.remote_connection:POST http://localhost:58917/session/d363e01bafa04f1d3fc20bdae508d1e2/element {'using': 'css selector', 'value': '.icheckbox'}
DEBUG:urllib3.connectionpool:http://localhost:58917 "POST /session/d363e01bafa04f1d3fc20bdae508d1e2/element HTTP/1.1" 200 0
DEBUG:selenium.webdriver.remote.remote_connection:Remote response: status=200 | data={"value":{"element-6066-11e4-a52e-4f735466cecf":"f.D8E0C26930686CA27C0C63264715C844.d.98A3DEEE8DB64BA8A0D3CF2E6D762303.e.11"}} | headers=HTTPHeaderDict({'Content-Length': '126', 'Content-Type': 'application/json; charset=utf-8', 'cache-control': 'no-cache'})
DEBUG:selenium.webdriver.remote.remote_connection:Finished Request
DEBUG:selenium.webdriver.remote.remote_connection:POST http://localhost:58917/session/d363e01bafa04f1d3fc20bdae508d1e2/element/f.D8E0C26930686CA27C0C63264715C844.d.98A3DEEE8DB64BA8A0D3CF2E6D762303.e.11/click {}
DEBUG:urllib3.connectionpool:http://localhost:58917 "POST /session/d363e01bafa04f1d3fc20bdae508d1e2/element/f.D8E0C26930686CA27C0C63264715C844.d.98A3DEEE8DB64BA8A0D3CF2E6D762303.e.11/click HTTP/1.1" 200 0
DEBUG:selenium.webdriver.remote.remote_connection:Remote response: status=200 | data={"value":null} | headers=HTTPHeaderDict({'Content-Length': '14', 'Content-Type': 'application/json; charset=utf-8', 'cache-control': 'no-cache'})
DEBUG:selenium.webdriver.remote.remote_connection:Finished Request
DEBUG:telethon.network.mtprotosender:Handling update UpdateShort
DEBUG:telethon.network.mtprotosender:Receiving items from the network...
DEBUG:selenium.webdriver.remote.remote_connection:POST http://localhost:58917/session/d363e01bafa04f1d3fc20bdae508d1e2/element {'using': 'css selector', 'value': '[name="commit"]'}
DEBUG:urllib3.connectionpool:http://localhost:58917 "POST /session/d363e01bafa04f1d3fc20bdae508d1e2/element HTTP/1.1" 200 0
DEBUG:selenium.webdriver.remote.remote_connection:Remote response: status=200 | data={"value":{"element-6066-11e4-a52e-4f735466cecf":"f.D8E0C26930686CA27C0C63264715C844.d.98A3DEEE8DB64BA8A0D3CF2E6D762303.e.7"}} | headers=HTTPHeaderDict({'Content-Length': '125', 'Content-Type': 'application/json; charset=utf-8', 'cache-control': 'no-cache'})
DEBUG:selenium.webdriver.remote.remote_connection:Finished Request
DEBUG:selenium.webdriver.remote.remote_connection:POST http://localhost:58917/session/d363e01bafa04f1d3fc20bdae508d1e2/element/f.D8E0C26930686CA27C0C63264715C844.d.98A3DEEE8DB64BA8A0D3CF2E6D762303.e.7/click {}
DEBUG:urllib3.connectionpool:http://localhost:58917 "POST /session/d363e01bafa04f1d3fc20bdae508d1e2/element/f.D8E0C26930686CA27C0C63264715C844.d.98A3DEEE8DB64BA8A0D3CF2E6D762303.e.7/click HTTP/1.1" 200 0
DEBUG:selenium.webdriver.remote.remote_connection:Remote response: status=200 | data={"value":null} | headers=HTTPHeaderDict({'Content-Length': '14', 'Content-Type': 'application/json; charset=utf-8', 'cache-control': 'no-cache'})
DEBUG:selenium.webdriver.remote.remote_connection:Finished Request
DEBUG:selenium.webdriver.remote.remote_connection:POST http://localhost:58917/session/d363e01bafa04f1d3fc20bdae508d1e2/url {'url': 'https://ais.usvisa-info.com/ru-kz/niv/schedule/71354735/payment'}
DEBUG:urllib3.connectionpool:http://localhost:58917 "POST /session/d363e01bafa04f1d3fc20bdae508d1e2/url HTTP/1.1" 200 0
DEBUG:selenium.webdriver.remote.remote_connection:Remote response: status=200 | data={"value":null} | headers=HTTPHeaderDict({'Content-Length': '14', 'Content-Type': 'application/json; charset=utf-8', 'cache-control': 'no-cache'})
DEBUG:selenium.webdriver.remote.remote_connection:Finished Request
DEBUG:selenium.webdriver.remote.remote_connection:POST http://localhost:58917/session/d363e01bafa04f1d3fc20bdae508d1e2/element {'using': 'xpath', 'value': '//*[@id="paymentOptions"]/div[2]/table/tbody/tr[1]/td[2]'}
DEBUG:urllib3.connectionpool:http://localhost:58917 "POST /session/d363e01bafa04f1d3fc20bdae508d1e2/element HTTP/1.1" 200 0
DEBUG:selenium.webdriver.remote.remote_connection:Remote response: status=200 | data={"value":{"element-6066-11e4-a52e-4f735466cecf":"f.D8E0C26930686CA27C0C63264715C844.d.1E090FF7B85AD7C73ECEF62E9B338870.e.18"}} | headers=HTTPHeaderDict({'Content-Length': '126', 'Content-Type': 'application/json; charset=utf-8', 'cache-control': 'no-cache'})
DEBUG:selenium.webdriver.remote.remote_connection:Finished Request
DEBUG:selenium.webdriver.remote.remote_connection:GET http://localhost:58917/session/d363e01bafa04f1d3fc20bdae508d1e2/element/f.D8E0C26930686CA27C0C63264715C844.d.1E090FF7B85AD7C73ECEF62E9B338870.e.18/text {}
DEBUG:urllib3.connectionpool:http://localhost:58917 "GET /session/d363e01bafa04f1d3fc20bdae508d1e2/element/f.D8E0C26930686CA27C0C63264715C844.d.1E090FF7B85AD7C73ECEF62E9B338870.e.18/text HTTP/1.1" 200 0
DEBUG:selenium.webdriver.remote.remote_connection:Remote response: status=200 | data={"value":"В данный момент запись невозможна."} | headers=HTTPHeaderDict({'Content-Length': '75', 'Content-Type': 'application/json; charset=utf-8', 'cache-control': 'no-cache'})
DEBUG:selenium.webdriver.remote.remote_connection:Finished Request
INFO:my_logger:Контент функции get_payment: В данный момент запись невозможна.
INFO:my_logger:Содержание функции login: None
INFO:telethon.network.mtprotosender:Disconnecting from 149.154.167.51:443/TcpFull...
DEBUG:telethon.network.mtprotosender:Closing current connection...
DEBUG:telethon.network.mtprotosender:Cancelling 0 pending message(s)...
INFO:telethon.network.mtprotosender:Disconnection from 149.154.167.51:443/TcpFull complete!
2025-11-24 14:50:04 - DEBUG - Selenium Manager binary found at: /Users/korobkin/Library/Python/3.9/lib/python/site-packages/selenium/webdriver/common/macos/selenium-manager
2025-11-24 14:50:04 - DEBUG - Executing process: /Users/korobkin/Library/Python/3.9/lib/python/site-packages/selenium/webdriver/common/macos/selenium-manager --browser chrome --debug --language-binding python --output json
2025-11-24 14:50:05 - DEBUG - chromedriver not found in PATH
2025-11-24 14:50:05 - DEBUG - chrome detected at /Applications/Google Chrome.app/Contents/MacOS/Google Chrome
2025-11-24 14:50:05 - DEBUG - Running command: /Applications/Google\ Chrome.app/Contents/MacOS/Google\ Chrome --version
2025-11-24 14:50:05 - DEBUG - Output: "Google Chrome 142.0.7444.176 "
2025-11-24 14:50:05 - DEBUG - Detected browser: chrome 142.0.7444.176
2025-11-24 14:50:05 - DEBUG - Required driver: chromedriver 142.0.7444.175
2025-11-24 14:50:05 - DEBUG - chromedriver 142.0.7444.175 already in the cache
2025-11-24 14:50:05 - DEBUG - Driver path: /Users/korobkin/.cache/selenium/chromedriver/mac-x64/142.0.7444.175/chromedriver
2025-11-24 14:50:05 - DEBUG - Browser path: /Applications/Google Chrome.app/Contents/MacOS/Google Chrome
2025-11-24 14:50:05 - DEBUG - Started executable: `/Users/korobkin/.cache/selenium/chromedriver/mac-x64/142.0.7444.175/chromedriver` in a child process with pid: 23801 using 0 to output -3
2025-11-24 14:50:05 - DEBUG - POST http://localhost:58976/session {'capabilities': {'firstMatch': [{}], 'alwaysMatch': {'browserName': 'chrome', 'pageLoadStrategy': <PageLoadStrategy.normal: 'normal'>, 'browserVersion': None, 'goog:chromeOptions': {'extensions': [], 'binary': '/Applications/Google Chrome.app/Contents/MacOS/Google Chrome', 'args': []}}}}
2025-11-24 14:50:05 - DEBUG - Starting new HTTP connection (1): localhost:58976
2025-11-24 14:50:12 - DEBUG - http://localhost:58976 "POST /session HTTP/1.1" 200 0
2025-11-24 14:50:12 - DEBUG - Remote response: status=200 | data={"value":{"capabilities":{"acceptInsecureCerts":false,"browserName":"chrome","browserVersion":"142.0.7444.176","chrome":{"chromedriverVersion":"142.0.7444.175 (302067f14a4ea3f42001580e6101fa25ed343445-refs/branch-heads/7444@{#2749})","userDataDir":"/var/folders/xq/k28hhdp52nsbf92tjy5nm6940000gn/T/.org.chromium.Chromium.scoped_dir.2vnuQ6"},"fedcm:accounts":true,"goog:chromeOptions":{"debuggerAddress":"localhost:58986"},"goog:processID":23802,"networkConnectionEnabled":false,"pageLoadStrategy":"normal","platformName":"mac","proxy":{},"setWindowRect":true,"strictFileInteractability":false,"timeouts":{"implicit":0,"pageLoad":300000,"script":30000},"unhandledPromptBehavior":"dismiss and notify","webauthn:extension:credBlob":true,"webauthn:extension:largeBlob":true,"webauthn:extension:minPinLength":true,"webauthn:extension:prf":true,"webauthn:virtualAuthenticators":true},"sessionId":"75a7749e9ca0281d799acedb2ec8aa3a"}} | headers=HTTPHeaderDict({'Content-Length': '926', 'Content-Type': 'application/json; charset=utf-8', 'cache-control': 'no-cache'})
2025-11-24 14:50:12 - DEBUG - Finished Request
2025-11-24 14:50:12 - INFO - parsing start
2025-11-24 14:50:12 - INFO - parsing start
2025-11-24 14:50:13 - DEBUG - Using selector: KqueueSelector
2025-11-24 14:50:13 - INFO - Connecting to 149.154.167.51:443/TcpFull...
2025-11-24 14:50:13 - DEBUG - Connection attempt 1...
2025-11-24 14:50:13 - DEBUG - Connection success!
2025-11-24 14:50:13 - DEBUG - Starting send loop
2025-11-24 14:50:13 - DEBUG - Starting receive loop
2025-11-24 14:50:13 - INFO - Connection to 149.154.167.51:443/TcpFull complete!
2025-11-24 14:50:13 - DEBUG - Waiting for messages to send...
2025-11-24 14:50:13 - DEBUG - Assigned msg_id = 7576288865857025728 to InvokeWithLayerRequest (11186ce50)
2025-11-24 14:50:13 - DEBUG - Encrypting 1 message(s) in 80 bytes for sending
2025-11-24 14:50:13 - DEBUG - Encrypted messages put in a queue to be sent
2025-11-24 14:50:13 - DEBUG - Waiting for messages to send...
2025-11-24 14:50:13 - DEBUG - Receiving items from the network...
2025-11-24 14:50:13 - DEBUG - Updated time offset (old offset 0, bad 7576288866303105936, good 7576288878870865921, new 3)
2025-11-24 14:50:13 - DEBUG - Handling bad salt for message 7576288865857025728
2025-11-24 14:50:13 - DEBUG - 1 message(s) will be resent
2025-11-24 14:50:13 - DEBUG - Receiving items from the network...
2025-11-24 14:50:13 - DEBUG - Assigned msg_id = 7576288879190072528 to InvokeWithLayerRequest (11186ce50)
2025-11-24 14:50:13 - DEBUG - Encrypting 1 message(s) in 80 bytes for sending
2025-11-24 14:50:13 - DEBUG - Encrypted messages put in a queue to be sent
2025-11-24 14:50:13 - DEBUG - Waiting for messages to send...
2025-11-24 14:50:13 - DEBUG - Assigned msg_id = 7576288879192592136 to MsgsAck (11186cf70)
2025-11-24 14:50:13 - DEBUG - Encrypting 1 message(s) in 36 bytes for sending
2025-11-24 14:50:13 - DEBUG - Encrypted messages put in a queue to be sent
2025-11-24 14:50:13 - DEBUG - Waiting for messages to send...
2025-11-24 14:50:13 - DEBUG - Handling container
2025-11-24 14:50:13 - DEBUG - Handling new session created
2025-11-24 14:50:13 - DEBUG - Handling acknowledge for [7576288879190072528]
2025-11-24 14:50:13 - DEBUG - Receiving items from the network...
2025-11-24 14:50:13 - DEBUG - Handling RPC result for message 7576288879190072528
2025-11-24 14:50:13 - DEBUG - Receiving items from the network...
2025-11-24 14:50:13 - DEBUG - Assigned msg_id = 7576288879405387392 to GetUsersRequest (1118db130)
2025-11-24 14:50:13 - DEBUG - Encrypting 1 message(s) in 32 bytes for sending
2025-11-24 14:50:13 - DEBUG - Encrypted messages put in a queue to be sent
2025-11-24 14:50:13 - DEBUG - Waiting for messages to send...
2025-11-24 14:50:13 - DEBUG - Assigned msg_id = 7576288879408531656 to MsgsAck (11186cee0)
2025-11-24 14:50:13 - DEBUG - Encrypting 1 message(s) in 60 bytes for sending
2025-11-24 14:50:13 - DEBUG - Encrypted messages put in a queue to be sent
2025-11-24 14:50:13 - DEBUG - Waiting for messages to send...
2025-11-24 14:50:13 - DEBUG - Handling RPC result for message 7576288879405387392
2025-11-24 14:50:13 - DEBUG - Receiving items from the network...
2025-11-24 14:50:13 - DEBUG - Assigned msg_id = 7576288879615200508 to MsgsAck (1118db310)
2025-11-24 14:50:13 - DEBUG - Encrypting 1 message(s) in 36 bytes for sending
2025-11-24 14:50:13 - DEBUG - Encrypted messages put in a queue to be sent
2025-11-24 14:50:13 - DEBUG - Waiting for messages to send...
2025-11-24 14:50:13 - DEBUG - Assigned msg_id = 7576288879617515076 to MsgsAck (11186ce50)
2025-11-24 14:50:13 - DEBUG - Encrypting 1 message(s) in 36 bytes for sending
2025-11-24 14:50:13 - DEBUG - Encrypted messages put in a queue to be sent
2025-11-24 14:50:13 - DEBUG - Waiting for messages to send...
2025-11-24 14:50:13 - DEBUG - Assigned msg_id = 7576288879620988360 to GetUsersRequest (1118db250)
2025-11-24 14:50:13 - DEBUG - Encrypting 1 message(s) in 32 bytes for sending
2025-11-24 14:50:13 - DEBUG - Encrypted messages put in a queue to be sent
2025-11-24 14:50:13 - DEBUG - Waiting for messages to send...
2025-11-24 14:50:13 - DEBUG - Handling RPC result for message 7576288879620988360
2025-11-24 14:50:13 - DEBUG - Receiving items from the network...
2025-11-24 14:50:13 - DEBUG - Assigned msg_id = 7576288879862364284 to MsgsAck (1118db520)
2025-11-24 14:50:13 - DEBUG - Encrypting 1 message(s) in 36 bytes for sending
2025-11-24 14:50:13 - DEBUG - Encrypted messages put in a queue to be sent
2025-11-24 14:50:13 - DEBUG - Waiting for messages to send...
2025-11-24 14:50:13 - DEBUG - Assigned msg_id = 7576288879863852016 to MsgsAck (1118db6a0)
2025-11-24 14:50:13 - DEBUG - Encrypting 1 message(s) in 36 bytes for sending
Please enter your phone (or bot token): Traceback (most recent call last):
  File "/Users/korobkin/Dev/1 folder/VISA_folder/visa.py", line 275, in <module>
    with client:
  File "/Users/korobkin/Library/Python/3.9/lib/python/site-packages/telethon/helpers.py", line 219, in _sync_enter
    return loop.run_until_complete(self.__aenter__())
  File "/usr/local/Cellar/python@3.9/3.9.16/Frameworks/Python.framework/Versions/3.9/lib/python3.9/asyncio/base_events.py", line 647, in run_until_complete
    return future.result()
  File "/Users/korobkin/Library/Python/3.9/lib/python/site-packages/telethon/client/auth.py", line 669, in __aenter__
    return await self.start()
  File "/Users/korobkin/Library/Python/3.9/lib/python/site-packages/telethon/client/auth.py", line 167, in _start
    value = phone()
  File "/Users/korobkin/Library/Python/3.9/lib/python/site-packages/telethon/client/auth.py", line 22, in <lambda>
    phone: typing.Union[typing.Callable[[], str], str] = lambda: input('Please enter your phone (or bot token): '),
EOFError: EOF when reading a line
2025-11-24 15:00:01 - DEBUG - Selenium Manager binary found at: /Users/korobkin/Library/Python/3.9/lib/python/site-packages/selenium/webdriver/common/macos/selenium-manager
2025-11-24 15:00:01 - DEBUG - Executing process: /Users/korobkin/Library/Python/3.9/lib/python/site-packages/selenium/webdriver/common/macos/selenium-manager --browser chrome --debug --language-binding python --output json
2025-11-24 15:00:02 - DEBUG - chromedriver not found in PATH
2025-11-24 15:00:02 - DEBUG - chrome detected at /Applications/Google Chrome.app/Contents/MacOS/Google Chrome
2025-11-24 15:00:02 - DEBUG - Running command: /Applications/Google\ Chrome.app/Contents/MacOS/Google\ Chrome --version
2025-11-24 15:00:02 - DEBUG - Output: "Google Chrome 142.0.7444.176 "
2025-11-24 15:00:02 - DEBUG - Detected browser: chrome 142.0.7444.176
2025-11-24 15:00:02 - DEBUG - Required driver: chromedriver 142.0.7444.175
2025-11-24 15:00:02 - DEBUG - chromedriver 142.0.7444.175 already in the cache
2025-11-24 15:00:02 - DEBUG - Driver path: /Users/korobkin/.cache/selenium/chromedriver/mac-x64/142.0.7444.175/chromedriver
2025-11-24 15:00:02 - DEBUG - Browser path: /Applications/Google Chrome.app/Contents/MacOS/Google Chrome
2025-11-24 15:00:02 - DEBUG - Started executable: `/Users/korobkin/.cache/selenium/chromedriver/mac-x64/142.0.7444.175/chromedriver` in a child process with pid: 24410 using 0 to output -3
2025-11-24 15:00:03 - DEBUG - POST http://localhost:59056/session {'capabilities': {'firstMatch': [{}], 'alwaysMatch': {'browserName': 'chrome', 'pageLoadStrategy': <PageLoadStrategy.normal: 'normal'>, 'browserVersion': None, 'goog:chromeOptions': {'extensions': [], 'binary': '/Applications/Google Chrome.app/Contents/MacOS/Google Chrome', 'args': []}}}}
2025-11-24 15:00:03 - DEBUG - Starting new HTTP connection (1): localhost:59056
2025-11-24 15:00:09 - DEBUG - http://localhost:59056 "POST /session HTTP/1.1" 200 0
2025-11-24 15:00:09 - DEBUG - Remote response: status=200 | data={"value":{"capabilities":{"acceptInsecureCerts":false,"browserName":"chrome","browserVersion":"142.0.7444.176","chrome":{"chromedriverVersion":"142.0.7444.175 (302067f14a4ea3f42001580e6101fa25ed343445-refs/branch-heads/7444@{#2749})","userDataDir":"/var/folders/xq/k28hhdp52nsbf92tjy5nm6940000gn/T/.org.chromium.Chromium.scoped_dir.u5SBsX"},"fedcm:accounts":true,"goog:chromeOptions":{"debuggerAddress":"localhost:59066"},"goog:processID":24411,"networkConnectionEnabled":false,"pageLoadStrategy":"normal","platformName":"mac","proxy":{},"setWindowRect":true,"strictFileInteractability":false,"timeouts":{"implicit":0,"pageLoad":300000,"script":30000},"unhandledPromptBehavior":"dismiss and notify","webauthn:extension:credBlob":true,"webauthn:extension:largeBlob":true,"webauthn:extension:minPinLength":true,"webauthn:extension:prf":true,"webauthn:virtualAuthenticators":true},"sessionId":"cb87393c9ed4452701b55c45be325b37"}} | headers=HTTPHeaderDict({'Content-Length': '926', 'Content-Type': 'application/json; charset=utf-8', 'cache-control': 'no-cache'})
2025-11-24 15:00:09 - DEBUG - Finished Request
2025-11-24 15:00:09 - INFO - parsing start
2025-11-24 15:00:09 - INFO - parsing start
2025-11-24 15:00:09 - DEBUG - Using selector: KqueueSelector
2025-11-24 15:00:09 - INFO - Connecting to 149.154.167.51:443/TcpFull...
2025-11-24 15:00:09 - DEBUG - Connection attempt 1...
2025-11-24 15:00:09 - DEBUG - Connection success!
2025-11-24 15:00:09 - DEBUG - Starting send loop
2025-11-24 15:00:09 - DEBUG - Starting receive loop
2025-11-24 15:00:09 - INFO - Connection to 149.154.167.51:443/TcpFull complete!
2025-11-24 15:00:09 - DEBUG - Waiting for messages to send...
2025-11-24 15:00:09 - DEBUG - Assigned msg_id = 7576291426977262992 to InvokeWithLayerRequest (10736ee20)
2025-11-24 15:00:09 - DEBUG - Encrypting 1 message(s) in 80 bytes for sending
2025-11-24 15:00:09 - DEBUG - Encrypted messages put in a queue to be sent
2025-11-24 15:00:09 - DEBUG - Waiting for messages to send...
2025-11-24 15:00:09 - DEBUG - Receiving items from the network...
2025-11-24 15:00:09 - DEBUG - Updated time offset (old offset 0, bad 7576291427037025948, good 7576291439602932737, new 3)
2025-11-24 15:00:09 - DEBUG - Handling bad salt for message 7576291426977262992
2025-11-24 15:00:09 - DEBUG - 1 message(s) will be resent
2025-11-24 15:00:09 - DEBUG - Receiving items from the network...
2025-11-24 15:00:09 - DEBUG - Assigned msg_id = 7576291439925400164 to InvokeWithLayerRequest (10736ee20)
2025-11-24 15:00:09 - DEBUG - Encrypting 1 message(s) in 80 bytes for sending
2025-11-24 15:00:09 - DEBUG - Encrypted messages put in a queue to be sent
2025-11-24 15:00:09 - DEBUG - Waiting for messages to send...
2025-11-24 15:00:09 - DEBUG - Assigned msg_id = 7576291439928287892 to MsgsAck (10736ef40)
2025-11-24 15:00:09 - DEBUG - Encrypting 1 message(s) in 36 bytes for sending
2025-11-24 15:00:09 - DEBUG - Encrypted messages put in a queue to be sent
2025-11-24 15:00:09 - DEBUG - Waiting for messages to send...
2025-11-24 15:00:09 - DEBUG - Handling container
2025-11-24 15:00:09 - DEBUG - Handling new session created
2025-11-24 15:00:09 - DEBUG - Handling acknowledge for [7576291439925400164]
2025-11-24 15:00:09 - DEBUG - Receiving items from the network...
2025-11-24 15:00:09 - DEBUG - Handling RPC result for message 7576291439925400164
2025-11-24 15:00:09 - DEBUG - Receiving items from the network...
2025-11-24 15:00:09 - DEBUG - Assigned msg_id = 7576291440522579576 to GetUsersRequest (1073e00d0)
2025-11-24 15:00:09 - DEBUG - Encrypting 1 message(s) in 32 bytes for sending
2025-11-24 15:00:09 - DEBUG - Encrypted messages put in a queue to be sent
2025-11-24 15:00:09 - DEBUG - Waiting for messages to send...
2025-11-24 15:00:09 - DEBUG - Assigned msg_id = 7576291440524292376 to MsgsAck (10736eeb0)
2025-11-24 15:00:09 - DEBUG - Encrypting 1 message(s) in 60 bytes for sending
2025-11-24 15:00:09 - DEBUG - Encrypted messages put in a queue to be sent
2025-11-24 15:00:09 - DEBUG - Waiting for messages to send...
2025-11-24 15:00:09 - DEBUG - Handling RPC result for message 7576291440522579576
2025-11-24 15:00:09 - DEBUG - Receiving items from the network...
2025-11-24 15:00:09 - DEBUG - Assigned msg_id = 7576291441186308292 to MsgsAck (1073e02e0)
2025-11-24 15:00:09 - DEBUG - Encrypting 1 message(s) in 36 bytes for sending
2025-11-24 15:00:09 - DEBUG - Encrypted messages put in a queue to be sent
2025-11-24 15:00:09 - DEBUG - Waiting for messages to send...
2025-11-24 15:00:09 - DEBUG - Assigned msg_id = 7576291441187917140 to MsgsAck (10736ee20)
2025-11-24 15:00:09 - DEBUG - Encrypting 1 message(s) in 36 bytes for sending
2025-11-24 15:00:09 - DEBUG - Encrypted messages put in a queue to be sent
2025-11-24 15:00:09 - DEBUG - Waiting for messages to send...
2025-11-24 15:00:09 - DEBUG - Assigned msg_id = 7576291441192332652 to GetUsersRequest (1073e0220)
2025-11-24 15:00:09 - DEBUG - Encrypting 1 message(s) in 32 bytes for sending
2025-11-24 15:00:09 - DEBUG - Encrypted messages put in a queue to be sent
2025-11-24 15:00:09 - DEBUG - Waiting for messages to send...
2025-11-24 15:00:10 - DEBUG - Handling RPC result for message 7576291441192332652
2025-11-24 15:00:10 - DEBUG - Receiving items from the network...
2025-11-24 15:00:10 - DEBUG - Assigned msg_id = 7576291442435611752 to MsgsAck (1073e04f0)
2025-11-24 15:00:10 - DEBUG - Encrypting 1 message(s) in 36 bytes for sending
2025-11-24 15:00:10 - DEBUG - Encrypted messages put in a queue to be sent
2025-11-24 15:00:10 - DEBUG - Waiting for messages to send...
2025-11-24 15:00:10 - DEBUG - Assigned msg_id = 7576291442437503844 to MsgsAck (1073e0670)
2025-11-24 15:00:10 - DEBUG - Encrypting 1 message(s) in 36 bytes for sending
Please enter your phone (or bot token): Traceback (most recent call last):
  File "/Users/korobkin/Dev/1 folder/VISA_folder/visa.py", line 275, in <module>
    with client:
  File "/Users/korobkin/Library/Python/3.9/lib/python/site-packages/telethon/helpers.py", line 219, in _sync_enter
    return loop.run_until_complete(self.__aenter__())
  File "/usr/local/Cellar/python@3.9/3.9.16/Frameworks/Python.framework/Versions/3.9/lib/python3.9/asyncio/base_events.py", line 647, in run_until_complete
    return future.result()
  File "/Users/korobkin/Library/Python/3.9/lib/python/site-packages/telethon/client/auth.py", line 669, in __aenter__
    return await self.start()
  File "/Users/korobkin/Library/Python/3.9/lib/python/site-packages/telethon/client/auth.py", line 167, in _start
    value = phone()
  File "/Users/korobkin/Library/Python/3.9/lib/python/site-packages/telethon/client/auth.py", line 22, in <lambda>
    phone: typing.Union[typing.Callable[[], str], str] = lambda: input('Please enter your phone (or bot token): '),
EOFError: EOF when reading a line
DEBUG:selenium.webdriver.common.selenium_manager:Selenium Manager binary found at: /Users/korobkin/Library/Python/3.9/lib/python/site-packages/selenium/webdriver/common/macos/selenium-manager
DEBUG:selenium.webdriver.common.selenium_manager:Executing process: /Users/korobkin/Library/Python/3.9/lib/python/site-packages/selenium/webdriver/common/macos/selenium-manager --browser chrome --debug --language-binding python --output json
DEBUG:selenium.webdriver.common.selenium_manager:chromedriver not found in PATH
DEBUG:selenium.webdriver.common.selenium_manager:chrome detected at /Applications/Google Chrome.app/Contents/MacOS/Google Chrome
DEBUG:selenium.webdriver.common.selenium_manager:Running command: /Applications/Google\ Chrome.app/Contents/MacOS/Google\ Chrome --version
DEBUG:selenium.webdriver.common.selenium_manager:Output: "Google Chrome 142.0.7444.176 "
DEBUG:selenium.webdriver.common.selenium_manager:Detected browser: chrome 142.0.7444.176
DEBUG:selenium.webdriver.common.selenium_manager:Required driver: chromedriver 142.0.7444.175
DEBUG:selenium.webdriver.common.selenium_manager:chromedriver 142.0.7444.175 already in the cache
DEBUG:selenium.webdriver.common.selenium_manager:Driver path: /Users/korobkin/.cache/selenium/chromedriver/mac-x64/142.0.7444.175/chromedriver
DEBUG:selenium.webdriver.common.selenium_manager:Browser path: /Applications/Google Chrome.app/Contents/MacOS/Google Chrome
DEBUG:selenium.webdriver.common.service:Started executable: `/Users/korobkin/.cache/selenium/chromedriver/mac-x64/142.0.7444.175/chromedriver` in a child process with pid: 25098 using 0 to output -3
DEBUG:selenium.webdriver.remote.remote_connection:POST http://localhost:59127/session {'capabilities': {'firstMatch': [{}], 'alwaysMatch': {'browserName': 'chrome', 'pageLoadStrategy': <PageLoadStrategy.normal: 'normal'>, 'browserVersion': None, 'goog:chromeOptions': {'extensions': [], 'binary': '/Applications/Google Chrome.app/Contents/MacOS/Google Chrome', 'args': []}}}}
DEBUG:urllib3.connectionpool:Starting new HTTP connection (1): localhost:59127
DEBUG:urllib3.connectionpool:http://localhost:59127 "POST /session HTTP/1.1" 200 0
DEBUG:selenium.webdriver.remote.remote_connection:Remote response: status=200 | data={"value":{"capabilities":{"acceptInsecureCerts":false,"browserName":"chrome","browserVersion":"142.0.7444.176","chrome":{"chromedriverVersion":"142.0.7444.175 (302067f14a4ea3f42001580e6101fa25ed343445-refs/branch-heads/7444@{#2749})","userDataDir":"/var/folders/xq/k28hhdp52nsbf92tjy5nm6940000gn/T/.org.chromium.Chromium.scoped_dir.m94oWn"},"fedcm:accounts":true,"goog:chromeOptions":{"debuggerAddress":"localhost:59138"},"goog:processID":25100,"networkConnectionEnabled":false,"pageLoadStrategy":"normal","platformName":"mac","proxy":{},"setWindowRect":true,"strictFileInteractability":false,"timeouts":{"implicit":0,"pageLoad":300000,"script":30000},"unhandledPromptBehavior":"dismiss and notify","webauthn:extension:credBlob":true,"webauthn:extension:largeBlob":true,"webauthn:extension:minPinLength":true,"webauthn:extension:prf":true,"webauthn:virtualAuthenticators":true},"sessionId":"1f87127fea8839dbd89cd05b60ed730f"}} | headers=HTTPHeaderDict({'Content-Length': '926', 'Content-Type': 'application/json; charset=utf-8', 'cache-control': 'no-cache'})
DEBUG:selenium.webdriver.remote.remote_connection:Finished Request
INFO:my_logger:parsing start
DEBUG:asyncio:Using selector: KqueueSelector
INFO:telethon.network.mtprotosender:Connecting to 149.154.167.51:443/TcpFull...
DEBUG:telethon.network.mtprotosender:Connection attempt 1...
DEBUG:telethon.network.mtprotosender:Connection success!
DEBUG:telethon.network.mtprotosender:Starting send loop
DEBUG:telethon.network.mtprotosender:Starting receive loop
INFO:telethon.network.mtprotosender:Connection to 149.154.167.51:443/TcpFull complete!
DEBUG:telethon.network.mtprotosender:Waiting for messages to send...
DEBUG:telethon.extensions.messagepacker:Assigned msg_id = 7576293785442199656 to InvokeWithLayerRequest (10e6e72e0)
DEBUG:telethon.network.mtprotosender:Encrypting 1 message(s) in 80 bytes for sending
DEBUG:telethon.network.mtprotosender:Encrypted messages put in a queue to be sent
DEBUG:telethon.network.mtprotosender:Waiting for messages to send...
DEBUG:telethon.network.mtprotosender:Receiving items from the network...
DEBUG:telethon.network.mtprotostate:Updated time offset (old offset 0, bad 7576293786396476696, good 7576293798067007489, new 3)
DEBUG:telethon.network.mtprotosender:Handling bad salt for message 7576293785442199656
DEBUG:telethon.network.mtprotosender:1 message(s) will be resent
DEBUG:telethon.network.mtprotosender:Receiving items from the network...
DEBUG:telethon.extensions.messagepacker:Assigned msg_id = 7576293799284437972 to InvokeWithLayerRequest (10e6e72e0)
DEBUG:telethon.network.mtprotosender:Encrypting 1 message(s) in 80 bytes for sending
DEBUG:telethon.network.mtprotosender:Encrypted messages put in a queue to be sent
DEBUG:telethon.network.mtprotosender:Waiting for messages to send...
DEBUG:telethon.extensions.messagepacker:Assigned msg_id = 7576293799287629920 to MsgsAck (10e6e7400)
DEBUG:telethon.network.mtprotosender:Encrypting 1 message(s) in 36 bytes for sending
DEBUG:telethon.network.mtprotosender:Encrypted messages put in a queue to be sent
DEBUG:telethon.network.mtprotosender:Waiting for messages to send...
DEBUG:telethon.network.mtprotosender:Handling container
DEBUG:telethon.network.mtprotosender:Handling new session created
DEBUG:telethon.network.mtprotosender:Handling acknowledge for [7576293799284437972]
DEBUG:telethon.network.mtprotosender:Receiving items from the network...
DEBUG:telethon.network.mtprotosender:Handling RPC result for message 7576293799284437972
DEBUG:telethon.network.mtprotosender:Receiving items from the network...
DEBUG:telethon.extensions.messagepacker:Assigned msg_id = 7576293799444138364 to GetUsersRequest (10e6e7b80)
DEBUG:telethon.network.mtprotosender:Encrypting 1 message(s) in 32 bytes for sending
DEBUG:telethon.network.mtprotosender:Encrypted messages put in a queue to be sent
DEBUG:telethon.network.mtprotosender:Waiting for messages to send...
DEBUG:telethon.extensions.messagepacker:Assigned msg_id = 7576293799446617916 to MsgsAck (10e6e7370)
DEBUG:telethon.network.mtprotosender:Encrypting 1 message(s) in 60 bytes for sending
DEBUG:telethon.network.mtprotosender:Encrypted messages put in a queue to be sent
DEBUG:telethon.network.mtprotosender:Waiting for messages to send...
DEBUG:telethon.network.mtprotosender:Handling RPC result for message 7576293799444138364
DEBUG:telethon.network.mtprotosender:Receiving items from the network...
DEBUG:telethon.extensions.messagepacker:Assigned msg_id = 7576293799627830344 to GetStateRequest (10e6e7b80)
DEBUG:telethon.network.mtprotosender:Encrypting 1 message(s) in 20 bytes for sending
DEBUG:telethon.network.mtprotosender:Encrypted messages put in a queue to be sent
DEBUG:telethon.network.mtprotosender:Waiting for messages to send...
DEBUG:telethon.extensions.messagepacker:Assigned msg_id = 7576293799632737952 to MsgsAck (10e67af40)
DEBUG:telethon.network.mtprotosender:Encrypting 1 message(s) in 36 bytes for sending
DEBUG:telethon.network.mtprotosender:Encrypted messages put in a queue to be sent
DEBUG:telethon.network.mtprotosender:Waiting for messages to send...
DEBUG:telethon.network.mtprotosender:Handling RPC result for message 7576293799627830344
DEBUG:telethon.network.mtprotosender:Receiving items from the network...
DEBUG:telethon.extensions.messagepacker:Assigned msg_id = 7576293799738357380 to GetDifferenceRequest (10d47da90)
DEBUG:telethon.network.mtprotosender:Encrypting 1 message(s) in 36 bytes for sending
DEBUG:telethon.network.mtprotosender:Encrypted messages put in a queue to be sent
DEBUG:telethon.network.mtprotosender:Waiting for messages to send...
DEBUG:telethon.extensions.messagepacker:Assigned msg_id = 7576293799740837888 to MsgsAck (10e6e78e0)
DEBUG:telethon.network.mtprotosender:Encrypting 1 message(s) in 36 bytes for sending
DEBUG:telethon.network.mtprotosender:Encrypted messages put in a queue to be sent
DEBUG:telethon.network.mtprotosender:Waiting for messages to send...
DEBUG:telethon.network.mtprotosender:Handling RPC result for message 7576293799738357380
DEBUG:telethon.network.mtprotosender:Receiving items from the network...
DEBUG:telethon.extensions.messagepacker:Assigned msg_id = 7576293799852281408 to GetUsersRequest (10e6e7e20)
DEBUG:telethon.network.mtprotosender:Encrypting 1 message(s) in 32 bytes for sending
DEBUG:telethon.network.mtprotosender:Encrypted messages put in a queue to be sent
DEBUG:telethon.network.mtprotosender:Waiting for messages to send...
DEBUG:telethon.extensions.messagepacker:Assigned msg_id = 7576293800156836944 to MsgsAck (10e6e7b50)
DEBUG:telethon.network.mtprotosender:Encrypting 1 message(s) in 36 bytes for sending
DEBUG:telethon.network.mtprotosender:Encrypted messages put in a queue to be sent
DEBUG:telethon.network.mtprotosender:Waiting for messages to send...
DEBUG:telethon.network.mtprotosender:Handling RPC result for message 7576293799852281408
DEBUG:telethon.network.mtprotosender:Receiving items from the network...
INFO:my_logger:login start
DEBUG:selenium.webdriver.remote.remote_connection:POST http://localhost:59127/session/1f87127fea8839dbd89cd05b60ed730f/url {'url': 'https://ais.usvisa-info.com/ru-kz/niv/users/sign_in'}
DEBUG:urllib3.connectionpool:http://localhost:59127 "POST /session/1f87127fea8839dbd89cd05b60ed730f/url HTTP/1.1" 200 0
DEBUG:selenium.webdriver.remote.remote_connection:Remote response: status=200 | data={"value":null} | headers=HTTPHeaderDict({'Content-Length': '14', 'Content-Type': 'application/json; charset=utf-8', 'cache-control': 'no-cache'})
DEBUG:selenium.webdriver.remote.remote_connection:Finished Request
DEBUG:selenium.webdriver.remote.remote_connection:POST http://localhost:59127/session/1f87127fea8839dbd89cd05b60ed730f/element {'using': 'css selector', 'value': '[id="user_email"]'}
DEBUG:urllib3.connectionpool:http://localhost:59127 "POST /session/1f87127fea8839dbd89cd05b60ed730f/element HTTP/1.1" 200 0
DEBUG:selenium.webdriver.remote.remote_connection:Remote response: status=200 | data={"value":{"element-6066-11e4-a52e-4f735466cecf":"f.681C32BBD8D8D2EB5A4F0318D02DFA00.d.4AAE6B0C4883171B3A2A723231535187.e.4"}} | headers=HTTPHeaderDict({'Content-Length': '125', 'Content-Type': 'application/json; charset=utf-8', 'cache-control': 'no-cache'})
DEBUG:selenium.webdriver.remote.remote_connection:Finished Request
DEBUG:selenium.webdriver.remote.remote_connection:POST http://localhost:59127/session/1f87127fea8839dbd89cd05b60ed730f/element/f.681C32BBD8D8D2EB5A4F0318D02DFA00.d.4AAE6B0C4883171B3A2A723231535187.e.4/value {'text': 'doner66@gmail.com', 'value': ['d', 'o', 'n', 'e', 'r', '6', '6', '@', 'g', 'm', 'a', 'i', 'l', '.', 'c', 'o', 'm']}
DEBUG:urllib3.connectionpool:http://localhost:59127 "POST /session/1f87127fea8839dbd89cd05b60ed730f/element/f.681C32BBD8D8D2EB5A4F0318D02DFA00.d.4AAE6B0C4883171B3A2A723231535187.e.4/value HTTP/1.1" 200 0
DEBUG:selenium.webdriver.remote.remote_connection:Remote response: status=200 | data={"value":null} | headers=HTTPHeaderDict({'Content-Length': '14', 'Content-Type': 'application/json; charset=utf-8', 'cache-control': 'no-cache'})
DEBUG:selenium.webdriver.remote.remote_connection:Finished Request
DEBUG:telethon.network.mtprotosender:Handling update UpdateShort
DEBUG:telethon.network.mtprotosender:Receiving items from the network...
DEBUG:selenium.webdriver.remote.remote_connection:POST http://localhost:59127/session/1f87127fea8839dbd89cd05b60ed730f/element {'using': 'css selector', 'value': '[id="user_password"]'}
DEBUG:urllib3.connectionpool:http://localhost:59127 "POST /session/1f87127fea8839dbd89cd05b60ed730f/element HTTP/1.1" 200 0
DEBUG:selenium.webdriver.remote.remote_connection:Remote response: status=200 | data={"value":{"element-6066-11e4-a52e-4f735466cecf":"f.681C32BBD8D8D2EB5A4F0318D02DFA00.d.4AAE6B0C4883171B3A2A723231535187.e.5"}} | headers=HTTPHeaderDict({'Content-Length': '125', 'Content-Type': 'application/json; charset=utf-8', 'cache-control': 'no-cache'})
DEBUG:selenium.webdriver.remote.remote_connection:Finished Request
DEBUG:selenium.webdriver.remote.remote_connection:POST http://localhost:59127/session/1f87127fea8839dbd89cd05b60ed730f/element/f.681C32BBD8D8D2EB5A4F0318D02DFA00.d.4AAE6B0C4883171B3A2A723231535187.e.5/value {'text': 'Al89086307525Zx!', 'value': ['A', 'l', '8', '9', '0', '8', '6', '3', '0', '7', '5', '2', '5', 'Z', 'x', '!']}
DEBUG:telethon.network.mtprotosender:Handling update UpdateShort
DEBUG:telethon.network.mtprotosender:Receiving items from the network...
DEBUG:urllib3.connectionpool:http://localhost:59127 "POST /session/1f87127fea8839dbd89cd05b60ed730f/element/f.681C32BBD8D8D2EB5A4F0318D02DFA00.d.4AAE6B0C4883171B3A2A723231535187.e.5/value HTTP/1.1" 200 0
DEBUG:selenium.webdriver.remote.remote_connection:Remote response: status=200 | data={"value":null} | headers=HTTPHeaderDict({'Content-Length': '14', 'Content-Type': 'application/json; charset=utf-8', 'cache-control': 'no-cache'})
DEBUG:selenium.webdriver.remote.remote_connection:Finished Request
DEBUG:selenium.webdriver.remote.remote_connection:POST http://localhost:59127/session/1f87127fea8839dbd89cd05b60ed730f/element {'using': 'css selector', 'value': '.icheckbox'}
DEBUG:urllib3.connectionpool:http://localhost:59127 "POST /session/1f87127fea8839dbd89cd05b60ed730f/element HTTP/1.1" 200 0
DEBUG:selenium.webdriver.remote.remote_connection:Remote response: status=200 | data={"value":{"element-6066-11e4-a52e-4f735466cecf":"f.681C32BBD8D8D2EB5A4F0318D02DFA00.d.4AAE6B0C4883171B3A2A723231535187.e.33"}} | headers=HTTPHeaderDict({'Content-Length': '126', 'Content-Type': 'application/json; charset=utf-8', 'cache-control': 'no-cache'})
DEBUG:selenium.webdriver.remote.remote_connection:Finished Request
DEBUG:selenium.webdriver.remote.remote_connection:POST http://localhost:59127/session/1f87127fea8839dbd89cd05b60ed730f/element/f.681C32BBD8D8D2EB5A4F0318D02DFA00.d.4AAE6B0C4883171B3A2A723231535187.e.33/click {}
DEBUG:urllib3.connectionpool:http://localhost:59127 "POST /session/1f87127fea8839dbd89cd05b60ed730f/element/f.681C32BBD8D8D2EB5A4F0318D02DFA00.d.4AAE6B0C4883171B3A2A723231535187.e.33/click HTTP/1.1" 200 0
DEBUG:selenium.webdriver.remote.remote_connection:Remote response: status=200 | data={"value":null} | headers=HTTPHeaderDict({'Content-Length': '14', 'Content-Type': 'application/json; charset=utf-8', 'cache-control': 'no-cache'})
DEBUG:selenium.webdriver.remote.remote_connection:Finished Request
DEBUG:telethon.network.mtprotosender:Handling update UpdateShort
DEBUG:telethon.network.mtprotosender:Receiving items from the network...
DEBUG:telethon.network.mtprotosender:Handling update Updates
DEBUG:telethon.network.mtprotosender:Receiving items from the network...
DEBUG:telethon.network.mtprotosender:Handling update Updates
DEBUG:telethon.network.mtprotosender:Receiving items from the network...
DEBUG:selenium.webdriver.remote.remote_connection:POST http://localhost:59127/session/1f87127fea8839dbd89cd05b60ed730f/element {'using': 'css selector', 'value': '[name="commit"]'}
DEBUG:urllib3.connectionpool:http://localhost:59127 "POST /session/1f87127fea8839dbd89cd05b60ed730f/element HTTP/1.1" 200 0
DEBUG:selenium.webdriver.remote.remote_connection:Remote response: status=200 | data={"value":{"element-6066-11e4-a52e-4f735466cecf":"f.681C32BBD8D8D2EB5A4F0318D02DFA00.d.4AAE6B0C4883171B3A2A723231535187.e.9"}} | headers=HTTPHeaderDict({'Content-Length': '125', 'Content-Type': 'application/json; charset=utf-8', 'cache-control': 'no-cache'})
DEBUG:selenium.webdriver.remote.remote_connection:Finished Request
DEBUG:selenium.webdriver.remote.remote_connection:POST http://localhost:59127/session/1f87127fea8839dbd89cd05b60ed730f/element/f.681C32BBD8D8D2EB5A4F0318D02DFA00.d.4AAE6B0C4883171B3A2A723231535187.e.9/click {}
DEBUG:urllib3.connectionpool:http://localhost:59127 "POST /session/1f87127fea8839dbd89cd05b60ed730f/element/f.681C32BBD8D8D2EB5A4F0318D02DFA00.d.4AAE6B0C4883171B3A2A723231535187.e.9/click HTTP/1.1" 200 0
DEBUG:selenium.webdriver.remote.remote_connection:Remote response: status=200 | data={"value":null} | headers=HTTPHeaderDict({'Content-Length': '14', 'Content-Type': 'application/json; charset=utf-8', 'cache-control': 'no-cache'})
DEBUG:selenium.webdriver.remote.remote_connection:Finished Request
DEBUG:selenium.webdriver.remote.remote_connection:POST http://localhost:59127/session/1f87127fea8839dbd89cd05b60ed730f/url {'url': 'https://ais.usvisa-info.com/ru-kz/niv/schedule/71354735/payment'}
DEBUG:urllib3.connectionpool:http://localhost:59127 "POST /session/1f87127fea8839dbd89cd05b60ed730f/url HTTP/1.1" 200 0
DEBUG:selenium.webdriver.remote.remote_connection:Remote response: status=200 | data={"value":null} | headers=HTTPHeaderDict({'Content-Length': '14', 'Content-Type': 'application/json; charset=utf-8', 'cache-control': 'no-cache'})
DEBUG:selenium.webdriver.remote.remote_connection:Finished Request
DEBUG:selenium.webdriver.remote.remote_connection:POST http://localhost:59127/session/1f87127fea8839dbd89cd05b60ed730f/element {'using': 'xpath', 'value': '//*[@id="paymentOptions"]/div[2]/table/tbody/tr[1]/td[2]'}
DEBUG:urllib3.connectionpool:http://localhost:59127 "POST /session/1f87127fea8839dbd89cd05b60ed730f/element HTTP/1.1" 200 0
DEBUG:selenium.webdriver.remote.remote_connection:Remote response: status=200 | data={"value":{"element-6066-11e4-a52e-4f735466cecf":"f.681C32BBD8D8D2EB5A4F0318D02DFA00.d.35CE83C3DFBC9EB7C0DFDC1001D94198.e.53"}} | headers=HTTPHeaderDict({'Content-Length': '126', 'Content-Type': 'application/json; charset=utf-8', 'cache-control': 'no-cache'})
DEBUG:selenium.webdriver.remote.remote_connection:Finished Request
DEBUG:selenium.webdriver.remote.remote_connection:GET http://localhost:59127/session/1f87127fea8839dbd89cd05b60ed730f/element/f.681C32BBD8D8D2EB5A4F0318D02DFA00.d.35CE83C3DFBC9EB7C0DFDC1001D94198.e.53/text {}
DEBUG:urllib3.connectionpool:http://localhost:59127 "GET /session/1f87127fea8839dbd89cd05b60ed730f/element/f.681C32BBD8D8D2EB5A4F0318D02DFA00.d.35CE83C3DFBC9EB7C0DFDC1001D94198.e.53/text HTTP/1.1" 200 0
DEBUG:selenium.webdriver.remote.remote_connection:Remote response: status=200 | data={"value":"В данный момент запись невозможна."} | headers=HTTPHeaderDict({'Content-Length': '75', 'Content-Type': 'application/json; charset=utf-8', 'cache-control': 'no-cache'})
DEBUG:selenium.webdriver.remote.remote_connection:Finished Request
INFO:my_logger:Контент функции get_payment: В данный момент запись невозможна.
INFO:my_logger:Содержание функции login: None
INFO:my_logger:login start
WARNING:telethon.network.mtprotostate:Server sent a very old message with ID 7576293886752412673, ignoring (see FAQ for details)
DEBUG:selenium.webdriver.remote.remote_connection:POST http://localhost:59127/session/1f87127fea8839dbd89cd05b60ed730f/url {'url': 'https://ais.usvisa-info.com/ru-kz/niv/users/sign_in'}
DEBUG:telethon.network.mtprotosender:Receiving items from the network...
DEBUG:urllib3.connectionpool:http://localhost:59127 "POST /session/1f87127fea8839dbd89cd05b60ed730f/url HTTP/1.1" 200 0
DEBUG:selenium.webdriver.remote.remote_connection:Remote response: status=200 | data={"value":null} | headers=HTTPHeaderDict({'Content-Length': '14', 'Content-Type': 'application/json; charset=utf-8', 'cache-control': 'no-cache'})
DEBUG:selenium.webdriver.remote.remote_connection:Finished Request
WARNING:telethon.network.mtprotostate:Server sent a very old message with ID 7576293985096070145, ignoring (see FAQ for details)
DEBUG:telethon.network.mtprotosender:Receiving items from the network...
DEBUG:telethon.extensions.messagepacker:Assigned msg_id = 7576296460070709036 to PingRequest (10e6e7a00)
DEBUG:telethon.network.mtprotosender:Encrypting 1 message(s) in 28 bytes for sending
DEBUG:telethon.network.mtprotosender:Encrypted messages put in a queue to be sent
DEBUG:telethon.network.mtprotosender:Waiting for messages to send...
DEBUG:telethon.extensions.messagepacker:Assigned msg_id = 7576296460074077416 to MsgsAck (10e708160)
DEBUG:telethon.network.mtprotosender:Encrypting 1 message(s) in 76 bytes for sending
WARNING:telethon.network.mtprotostate:Server sent a very old message with ID 7576294017337477121, ignoring (see FAQ for details)
DEBUG:telethon.network.mtprotosender:Receiving items from the network...
DEBUG:telethon.network.mtprotosender:Encrypted messages put in a queue to be sent
DEBUG:telethon.network.mtprotosender:Waiting for messages to send...
INFO:telethon.network.connection.connection:The server closed the connection while sending
WARNING:telethon.network.mtprotostate:Server sent a very old message with ID 7576294044796464129, ignoring (see FAQ for details)
DEBUG:telethon.network.mtprotosender:Receiving items from the network...
INFO:telethon.network.mtprotosender:Connection closed while receiving data: Not connected
INFO:telethon.network.mtprotosender:Closing current connection to begin reconnect...
INFO:telethon.network.connection.connection:<class 'BrokenPipeError'> during disconnect: [Errno 32] Broken pipe
INFO:telethon.network.mtprotosender:Connecting to 149.154.167.51:443/TcpFull...
DEBUG:telethon.network.mtprotosender:Connection attempt 1...
DEBUG:telethon.network.mtprotosender:Connection success!
DEBUG:telethon.network.mtprotosender:Starting send loop
DEBUG:telethon.network.mtprotosender:Starting receive loop
INFO:telethon.network.mtprotosender:Connection to 149.154.167.51:443/TcpFull complete!
DEBUG:telethon.network.mtprotosender:Waiting for messages to send...
DEBUG:telethon.extensions.messagepacker:Assigned msg_id = 7576296461405293272 to PingRequest (10e6e7a00)
DEBUG:telethon.network.mtprotosender:Encrypting 1 message(s) in 28 bytes for sending
DEBUG:telethon.network.mtprotosender:Encrypted messages put in a queue to be sent
DEBUG:telethon.network.mtprotosender:Waiting for messages to send...
DEBUG:telethon.network.mtprotosender:Receiving items from the network...
DEBUG:telethon.extensions.messagepacker:Assigned msg_id = 7576296461409453200 to GetUsersRequest (10e708d90)
DEBUG:telethon.network.mtprotosender:Encrypting 1 message(s) in 32 bytes for sending
DEBUG:telethon.network.mtprotosender:Encrypted messages put in a queue to be sent
DEBUG:telethon.network.mtprotosender:Waiting for messages to send...
WARNING:telethon.network.mtprotosender:Security error while unpacking a received message: Server replied with a wrong session ID (see FAQ for details)
DEBUG:telethon.network.mtprotosender:Receiving items from the network...
DEBUG:telethon.network.mtprotosender:Handling container
DEBUG:telethon.network.mtprotosender:Handling new session created
DEBUG:telethon.network.mtprotosender:Handling pong for message 7576296461405293272
DEBUG:telethon.network.mtprotosender:Receiving items from the network...
DEBUG:telethon.network.mtprotosender:Handling RPC result for message 7576296461409453200
DEBUG:telethon.network.mtprotosender:Receiving items from the network...
DEBUG:selenium.webdriver.remote.remote_connection:POST http://localhost:59127/session/1f87127fea8839dbd89cd05b60ed730f/element {'using': 'css selector', 'value': '[id="user_email"]'}
DEBUG:urllib3.connectionpool:http://localhost:59127 "POST /session/1f87127fea8839dbd89cd05b60ed730f/element HTTP/1.1" 404 0
DEBUG:selenium.webdriver.remote.remote_connection:Remote response: status=404 | data={"value":{"error":"no such window","message":"no such window: target window already closed\nfrom unknown error: web view not found\n  (Session info: chrome=142.0.7444.176)","stacktrace":"0   chromedriver                        0x0000000106c13698 chromedriver + 6153880\n1   chromedriver                        0x0000000106c0ab6a chromedriver + 6118250\n2   chromedriver                        0x000000010669fa5b chromedriver + 436827\n3   chromedriver                        0x0000000106673cf0 chromedriver + 257264\n4   chromedriver                        0x0000000106720e08 chromedriver + 966152\n5   chromedriver                        0x000000010674069c chromedriver + 1095324\n6   chromedriver                        0x00000001066e4b6f chromedriver + 719727\n7   chromedriver                        0x00000001066e5871 chromedriver + 723057\n8   chromedriver                        0x0000000106bd0011 chromedriver + 5877777\n9   chromedriver                        0x0000000106bd44c2 chromedriver + 5895362\n10  chromedriver                        0x0000000106bac155 chromedriver + 5730645\n11  chromedriver                        0x0000000106bd4f6f chromedriver + 5898095\n12  chromedriver                        0x0000000106b9bdc4 chromedriver + 5664196\n13  chromedriver                        0x0000000106bf7b48 chromedriver + 6040392\n14  chromedriver                        0x0000000106bf7d0d chromedriver + 6040845\n15  chromedriver                        0x0000000106c0a751 chromedriver + 6117201\n16  libsystem_pthread.dylib             0x00007ff8063411d3 _pthread_start + 125\n17  libsystem_pthread.dylib             0x00007ff80633cbd3 thread_start + 15\n"}} | headers=HTTPHeaderDict({'Content-Length': '1672', 'Content-Type': 'application/json; charset=utf-8', 'cache-control': 'no-cache'})
DEBUG:selenium.webdriver.remote.remote_connection:Finished Request
INFO:telethon.network.mtprotosender:Disconnecting from 149.154.167.51:443/TcpFull...
DEBUG:telethon.network.mtprotosender:Closing current connection...
DEBUG:telethon.network.mtprotosender:Cancelling 0 pending message(s)...
INFO:telethon.network.mtprotosender:Disconnection from 149.154.167.51:443/TcpFull complete!
DEBUG:selenium.webdriver.common.selenium_manager:Selenium Manager binary found at: /Users/korobkin/Library/Python/3.9/lib/python/site-packages/selenium/webdriver/common/macos/selenium-manager
DEBUG:selenium.webdriver.common.selenium_manager:Executing process: /Users/korobkin/Library/Python/3.9/lib/python/site-packages/selenium/webdriver/common/macos/selenium-manager --browser chrome --debug --language-binding python --output json
DEBUG:selenium.webdriver.common.selenium_manager:Sending stats to Plausible: Props { browser: "chrome", browser_version: "", os: "macos", arch: "x86_64", lang: "python", selenium_version: "4.36" }
DEBUG:selenium.webdriver.common.selenium_manager:chromedriver not found in PATH
DEBUG:selenium.webdriver.common.selenium_manager:chrome detected at /Applications/Google Chrome.app/Contents/MacOS/Google Chrome
DEBUG:selenium.webdriver.common.selenium_manager:Running command: /Applications/Google\ Chrome.app/Contents/MacOS/Google\ Chrome --version
DEBUG:selenium.webdriver.common.selenium_manager:Output: "Google Chrome 142.0.7444.176 "
DEBUG:selenium.webdriver.common.selenium_manager:Detected browser: chrome 142.0.7444.176
DEBUG:selenium.webdriver.common.selenium_manager:Discovering versions from https://googlechromelabs.github.io/chrome-for-testing/known-good-versions-with-downloads.json
DEBUG:selenium.webdriver.common.selenium_manager:Required driver: chromedriver 142.0.7444.175
DEBUG:selenium.webdriver.common.selenium_manager:chromedriver 142.0.7444.175 already in the cache
DEBUG:selenium.webdriver.common.selenium_manager:Driver path: /Users/korobkin/.cache/selenium/chromedriver/mac-x64/142.0.7444.175/chromedriver
DEBUG:selenium.webdriver.common.selenium_manager:Browser path: /Applications/Google Chrome.app/Contents/MacOS/Google Chrome
DEBUG:selenium.webdriver.common.service:Started executable: `/Users/korobkin/.cache/selenium/chromedriver/mac-x64/142.0.7444.175/chromedriver` in a child process with pid: 34404 using 0 to output -3
DEBUG:selenium.webdriver.remote.remote_connection:POST http://localhost:61297/session {'capabilities': {'firstMatch': [{}], 'alwaysMatch': {'browserName': 'chrome', 'pageLoadStrategy': <PageLoadStrategy.normal: 'normal'>, 'browserVersion': None, 'goog:chromeOptions': {'extensions': [], 'binary': '/Applications/Google Chrome.app/Contents/MacOS/Google Chrome', 'args': []}}}}
DEBUG:urllib3.connectionpool:Starting new HTTP connection (1): localhost:61297
DEBUG:urllib3.connectionpool:http://localhost:61297 "POST /session HTTP/1.1" 200 0
DEBUG:selenium.webdriver.remote.remote_connection:Remote response: status=200 | data={"value":{"capabilities":{"acceptInsecureCerts":false,"browserName":"chrome","browserVersion":"142.0.7444.176","chrome":{"chromedriverVersion":"142.0.7444.175 (302067f14a4ea3f42001580e6101fa25ed343445-refs/branch-heads/7444@{#2749})","userDataDir":"/var/folders/xq/k28hhdp52nsbf92tjy5nm6940000gn/T/.org.chromium.Chromium.scoped_dir.ugjIHr"},"fedcm:accounts":true,"goog:chromeOptions":{"debuggerAddress":"localhost:61310"},"goog:processID":34407,"networkConnectionEnabled":false,"pageLoadStrategy":"normal","platformName":"mac","proxy":{},"setWindowRect":true,"strictFileInteractability":false,"timeouts":{"implicit":0,"pageLoad":300000,"script":30000},"unhandledPromptBehavior":"dismiss and notify","webauthn:extension:credBlob":true,"webauthn:extension:largeBlob":true,"webauthn:extension:minPinLength":true,"webauthn:extension:prf":true,"webauthn:virtualAuthenticators":true},"sessionId":"2902d7b5d66ef8f45cc464694e325602"}} | headers=HTTPHeaderDict({'Content-Length': '926', 'Content-Type': 'application/json; charset=utf-8', 'cache-control': 'no-cache'})
DEBUG:selenium.webdriver.remote.remote_connection:Finished Request
INFO:my_logger:parsing start
DEBUG:asyncio:Using selector: KqueueSelector
INFO:telethon.network.mtprotosender:Connecting to 149.154.167.51:443/TcpFull...
DEBUG:telethon.network.mtprotosender:Connection attempt 1...
DEBUG:telethon.network.mtprotosender:Connection success!
DEBUG:telethon.network.mtprotosender:Starting send loop
DEBUG:telethon.network.mtprotosender:Starting receive loop
INFO:telethon.network.mtprotosender:Connection to 149.154.167.51:443/TcpFull complete!
DEBUG:telethon.network.mtprotosender:Waiting for messages to send...
DEBUG:telethon.extensions.messagepacker:Assigned msg_id = 7576685259894411932 to InvokeWithLayerRequest (10e51c100)
DEBUG:telethon.network.mtprotosender:Encrypting 1 message(s) in 80 bytes for sending
DEBUG:telethon.network.mtprotosender:Encrypted messages put in a queue to be sent
DEBUG:telethon.network.mtprotosender:Waiting for messages to send...
DEBUG:telethon.network.mtprotosender:Receiving items from the network...
DEBUG:telethon.network.mtprotostate:Updated time offset (old offset 0, bad 7576685259990864644, good 7576685270848357377, new 3)
DEBUG:telethon.network.mtprotosender:Handling bad salt for message 7576685259894411932
DEBUG:telethon.network.mtprotosender:1 message(s) will be resent
DEBUG:telethon.network.mtprotosender:Receiving items from the network...
DEBUG:telethon.extensions.messagepacker:Assigned msg_id = 7576685272878618972 to InvokeWithLayerRequest (10e51c100)
DEBUG:telethon.network.mtprotosender:Encrypting 1 message(s) in 80 bytes for sending
DEBUG:telethon.network.mtprotosender:Encrypted messages put in a queue to be sent
DEBUG:telethon.network.mtprotosender:Waiting for messages to send...
DEBUG:telethon.extensions.messagepacker:Assigned msg_id = 7576685272881246344 to MsgsAck (10e51c220)
DEBUG:telethon.network.mtprotosender:Encrypting 1 message(s) in 36 bytes for sending
DEBUG:telethon.network.mtprotosender:Encrypted messages put in a queue to be sent
DEBUG:telethon.network.mtprotosender:Waiting for messages to send...
DEBUG:telethon.network.mtprotosender:Handling container
DEBUG:telethon.network.mtprotosender:Handling new session created
DEBUG:telethon.network.mtprotosender:Handling acknowledge for [7576685272878618972]
DEBUG:telethon.network.mtprotosender:Receiving items from the network...
DEBUG:telethon.network.mtprotosender:Handling RPC result for message 7576685272878618972
DEBUG:telethon.network.mtprotosender:Receiving items from the network...
DEBUG:telethon.extensions.messagepacker:Assigned msg_id = 7576685273053134696 to GetUsersRequest (10e51ca30)
DEBUG:telethon.network.mtprotosender:Encrypting 1 message(s) in 32 bytes for sending
DEBUG:telethon.network.mtprotosender:Encrypted messages put in a queue to be sent
DEBUG:telethon.network.mtprotosender:Waiting for messages to send...
DEBUG:telethon.extensions.messagepacker:Assigned msg_id = 7576685273055145996 to MsgsAck (10e51c190)
DEBUG:telethon.network.mtprotosender:Encrypting 1 message(s) in 60 bytes for sending
DEBUG:telethon.network.mtprotosender:Encrypted messages put in a queue to be sent
DEBUG:telethon.network.mtprotosender:Waiting for messages to send...
DEBUG:telethon.network.mtprotosender:Handling RPC result for message 7576685273053134696
DEBUG:telethon.network.mtprotosender:Receiving items from the network...
DEBUG:telethon.extensions.messagepacker:Assigned msg_id = 7576685273224430816 to GetStateRequest (10e51ca30)
DEBUG:telethon.network.mtprotosender:Encrypting 1 message(s) in 20 bytes for sending
DEBUG:telethon.network.mtprotosender:Encrypted messages put in a queue to be sent
DEBUG:telethon.network.mtprotosender:Waiting for messages to send...
DEBUG:telethon.extensions.messagepacker:Assigned msg_id = 7576685273227850692 to MsgsAck (10e51c700)
DEBUG:telethon.network.mtprotosender:Encrypting 1 message(s) in 36 bytes for sending
DEBUG:telethon.network.mtprotosender:Encrypted messages put in a queue to be sent
DEBUG:telethon.network.mtprotosender:Waiting for messages to send...
DEBUG:telethon.network.mtprotosender:Handling RPC result for message 7576685273224430816
DEBUG:telethon.network.mtprotosender:Receiving items from the network...
DEBUG:telethon.extensions.messagepacker:Assigned msg_id = 7576685273613545796 to GetDifferenceRequest (10d2a8a90)
DEBUG:telethon.network.mtprotosender:Encrypting 1 message(s) in 36 bytes for sending
DEBUG:telethon.network.mtprotosender:Encrypted messages put in a queue to be sent
DEBUG:telethon.network.mtprotosender:Waiting for messages to send...
DEBUG:telethon.extensions.messagepacker:Assigned msg_id = 7576685273616705316 to MsgsAck (10e51c760)
DEBUG:telethon.network.mtprotosender:Encrypting 1 message(s) in 36 bytes for sending
DEBUG:telethon.network.mtprotosender:Encrypted messages put in a queue to be sent
DEBUG:telethon.network.mtprotosender:Waiting for messages to send...
DEBUG:telethon.network.mtprotosender:Handling RPC result for message 7576685273613545796
DEBUG:telethon.network.mtprotosender:Receiving items from the network...
DEBUG:telethon.extensions.messagepacker:Assigned msg_id = 7576685273739453692 to GetUsersRequest (10e51c9d0)
DEBUG:telethon.network.mtprotosender:Encrypting 1 message(s) in 32 bytes for sending
DEBUG:telethon.network.mtprotosender:Encrypted messages put in a queue to be sent
DEBUG:telethon.network.mtprotosender:Waiting for messages to send...
DEBUG:telethon.extensions.messagepacker:Assigned msg_id = 7576685273742785832 to MsgsAck (10e51ca00)
DEBUG:telethon.network.mtprotosender:Encrypting 1 message(s) in 36 bytes for sending
DEBUG:telethon.network.mtprotosender:Encrypted messages put in a queue to be sent
DEBUG:telethon.network.mtprotosender:Waiting for messages to send...
DEBUG:telethon.network.mtprotosender:Handling RPC result for message 7576685273739453692
DEBUG:telethon.network.mtprotosender:Receiving items from the network...
INFO:my_logger:login start
DEBUG:selenium.webdriver.remote.remote_connection:POST http://localhost:61297/session/2902d7b5d66ef8f45cc464694e325602/url {'url': 'https://ais.usvisa-info.com/ru-kz/niv/users/sign_in'}
DEBUG:telethon.network.mtprotosender:Handling update UpdateShort
DEBUG:telethon.network.mtprotosender:Receiving items from the network...
DEBUG:urllib3.connectionpool:http://localhost:61297 "POST /session/2902d7b5d66ef8f45cc464694e325602/url HTTP/1.1" 200 0
DEBUG:selenium.webdriver.remote.remote_connection:Remote response: status=200 | data={"value":null} | headers=HTTPHeaderDict({'Content-Length': '14', 'Content-Type': 'application/json; charset=utf-8', 'cache-control': 'no-cache'})
DEBUG:selenium.webdriver.remote.remote_connection:Finished Request
DEBUG:selenium.webdriver.remote.remote_connection:POST http://localhost:61297/session/2902d7b5d66ef8f45cc464694e325602/element {'using': 'css selector', 'value': '[id="user_email"]'}
DEBUG:urllib3.connectionpool:http://localhost:61297 "POST /session/2902d7b5d66ef8f45cc464694e325602/element HTTP/1.1" 200 0
DEBUG:selenium.webdriver.remote.remote_connection:Remote response: status=200 | data={"value":{"element-6066-11e4-a52e-4f735466cecf":"f.46BADBA0F1BBE9F07994E8F7819A6F0D.d.99305D1718D9FA8E79977BC284BCC0F0.e.2"}} | headers=HTTPHeaderDict({'Content-Length': '125', 'Content-Type': 'application/json; charset=utf-8', 'cache-control': 'no-cache'})
DEBUG:selenium.webdriver.remote.remote_connection:Finished Request
DEBUG:selenium.webdriver.remote.remote_connection:POST http://localhost:61297/session/2902d7b5d66ef8f45cc464694e325602/element/f.46BADBA0F1BBE9F07994E8F7819A6F0D.d.99305D1718D9FA8E79977BC284BCC0F0.e.2/value {'text': 'doner66@gmail.com', 'value': ['d', 'o', 'n', 'e', 'r', '6', '6', '@', 'g', 'm', 'a', 'i', 'l', '.', 'c', 'o', 'm']}
DEBUG:telethon.network.mtprotosender:Handling container
DEBUG:telethon.network.mtprotosender:Handling update UpdateShort
DEBUG:telethon.network.mtprotosender:Handling update Updates
DEBUG:telethon.network.mtprotosender:Receiving items from the network...
DEBUG:urllib3.connectionpool:http://localhost:61297 "POST /session/2902d7b5d66ef8f45cc464694e325602/element/f.46BADBA0F1BBE9F07994E8F7819A6F0D.d.99305D1718D9FA8E79977BC284BCC0F0.e.2/value HTTP/1.1" 200 0
DEBUG:selenium.webdriver.remote.remote_connection:Remote response: status=200 | data={"value":null} | headers=HTTPHeaderDict({'Content-Length': '14', 'Content-Type': 'application/json; charset=utf-8', 'cache-control': 'no-cache'})
DEBUG:selenium.webdriver.remote.remote_connection:Finished Request
DEBUG:telethon.network.mtprotosender:Handling update UpdateShort
DEBUG:telethon.network.mtprotosender:Receiving items from the network...
DEBUG:selenium.webdriver.remote.remote_connection:POST http://localhost:61297/session/2902d7b5d66ef8f45cc464694e325602/element {'using': 'css selector', 'value': '[id="user_password"]'}
DEBUG:urllib3.connectionpool:http://localhost:61297 "POST /session/2902d7b5d66ef8f45cc464694e325602/element HTTP/1.1" 200 0
DEBUG:selenium.webdriver.remote.remote_connection:Remote response: status=200 | data={"value":{"element-6066-11e4-a52e-4f735466cecf":"f.46BADBA0F1BBE9F07994E8F7819A6F0D.d.99305D1718D9FA8E79977BC284BCC0F0.e.3"}} | headers=HTTPHeaderDict({'Content-Length': '125', 'Content-Type': 'application/json; charset=utf-8', 'cache-control': 'no-cache'})
DEBUG:selenium.webdriver.remote.remote_connection:Finished Request
DEBUG:selenium.webdriver.remote.remote_connection:POST http://localhost:61297/session/2902d7b5d66ef8f45cc464694e325602/element/f.46BADBA0F1BBE9F07994E8F7819A6F0D.d.99305D1718D9FA8E79977BC284BCC0F0.e.3/value {'text': 'Al89086307525Zx!', 'value': ['A', 'l', '8', '9', '0', '8', '6', '3', '0', '7', '5', '2', '5', 'Z', 'x', '!']}
DEBUG:urllib3.connectionpool:http://localhost:61297 "POST /session/2902d7b5d66ef8f45cc464694e325602/element/f.46BADBA0F1BBE9F07994E8F7819A6F0D.d.99305D1718D9FA8E79977BC284BCC0F0.e.3/value HTTP/1.1" 200 0
DEBUG:selenium.webdriver.remote.remote_connection:Remote response: status=200 | data={"value":null} | headers=HTTPHeaderDict({'Content-Length': '14', 'Content-Type': 'application/json; charset=utf-8', 'cache-control': 'no-cache'})
DEBUG:selenium.webdriver.remote.remote_connection:Finished Request
DEBUG:selenium.webdriver.remote.remote_connection:POST http://localhost:61297/session/2902d7b5d66ef8f45cc464694e325602/element {'using': 'css selector', 'value': '.icheckbox'}
DEBUG:urllib3.connectionpool:http://localhost:61297 "POST /session/2902d7b5d66ef8f45cc464694e325602/element HTTP/1.1" 200 0
DEBUG:selenium.webdriver.remote.remote_connection:Remote response: status=200 | data={"value":{"element-6066-11e4-a52e-4f735466cecf":"f.46BADBA0F1BBE9F07994E8F7819A6F0D.d.99305D1718D9FA8E79977BC284BCC0F0.e.14"}} | headers=HTTPHeaderDict({'Content-Length': '126', 'Content-Type': 'application/json; charset=utf-8', 'cache-control': 'no-cache'})
DEBUG:selenium.webdriver.remote.remote_connection:Finished Request
DEBUG:selenium.webdriver.remote.remote_connection:POST http://localhost:61297/session/2902d7b5d66ef8f45cc464694e325602/element/f.46BADBA0F1BBE9F07994E8F7819A6F0D.d.99305D1718D9FA8E79977BC284BCC0F0.e.14/click {}
DEBUG:urllib3.connectionpool:http://localhost:61297 "POST /session/2902d7b5d66ef8f45cc464694e325602/element/f.46BADBA0F1BBE9F07994E8F7819A6F0D.d.99305D1718D9FA8E79977BC284BCC0F0.e.14/click HTTP/1.1" 200 0
DEBUG:selenium.webdriver.remote.remote_connection:Remote response: status=200 | data={"value":null} | headers=HTTPHeaderDict({'Content-Length': '14', 'Content-Type': 'application/json; charset=utf-8', 'cache-control': 'no-cache'})
DEBUG:selenium.webdriver.remote.remote_connection:Finished Request
DEBUG:selenium.webdriver.remote.remote_connection:POST http://localhost:61297/session/2902d7b5d66ef8f45cc464694e325602/element {'using': 'css selector', 'value': '[name="commit"]'}
DEBUG:urllib3.connectionpool:http://localhost:61297 "POST /session/2902d7b5d66ef8f45cc464694e325602/element HTTP/1.1" 200 0
DEBUG:selenium.webdriver.remote.remote_connection:Remote response: status=200 | data={"value":{"element-6066-11e4-a52e-4f735466cecf":"f.46BADBA0F1BBE9F07994E8F7819A6F0D.d.99305D1718D9FA8E79977BC284BCC0F0.e.7"}} | headers=HTTPHeaderDict({'Content-Length': '125', 'Content-Type': 'application/json; charset=utf-8', 'cache-control': 'no-cache'})
DEBUG:selenium.webdriver.remote.remote_connection:Finished Request
DEBUG:selenium.webdriver.remote.remote_connection:POST http://localhost:61297/session/2902d7b5d66ef8f45cc464694e325602/element/f.46BADBA0F1BBE9F07994E8F7819A6F0D.d.99305D1718D9FA8E79977BC284BCC0F0.e.7/click {}
DEBUG:urllib3.connectionpool:http://localhost:61297 "POST /session/2902d7b5d66ef8f45cc464694e325602/element/f.46BADBA0F1BBE9F07994E8F7819A6F0D.d.99305D1718D9FA8E79977BC284BCC0F0.e.7/click HTTP/1.1" 200 0
DEBUG:selenium.webdriver.remote.remote_connection:Remote response: status=200 | data={"value":null} | headers=HTTPHeaderDict({'Content-Length': '14', 'Content-Type': 'application/json; charset=utf-8', 'cache-control': 'no-cache'})
DEBUG:selenium.webdriver.remote.remote_connection:Finished Request
DEBUG:telethon.network.mtprotosender:Handling container
DEBUG:telethon.network.mtprotosender:Handling update UpdateShort
DEBUG:telethon.network.mtprotosender:Handling update UpdateShort
DEBUG:telethon.network.mtprotosender:Receiving items from the network...
DEBUG:selenium.webdriver.remote.remote_connection:POST http://localhost:61297/session/2902d7b5d66ef8f45cc464694e325602/url {'url': 'https://ais.usvisa-info.com/ru-kz/niv/schedule/71354735/payment'}
DEBUG:urllib3.connectionpool:http://localhost:61297 "POST /session/2902d7b5d66ef8f45cc464694e325602/url HTTP/1.1" 200 0
DEBUG:selenium.webdriver.remote.remote_connection:Remote response: status=200 | data={"value":null} | headers=HTTPHeaderDict({'Content-Length': '14', 'Content-Type': 'application/json; charset=utf-8', 'cache-control': 'no-cache'})
DEBUG:selenium.webdriver.remote.remote_connection:Finished Request
DEBUG:selenium.webdriver.remote.remote_connection:POST http://localhost:61297/session/2902d7b5d66ef8f45cc464694e325602/element {'using': 'xpath', 'value': '//*[@id="paymentOptions"]/div[2]/table/tbody/tr[1]/td[2]'}
DEBUG:urllib3.connectionpool:http://localhost:61297 "POST /session/2902d7b5d66ef8f45cc464694e325602/element HTTP/1.1" 200 0
DEBUG:selenium.webdriver.remote.remote_connection:Remote response: status=200 | data={"value":{"element-6066-11e4-a52e-4f735466cecf":"f.46BADBA0F1BBE9F07994E8F7819A6F0D.d.6AECC55161655FC0618F6D04466B2845.e.20"}} | headers=HTTPHeaderDict({'Content-Length': '126', 'Content-Type': 'application/json; charset=utf-8', 'cache-control': 'no-cache'})
DEBUG:selenium.webdriver.remote.remote_connection:Finished Request
DEBUG:selenium.webdriver.remote.remote_connection:GET http://localhost:61297/session/2902d7b5d66ef8f45cc464694e325602/element/f.46BADBA0F1BBE9F07994E8F7819A6F0D.d.6AECC55161655FC0618F6D04466B2845.e.20/text {}
DEBUG:urllib3.connectionpool:http://localhost:61297 "GET /session/2902d7b5d66ef8f45cc464694e325602/element/f.46BADBA0F1BBE9F07994E8F7819A6F0D.d.6AECC55161655FC0618F6D04466B2845.e.20/text HTTP/1.1" 200 0
DEBUG:selenium.webdriver.remote.remote_connection:Remote response: status=200 | data={"value":"В данный момент запись невозможна."} | headers=HTTPHeaderDict({'Content-Length': '75', 'Content-Type': 'application/json; charset=utf-8', 'cache-control': 'no-cache'})
DEBUG:selenium.webdriver.remote.remote_connection:Finished Request
INFO:my_logger:Контент функции get_payment: В данный момент запись невозможна.
INFO:my_logger:Содержание функции login: None
INFO:my_logger:login start
DEBUG:selenium.webdriver.remote.remote_connection:POST http://localhost:61297/session/2902d7b5d66ef8f45cc464694e325602/url {'url': 'https://ais.usvisa-info.com/ru-kz/niv/users/sign_in'}
WARNING:telethon.network.mtprotostate:Server sent a very old message with ID 7576685421497251841, ignoring (see FAQ for details)
DEBUG:telethon.network.mtprotosender:Receiving items from the network...
WARNING:telethon.network.mtprotostate:Server sent a very old message with ID 7576685455177273345, ignoring (see FAQ for details)
DEBUG:telethon.network.mtprotosender:Receiving items from the network...
DEBUG:telethon.extensions.messagepacker:Assigned msg_id = 7576732894495680860 to PingRequest (10e51cc40)
DEBUG:telethon.network.mtprotosender:Encrypting 1 message(s) in 28 bytes for sending
DEBUG:telethon.network.mtprotosender:Encrypted messages put in a queue to be sent
DEBUG:telethon.network.mtprotosender:Waiting for messages to send...
DEBUG:telethon.extensions.messagepacker:Assigned msg_id = 7576732894549595884 to MsgsAck (10e4a9fd0)
DEBUG:telethon.network.mtprotosender:Encrypting 1 message(s) in 100 bytes for sending
WARNING:telethon.network.mtprotostate:Server sent a very old message with ID 7576685460309587969, ignoring (see FAQ for details)
DEBUG:telethon.network.mtprotosender:Receiving items from the network...
DEBUG:telethon.network.mtprotosender:Encrypted messages put in a queue to be sent
DEBUG:telethon.network.mtprotosender:Waiting for messages to send...
WARNING:telethon.network.mtprotostate:Server sent a very old message with ID 7576685476484113409, ignoring (see FAQ for details)
DEBUG:telethon.network.mtprotosender:Receiving items from the network...
WARNING:telethon.network.mtprotostate:Server sent a very old message with ID 7576685588844703745, ignoring (see FAQ for details)
DEBUG:telethon.network.mtprotosender:Receiving items from the network...
WARNING:telethon.network.mtprotostate:Server sent a very old message with ID 7576685624166390785, ignoring (see FAQ for details)
DEBUG:telethon.network.mtprotosender:Receiving items from the network...
WARNING:telethon.network.mtprotostate:Server sent a very old message with ID 7576685641160428545, ignoring (see FAQ for details)
DEBUG:telethon.network.mtprotosender:Receiving items from the network...
WARNING:telethon.network.mtprotostate:Server sent a very old message with ID 7576685651976554497, ignoring (see FAQ for details)
DEBUG:telethon.network.mtprotosender:Receiving items from the network...
WARNING:telethon.network.mtprotostate:Server sent a very old message with ID 7576685667053332481, ignoring (see FAQ for details)
DEBUG:telethon.network.mtprotosender:Receiving items from the network...
WARNING:telethon.network.mtprotostate:Server sent a very old message with ID 7576685668446430209, ignoring (see FAQ for details)
WARNING:telethon.network.mtprotosender:Security error while unpacking a received message: Too many messages had to be ignored consecutively
DEBUG:telethon.network.mtprotosender:Receiving items from the network...
WARNING:telethon.network.mtprotostate:Server sent a very old message with ID 7576685678130662401, ignoring (see FAQ for details)
WARNING:telethon.network.mtprotosender:Security error while unpacking a received message: Too many messages had to be ignored consecutively
DEBUG:telethon.network.mtprotosender:Receiving items from the network...
WARNING:telethon.network.mtprotostate:Server sent a very old message with ID 7576685682215144449, ignoring (see FAQ for details)
WARNING:telethon.network.mtprotosender:Security error while unpacking a received message: Too many messages had to be ignored consecutively
DEBUG:telethon.network.mtprotosender:Receiving items from the network...
WARNING:telethon.network.mtprotostate:Server sent a very old message with ID 7576685711714032641, ignoring (see FAQ for details)
WARNING:telethon.network.mtprotosender:Security error while unpacking a received message: Too many messages had to be ignored consecutively
DEBUG:telethon.network.mtprotosender:Receiving items from the network...
WARNING:telethon.network.mtprotostate:Server sent a very old message with ID 7576685719310299137, ignoring (see FAQ for details)
WARNING:telethon.network.mtprotosender:Security error while unpacking a received message: Too many messages had to be ignored consecutively
DEBUG:telethon.network.mtprotosender:Receiving items from the network...
WARNING:telethon.network.mtprotostate:Server sent a very old message with ID 7576685726542989313, ignoring (see FAQ for details)
WARNING:telethon.network.mtprotosender:Security error while unpacking a received message: Too many messages had to be ignored consecutively
DEBUG:telethon.network.mtprotosender:Receiving items from the network...
WARNING:telethon.network.mtprotostate:Server sent a very old message with ID 7576685747658869761, ignoring (see FAQ for details)
WARNING:telethon.network.mtprotosender:Security error while unpacking a received message: Too many messages had to be ignored consecutively
DEBUG:telethon.network.mtprotosender:Receiving items from the network...
WARNING:telethon.network.mtprotostate:Server sent a very old message with ID 7576685754090956801, ignoring (see FAQ for details)
WARNING:telethon.network.mtprotosender:Security error while unpacking a received message: Too many messages had to be ignored consecutively
DEBUG:telethon.network.mtprotosender:Receiving items from the network...
WARNING:telethon.network.mtprotostate:Server sent a very old message with ID 7576685755124702209, ignoring (see FAQ for details)
WARNING:telethon.network.mtprotosender:Security error while unpacking a received message: Too many messages had to be ignored consecutively
DEBUG:telethon.network.mtprotosender:Receiving items from the network...
WARNING:telethon.network.mtprotostate:Server sent a very old message with ID 7576685772012489729, ignoring (see FAQ for details)
WARNING:telethon.network.mtprotosender:Security error while unpacking a received message: Too many messages had to be ignored consecutively
DEBUG:telethon.network.mtprotosender:Receiving items from the network...
WARNING:telethon.network.mtprotostate:Server sent a very old message with ID 7576685772752520193, ignoring (see FAQ for details)
WARNING:telethon.network.mtprotosender:Security error while unpacking a received message: Too many messages had to be ignored consecutively
DEBUG:telethon.network.mtprotosender:Receiving items from the network...
WARNING:telethon.network.mtprotostate:Server sent a very old message with ID 7576685772762105857, ignoring (see FAQ for details)
WARNING:telethon.network.mtprotosender:Security error while unpacking a received message: Too many messages had to be ignored consecutively
DEBUG:telethon.network.mtprotosender:Receiving items from the network...
WARNING:telethon.network.mtprotostate:Server sent a very old message with ID 7576685772786501633, ignoring (see FAQ for details)
WARNING:telethon.network.mtprotosender:Security error while unpacking a received message: Too many messages had to be ignored consecutively
DEBUG:telethon.network.mtprotosender:Receiving items from the network...
WARNING:telethon.network.mtprotostate:Server sent a very old message with ID 7576685773604583425, ignoring (see FAQ for details)
WARNING:telethon.network.mtprotosender:Security error while unpacking a received message: Too many messages had to be ignored consecutively
DEBUG:telethon.network.mtprotosender:Receiving items from the network...
WARNING:telethon.network.mtprotostate:Server sent a very old message with ID 7576685774504570881, ignoring (see FAQ for details)
WARNING:telethon.network.mtprotosender:Security error while unpacking a received message: Too many messages had to be ignored consecutively
DEBUG:telethon.network.mtprotosender:Receiving items from the network...
WARNING:telethon.network.mtprotostate:Server sent a very old message with ID 7576685775116872705, ignoring (see FAQ for details)
WARNING:telethon.network.mtprotosender:Security error while unpacking a received message: Too many messages had to be ignored consecutively
DEBUG:telethon.network.mtprotosender:Receiving items from the network...
WARNING:telethon.network.mtprotostate:Server sent a very old message with ID 7576685775330713601, ignoring (see FAQ for details)
WARNING:telethon.network.mtprotosender:Security error while unpacking a received message: Too many messages had to be ignored consecutively
DEBUG:telethon.network.mtprotosender:Receiving items from the network...
WARNING:telethon.network.mtprotostate:Server sent a very old message with ID 7576685789169398785, ignoring (see FAQ for details)
WARNING:telethon.network.mtprotosender:Security error while unpacking a received message: Too many messages had to be ignored consecutively
DEBUG:telethon.network.mtprotosender:Receiving items from the network...
WARNING:telethon.network.mtprotostate:Server sent a very old message with ID 7576685795888512001, ignoring (see FAQ for details)
WARNING:telethon.network.mtprotosender:Security error while unpacking a received message: Too many messages had to be ignored consecutively
DEBUG:telethon.network.mtprotosender:Receiving items from the network...
WARNING:telethon.network.mtprotostate:Server sent a very old message with ID 7576685863072759809, ignoring (see FAQ for details)
WARNING:telethon.network.mtprotosender:Security error while unpacking a received message: Too many messages had to be ignored consecutively
DEBUG:telethon.network.mtprotosender:Receiving items from the network...
WARNING:telethon.network.mtprotostate:Server sent a very old message with ID 7576685880717337601, ignoring (see FAQ for details)
WARNING:telethon.network.mtprotosender:Security error while unpacking a received message: Too many messages had to be ignored consecutively
DEBUG:telethon.network.mtprotosender:Receiving items from the network...
WARNING:telethon.network.mtprotostate:Server sent a very old message with ID 7576685908037282817, ignoring (see FAQ for details)
WARNING:telethon.network.mtprotosender:Security error while unpacking a received message: Too many messages had to be ignored consecutively
DEBUG:telethon.network.mtprotosender:Receiving items from the network...
WARNING:telethon.network.mtprotostate:Server sent a very old message with ID 7576685909572920321, ignoring (see FAQ for details)
WARNING:telethon.network.mtprotosender:Security error while unpacking a received message: Too many messages had to be ignored consecutively
DEBUG:telethon.network.mtprotosender:Receiving items from the network...
WARNING:telethon.network.mtprotostate:Server sent a very old message with ID 7576685950374013953, ignoring (see FAQ for details)
WARNING:telethon.network.mtprotosender:Security error while unpacking a received message: Too many messages had to be ignored consecutively
DEBUG:telethon.network.mtprotosender:Receiving items from the network...
WARNING:telethon.network.mtprotostate:Server sent a very old message with ID 7576685977075112961, ignoring (see FAQ for details)
WARNING:telethon.network.mtprotosender:Security error while unpacking a received message: Too many messages had to be ignored consecutively
DEBUG:telethon.network.mtprotosender:Receiving items from the network...
WARNING:telethon.network.mtprotostate:Server sent a very old message with ID 7576686111539770369, ignoring (see FAQ for details)
WARNING:telethon.network.mtprotosender:Security error while unpacking a received message: Too many messages had to be ignored consecutively
DEBUG:telethon.network.mtprotosender:Receiving items from the network...
WARNING:telethon.network.mtprotostate:Server sent a very old message with ID 7576686111539770373, ignoring (see FAQ for details)
WARNING:telethon.network.mtprotosender:Security error while unpacking a received message: Too many messages had to be ignored consecutively
DEBUG:telethon.network.mtprotosender:Receiving items from the network...
WARNING:telethon.network.mtprotostate:Server sent a very old message with ID 7576686111539770377, ignoring (see FAQ for details)
WARNING:telethon.network.mtprotosender:Security error while unpacking a received message: Too many messages had to be ignored consecutively
DEBUG:telethon.network.mtprotosender:Receiving items from the network...
WARNING:telethon.network.mtprotostate:Server sent a very old message with ID 7576686128814593025, ignoring (see FAQ for details)
WARNING:telethon.network.mtprotosender:Security error while unpacking a received message: Too many messages had to be ignored consecutively
DEBUG:telethon.network.mtprotosender:Receiving items from the network...
WARNING:telethon.network.mtprotostate:Server sent a very old message with ID 7576686152957893633, ignoring (see FAQ for details)
WARNING:telethon.network.mtprotosender:Security error while unpacking a received message: Too many messages had to be ignored consecutively
DEBUG:telethon.network.mtprotosender:Receiving items from the network...
WARNING:telethon.network.mtprotostate:Server sent a very old message with ID 7576686156154132481, ignoring (see FAQ for details)
WARNING:telethon.network.mtprotosender:Security error while unpacking a received message: Too many messages had to be ignored consecutively
DEBUG:telethon.network.mtprotosender:Receiving items from the network...
WARNING:telethon.network.mtprotostate:Server sent a very old message with ID 7576686161331087361, ignoring (see FAQ for details)
WARNING:telethon.network.mtprotosender:Security error while unpacking a received message: Too many messages had to be ignored consecutively
DEBUG:telethon.network.mtprotosender:Receiving items from the network...
WARNING:telethon.network.mtprotostate:Server sent a very old message with ID 7576686163207949313, ignoring (see FAQ for details)
WARNING:telethon.network.mtprotosender:Security error while unpacking a received message: Too many messages had to be ignored consecutively
DEBUG:telethon.network.mtprotosender:Receiving items from the network...
WARNING:telethon.network.mtprotostate:Server sent a very old message with ID 7576686199859025921, ignoring (see FAQ for details)
WARNING:telethon.network.mtprotosender:Security error while unpacking a received message: Too many messages had to be ignored consecutively
DEBUG:telethon.network.mtprotosender:Receiving items from the network...
DEBUG:urllib3.connectionpool:http://localhost:61297 "POST /session/2902d7b5d66ef8f45cc464694e325602/url HTTP/1.1" 404 0
DEBUG:selenium.webdriver.remote.remote_connection:Remote response: status=404 | data={"value":{"error":"invalid session id","message":"invalid session id: session deleted as the browser has closed the connection\nfrom disconnected: not connected to DevTools\n  (Session info: chrome=142.0.7444.176)","stacktrace":"0   chromedriver                        0x000000010e61d698 chromedriver + 6153880\n1   chromedriver                        0x000000010e614b6a chromedriver + 6118250\n2   chromedriver                        0x000000010e0a9a5b chromedriver + 436827\n3   chromedriver                        0x000000010e09008d chromedriver + 331917\n4   chromedriver                        0x000000010e0b8afb chromedriver + 498427\n5   chromedriver                        0x000000010e12b00f chromedriver + 966671\n6   chromedriver                        0x000000010e14a69c chromedriver + 1095324\n7   chromedriver                        0x000000010e0eeb6f chromedriver + 719727\n8   chromedriver                        0x000000010e0ef871 chromedriver + 723057\n9   chromedriver                        0x000000010e5da011 chromedriver + 5877777\n10  chromedriver                        0x000000010e5de4c2 chromedriver + 5895362\n11  chromedriver                        0x000000010e5b6155 chromedriver + 5730645\n12  chromedriver                        0x000000010e5def6f chromedriver + 5898095\n13  chromedriver                        0x000000010e5a5dc4 chromedriver + 5664196\n14  chromedriver                        0x000000010e601b48 chromedriver + 6040392\n15  chromedriver                        0x000000010e601d0d chromedriver + 6040845\n16  chromedriver                        0x000000010e614751 chromedriver + 6117201\n17  libsystem_pthread.dylib             0x00007ff8063411d3 _pthread_start + 125\n18  libsystem_pthread.dylib             0x00007ff80633cbd3 thread_start + 15\n"}} | headers=HTTPHeaderDict({'Content-Length': '1796', 'Content-Type': 'application/json; charset=utf-8', 'cache-control': 'no-cache'})
DEBUG:selenium.webdriver.remote.remote_connection:Finished Request
INFO:telethon.network.mtprotosender:Disconnecting from 149.154.167.51:443/TcpFull...
DEBUG:telethon.network.mtprotosender:Closing current connection...
DEBUG:telethon.network.mtprotosender:Cancelling 1 pending message(s)...
INFO:telethon.network.mtprotosender:Disconnection from 149.154.167.51:443/TcpFull complete!
DEBUG:selenium.webdriver.common.selenium_manager:Selenium Manager binary found at: /Users/korobkin/Library/Python/3.9/lib/python/site-packages/selenium/webdriver/common/macos/selenium-manager
DEBUG:selenium.webdriver.common.selenium_manager:Executing process: /Users/korobkin/Library/Python/3.9/lib/python/site-packages/selenium/webdriver/common/macos/selenium-manager --browser chrome --debug --language-binding python --output json
DEBUG:selenium.webdriver.common.selenium_manager:Sending stats to Plausible: Props { browser: "chrome", browser_version: "", os: "macos", arch: "x86_64", lang: "python", selenium_version: "4.36" }
DEBUG:selenium.webdriver.common.selenium_manager:chromedriver not found in PATH
DEBUG:selenium.webdriver.common.selenium_manager:chrome detected at /Applications/Google Chrome.app/Contents/MacOS/Google Chrome
DEBUG:selenium.webdriver.common.selenium_manager:Running command: /Applications/Google\ Chrome.app/Contents/MacOS/Google\ Chrome --version
DEBUG:selenium.webdriver.common.selenium_manager:Output: "Google Chrome 142.0.7444.176 "
DEBUG:selenium.webdriver.common.selenium_manager:Detected browser: chrome 142.0.7444.176
DEBUG:selenium.webdriver.common.selenium_manager:Discovering versions from https://googlechromelabs.github.io/chrome-for-testing/known-good-versions-with-downloads.json
DEBUG:selenium.webdriver.common.selenium_manager:Required driver: chromedriver 142.0.7444.175
DEBUG:selenium.webdriver.common.selenium_manager:chromedriver 142.0.7444.175 already in the cache
DEBUG:selenium.webdriver.common.selenium_manager:Driver path: /Users/korobkin/.cache/selenium/chromedriver/mac-x64/142.0.7444.175/chromedriver
DEBUG:selenium.webdriver.common.selenium_manager:Browser path: /Applications/Google Chrome.app/Contents/MacOS/Google Chrome
DEBUG:selenium.webdriver.common.service:Started executable: `/Users/korobkin/.cache/selenium/chromedriver/mac-x64/142.0.7444.175/chromedriver` in a child process with pid: 41362 using 0 to output -3
DEBUG:selenium.webdriver.remote.remote_connection:POST http://localhost:63552/session {'capabilities': {'firstMatch': [{}], 'alwaysMatch': {'browserName': 'chrome', 'pageLoadStrategy': <PageLoadStrategy.normal: 'normal'>, 'browserVersion': None, 'goog:chromeOptions': {'extensions': [], 'binary': '/Applications/Google Chrome.app/Contents/MacOS/Google Chrome', 'args': []}}}}
DEBUG:urllib3.connectionpool:Starting new HTTP connection (1): localhost:63552
DEBUG:urllib3.connectionpool:http://localhost:63552 "POST /session HTTP/1.1" 200 0
DEBUG:selenium.webdriver.remote.remote_connection:Remote response: status=200 | data={"value":{"capabilities":{"acceptInsecureCerts":false,"browserName":"chrome","browserVersion":"142.0.7444.176","chrome":{"chromedriverVersion":"142.0.7444.175 (302067f14a4ea3f42001580e6101fa25ed343445-refs/branch-heads/7444@{#2749})","userDataDir":"/var/folders/xq/k28hhdp52nsbf92tjy5nm6940000gn/T/.org.chromium.Chromium.scoped_dir.Ijmsdy"},"fedcm:accounts":true,"goog:chromeOptions":{"debuggerAddress":"localhost:63568"},"goog:processID":41364,"networkConnectionEnabled":false,"pageLoadStrategy":"normal","platformName":"mac","proxy":{},"setWindowRect":true,"strictFileInteractability":false,"timeouts":{"implicit":0,"pageLoad":300000,"script":30000},"unhandledPromptBehavior":"dismiss and notify","webauthn:extension:credBlob":true,"webauthn:extension:largeBlob":true,"webauthn:extension:minPinLength":true,"webauthn:extension:prf":true,"webauthn:virtualAuthenticators":true},"sessionId":"d5f202706c6273b80eaf4129f3b2ad3c"}} | headers=HTTPHeaderDict({'Content-Length': '926', 'Content-Type': 'application/json; charset=utf-8', 'cache-control': 'no-cache'})
DEBUG:selenium.webdriver.remote.remote_connection:Finished Request
INFO:my_logger:parsing start
DEBUG:asyncio:Using selector: KqueueSelector
INFO:telethon.network.mtprotosender:Connecting to 149.154.167.51:443/TcpFull...
DEBUG:telethon.network.mtprotosender:Connection attempt 1...
DEBUG:telethon.network.mtprotosender:Connection success!
DEBUG:telethon.network.mtprotosender:Starting send loop
DEBUG:telethon.network.mtprotosender:Starting receive loop
INFO:telethon.network.mtprotosender:Connection to 149.154.167.51:443/TcpFull complete!
DEBUG:telethon.network.mtprotosender:Waiting for messages to send...
DEBUG:telethon.extensions.messagepacker:Assigned msg_id = 7576805705611616960 to InvokeWithLayerRequest (10799c310)
DEBUG:telethon.network.mtprotosender:Encrypting 1 message(s) in 80 bytes for sending
DEBUG:telethon.network.mtprotosender:Encrypted messages put in a queue to be sent
DEBUG:telethon.network.mtprotosender:Waiting for messages to send...
DEBUG:telethon.network.mtprotosender:Receiving items from the network...
DEBUG:telethon.network.mtprotostate:Updated time offset (old offset 0, bad 7576805705849177232, good 7576805720456791041, new 3)
DEBUG:telethon.network.mtprotosender:Handling bad salt for message 7576805705611616960
DEBUG:telethon.network.mtprotosender:1 message(s) will be resent
DEBUG:telethon.network.mtprotosender:Receiving items from the network...
DEBUG:telethon.extensions.messagepacker:Assigned msg_id = 7576805718759607072 to InvokeWithLayerRequest (10799c310)
DEBUG:telethon.network.mtprotosender:Encrypting 1 message(s) in 80 bytes for sending
DEBUG:telethon.network.mtprotosender:Encrypted messages put in a queue to be sent
DEBUG:telethon.network.mtprotosender:Waiting for messages to send...
DEBUG:telethon.extensions.messagepacker:Assigned msg_id = 7576805718771671052 to MsgsAck (10799c430)
DEBUG:telethon.network.mtprotosender:Encrypting 1 message(s) in 36 bytes for sending
DEBUG:telethon.network.mtprotosender:Encrypted messages put in a queue to be sent
DEBUG:telethon.network.mtprotosender:Waiting for messages to send...
DEBUG:telethon.network.mtprotosender:Handling container
DEBUG:telethon.network.mtprotosender:Handling new session created
DEBUG:telethon.network.mtprotosender:Handling acknowledge for [7576805718759607072]
DEBUG:telethon.network.mtprotosender:Receiving items from the network...
DEBUG:telethon.network.mtprotosender:Handling RPC result for message 7576805718759607072
DEBUG:telethon.network.mtprotosender:Receiving items from the network...
DEBUG:telethon.extensions.messagepacker:Assigned msg_id = 7576805719005186792 to GetUsersRequest (10799cc10)
DEBUG:telethon.network.mtprotosender:Encrypting 1 message(s) in 32 bytes for sending
DEBUG:telethon.network.mtprotosender:Encrypted messages put in a queue to be sent
DEBUG:telethon.network.mtprotosender:Waiting for messages to send...
DEBUG:telethon.extensions.messagepacker:Assigned msg_id = 7576805719009875056 to MsgsAck (10799c3a0)
DEBUG:telethon.network.mtprotosender:Encrypting 1 message(s) in 60 bytes for sending
DEBUG:telethon.network.mtprotosender:Encrypted messages put in a queue to be sent
DEBUG:telethon.network.mtprotosender:Waiting for messages to send...
DEBUG:telethon.network.mtprotosender:Handling RPC result for message 7576805719005186792
DEBUG:telethon.network.mtprotosender:Receiving items from the network...
DEBUG:telethon.extensions.messagepacker:Assigned msg_id = 7576805720070191140 to GetStateRequest (10799cc10)
DEBUG:telethon.network.mtprotosender:Encrypting 1 message(s) in 20 bytes for sending
DEBUG:telethon.network.mtprotosender:Encrypted messages put in a queue to be sent
DEBUG:telethon.network.mtprotosender:Waiting for messages to send...
DEBUG:telethon.extensions.messagepacker:Assigned msg_id = 7576805720073446984 to MsgsAck (10792cf70)
DEBUG:telethon.network.mtprotosender:Encrypting 1 message(s) in 36 bytes for sending
DEBUG:telethon.network.mtprotosender:Encrypted messages put in a queue to be sent
DEBUG:telethon.network.mtprotosender:Waiting for messages to send...
DEBUG:telethon.network.mtprotosender:Handling RPC result for message 7576805720070191140
DEBUG:telethon.network.mtprotosender:Receiving items from the network...
DEBUG:telethon.extensions.messagepacker:Assigned msg_id = 7576805720433571572 to GetDifferenceRequest (106731a90)
DEBUG:telethon.network.mtprotosender:Encrypting 1 message(s) in 36 bytes for sending
DEBUG:telethon.network.mtprotosender:Encrypted messages put in a queue to be sent
DEBUG:telethon.network.mtprotosender:Waiting for messages to send...
DEBUG:telethon.extensions.messagepacker:Assigned msg_id = 7576805720436266656 to MsgsAck (10799c940)
DEBUG:telethon.network.mtprotosender:Encrypting 1 message(s) in 36 bytes for sending
DEBUG:telethon.network.mtprotosender:Encrypted messages put in a queue to be sent
DEBUG:telethon.network.mtprotosender:Waiting for messages to send...
DEBUG:telethon.network.mtprotosender:Handling RPC result for message 7576805720433571572
DEBUG:telethon.network.mtprotosender:Receiving items from the network...
DEBUG:telethon.extensions.messagepacker:Assigned msg_id = 7576805720599975344 to GetUsersRequest (10799ce80)
DEBUG:telethon.network.mtprotosender:Encrypting 1 message(s) in 32 bytes for sending
DEBUG:telethon.network.mtprotosender:Encrypted messages put in a queue to be sent
DEBUG:telethon.network.mtprotosender:Waiting for messages to send...
DEBUG:telethon.extensions.messagepacker:Assigned msg_id = 7576805720603986496 to MsgsAck (10799cbe0)
DEBUG:telethon.network.mtprotosender:Encrypting 1 message(s) in 36 bytes for sending
DEBUG:telethon.network.mtprotosender:Encrypted messages put in a queue to be sent
DEBUG:telethon.network.mtprotosender:Waiting for messages to send...
DEBUG:telethon.network.mtprotosender:Handling RPC result for message 7576805720599975344
DEBUG:telethon.network.mtprotosender:Receiving items from the network...
INFO:my_logger:login start
DEBUG:selenium.webdriver.remote.remote_connection:POST http://localhost:63552/session/d5f202706c6273b80eaf4129f3b2ad3c/url {'url': 'https://ais.usvisa-info.com/ru-kz/niv/users/sign_in'}
DEBUG:urllib3.connectionpool:http://localhost:63552 "POST /session/d5f202706c6273b80eaf4129f3b2ad3c/url HTTP/1.1" 200 0
DEBUG:selenium.webdriver.remote.remote_connection:Remote response: status=200 | data={"value":null} | headers=HTTPHeaderDict({'Content-Length': '14', 'Content-Type': 'application/json; charset=utf-8', 'cache-control': 'no-cache'})
DEBUG:selenium.webdriver.remote.remote_connection:Finished Request
DEBUG:selenium.webdriver.remote.remote_connection:POST http://localhost:63552/session/d5f202706c6273b80eaf4129f3b2ad3c/element {'using': 'css selector', 'value': '[id="user_email"]'}
DEBUG:urllib3.connectionpool:http://localhost:63552 "POST /session/d5f202706c6273b80eaf4129f3b2ad3c/element HTTP/1.1" 200 0
DEBUG:selenium.webdriver.remote.remote_connection:Remote response: status=200 | data={"value":{"element-6066-11e4-a52e-4f735466cecf":"f.E2F210C024C9460B188A5A5263A09330.d.7FA5FA4E333F05E20767C8922B03DD3A.e.2"}} | headers=HTTPHeaderDict({'Content-Length': '125', 'Content-Type': 'application/json; charset=utf-8', 'cache-control': 'no-cache'})
DEBUG:selenium.webdriver.remote.remote_connection:Finished Request
DEBUG:selenium.webdriver.remote.remote_connection:POST http://localhost:63552/session/d5f202706c6273b80eaf4129f3b2ad3c/element/f.E2F210C024C9460B188A5A5263A09330.d.7FA5FA4E333F05E20767C8922B03DD3A.e.2/value {'text': 'doner66@gmail.com', 'value': ['d', 'o', 'n', 'e', 'r', '6', '6', '@', 'g', 'm', 'a', 'i', 'l', '.', 'c', 'o', 'm']}
DEBUG:urllib3.connectionpool:http://localhost:63552 "POST /session/d5f202706c6273b80eaf4129f3b2ad3c/element/f.E2F210C024C9460B188A5A5263A09330.d.7FA5FA4E333F05E20767C8922B03DD3A.e.2/value HTTP/1.1" 200 0
DEBUG:selenium.webdriver.remote.remote_connection:Remote response: status=200 | data={"value":null} | headers=HTTPHeaderDict({'Content-Length': '14', 'Content-Type': 'application/json; charset=utf-8', 'cache-control': 'no-cache'})
DEBUG:selenium.webdriver.remote.remote_connection:Finished Request
DEBUG:selenium.webdriver.remote.remote_connection:POST http://localhost:63552/session/d5f202706c6273b80eaf4129f3b2ad3c/element {'using': 'css selector', 'value': '[id="user_password"]'}
DEBUG:urllib3.connectionpool:http://localhost:63552 "POST /session/d5f202706c6273b80eaf4129f3b2ad3c/element HTTP/1.1" 200 0
DEBUG:selenium.webdriver.remote.remote_connection:Remote response: status=200 | data={"value":{"element-6066-11e4-a52e-4f735466cecf":"f.E2F210C024C9460B188A5A5263A09330.d.7FA5FA4E333F05E20767C8922B03DD3A.e.3"}} | headers=HTTPHeaderDict({'Content-Length': '125', 'Content-Type': 'application/json; charset=utf-8', 'cache-control': 'no-cache'})
DEBUG:selenium.webdriver.remote.remote_connection:Finished Request
DEBUG:selenium.webdriver.remote.remote_connection:POST http://localhost:63552/session/d5f202706c6273b80eaf4129f3b2ad3c/element/f.E2F210C024C9460B188A5A5263A09330.d.7FA5FA4E333F05E20767C8922B03DD3A.e.3/value {'text': 'Al89086307525Zx!', 'value': ['A', 'l', '8', '9', '0', '8', '6', '3', '0', '7', '5', '2', '5', 'Z', 'x', '!']}
DEBUG:urllib3.connectionpool:http://localhost:63552 "POST /session/d5f202706c6273b80eaf4129f3b2ad3c/element/f.E2F210C024C9460B188A5A5263A09330.d.7FA5FA4E333F05E20767C8922B03DD3A.e.3/value HTTP/1.1" 200 0
DEBUG:selenium.webdriver.remote.remote_connection:Remote response: status=200 | data={"value":null} | headers=HTTPHeaderDict({'Content-Length': '14', 'Content-Type': 'application/json; charset=utf-8', 'cache-control': 'no-cache'})
DEBUG:selenium.webdriver.remote.remote_connection:Finished Request
DEBUG:selenium.webdriver.remote.remote_connection:POST http://localhost:63552/session/d5f202706c6273b80eaf4129f3b2ad3c/element {'using': 'css selector', 'value': '.icheckbox'}
DEBUG:urllib3.connectionpool:http://localhost:63552 "POST /session/d5f202706c6273b80eaf4129f3b2ad3c/element HTTP/1.1" 200 0
DEBUG:selenium.webdriver.remote.remote_connection:Remote response: status=200 | data={"value":{"element-6066-11e4-a52e-4f735466cecf":"f.E2F210C024C9460B188A5A5263A09330.d.7FA5FA4E333F05E20767C8922B03DD3A.e.11"}} | headers=HTTPHeaderDict({'Content-Length': '126', 'Content-Type': 'application/json; charset=utf-8', 'cache-control': 'no-cache'})
DEBUG:selenium.webdriver.remote.remote_connection:Finished Request
DEBUG:selenium.webdriver.remote.remote_connection:POST http://localhost:63552/session/d5f202706c6273b80eaf4129f3b2ad3c/element/f.E2F210C024C9460B188A5A5263A09330.d.7FA5FA4E333F05E20767C8922B03DD3A.e.11/click {}
DEBUG:urllib3.connectionpool:http://localhost:63552 "POST /session/d5f202706c6273b80eaf4129f3b2ad3c/element/f.E2F210C024C9460B188A5A5263A09330.d.7FA5FA4E333F05E20767C8922B03DD3A.e.11/click HTTP/1.1" 200 0
DEBUG:selenium.webdriver.remote.remote_connection:Remote response: status=200 | data={"value":null} | headers=HTTPHeaderDict({'Content-Length': '14', 'Content-Type': 'application/json; charset=utf-8', 'cache-control': 'no-cache'})
DEBUG:selenium.webdriver.remote.remote_connection:Finished Request
DEBUG:selenium.webdriver.remote.remote_connection:POST http://localhost:63552/session/d5f202706c6273b80eaf4129f3b2ad3c/element {'using': 'css selector', 'value': '[name="commit"]'}
DEBUG:urllib3.connectionpool:http://localhost:63552 "POST /session/d5f202706c6273b80eaf4129f3b2ad3c/element HTTP/1.1" 200 0
DEBUG:selenium.webdriver.remote.remote_connection:Remote response: status=200 | data={"value":{"element-6066-11e4-a52e-4f735466cecf":"f.E2F210C024C9460B188A5A5263A09330.d.7FA5FA4E333F05E20767C8922B03DD3A.e.7"}} | headers=HTTPHeaderDict({'Content-Length': '125', 'Content-Type': 'application/json; charset=utf-8', 'cache-control': 'no-cache'})
DEBUG:selenium.webdriver.remote.remote_connection:Finished Request
DEBUG:selenium.webdriver.remote.remote_connection:POST http://localhost:63552/session/d5f202706c6273b80eaf4129f3b2ad3c/element/f.E2F210C024C9460B188A5A5263A09330.d.7FA5FA4E333F05E20767C8922B03DD3A.e.7/click {}
DEBUG:urllib3.connectionpool:http://localhost:63552 "POST /session/d5f202706c6273b80eaf4129f3b2ad3c/element/f.E2F210C024C9460B188A5A5263A09330.d.7FA5FA4E333F05E20767C8922B03DD3A.e.7/click HTTP/1.1" 200 0
DEBUG:selenium.webdriver.remote.remote_connection:Remote response: status=200 | data={"value":null} | headers=HTTPHeaderDict({'Content-Length': '14', 'Content-Type': 'application/json; charset=utf-8', 'cache-control': 'no-cache'})
DEBUG:selenium.webdriver.remote.remote_connection:Finished Request
DEBUG:selenium.webdriver.remote.remote_connection:POST http://localhost:63552/session/d5f202706c6273b80eaf4129f3b2ad3c/url {'url': 'https://ais.usvisa-info.com/ru-kz/niv/schedule/71354735/payment'}
DEBUG:urllib3.connectionpool:http://localhost:63552 "POST /session/d5f202706c6273b80eaf4129f3b2ad3c/url HTTP/1.1" 200 0
DEBUG:selenium.webdriver.remote.remote_connection:Remote response: status=200 | data={"value":null} | headers=HTTPHeaderDict({'Content-Length': '14', 'Content-Type': 'application/json; charset=utf-8', 'cache-control': 'no-cache'})
DEBUG:selenium.webdriver.remote.remote_connection:Finished Request
DEBUG:selenium.webdriver.remote.remote_connection:POST http://localhost:63552/session/d5f202706c6273b80eaf4129f3b2ad3c/element {'using': 'xpath', 'value': '//*[@id="paymentOptions"]/div[2]/table/tbody/tr[1]/td[2]'}
DEBUG:urllib3.connectionpool:http://localhost:63552 "POST /session/d5f202706c6273b80eaf4129f3b2ad3c/element HTTP/1.1" 200 0
DEBUG:selenium.webdriver.remote.remote_connection:Remote response: status=200 | data={"value":{"element-6066-11e4-a52e-4f735466cecf":"f.E2F210C024C9460B188A5A5263A09330.d.BC0A71DFE7F93628320EFF8C86198D39.e.18"}} | headers=HTTPHeaderDict({'Content-Length': '126', 'Content-Type': 'application/json; charset=utf-8', 'cache-control': 'no-cache'})
DEBUG:selenium.webdriver.remote.remote_connection:Finished Request
DEBUG:selenium.webdriver.remote.remote_connection:GET http://localhost:63552/session/d5f202706c6273b80eaf4129f3b2ad3c/element/f.E2F210C024C9460B188A5A5263A09330.d.BC0A71DFE7F93628320EFF8C86198D39.e.18/text {}
DEBUG:urllib3.connectionpool:http://localhost:63552 "GET /session/d5f202706c6273b80eaf4129f3b2ad3c/element/f.E2F210C024C9460B188A5A5263A09330.d.BC0A71DFE7F93628320EFF8C86198D39.e.18/text HTTP/1.1" 200 0
DEBUG:selenium.webdriver.remote.remote_connection:Remote response: status=200 | data={"value":"В данный момент запись невозможна."} | headers=HTTPHeaderDict({'Content-Length': '75', 'Content-Type': 'application/json; charset=utf-8', 'cache-control': 'no-cache'})
DEBUG:selenium.webdriver.remote.remote_connection:Finished Request
INFO:my_logger:Контент функции get_payment: В данный момент запись невозможна.
INFO:my_logger:Содержание функции login: None
INFO:my_logger:login start
WARNING:telethon.network.mtprotostate:Server sent a very old message with ID 7576805872573453313, ignoring (see FAQ for details)
DEBUG:selenium.webdriver.remote.remote_connection:POST http://localhost:63552/session/d5f202706c6273b80eaf4129f3b2ad3c/url {'url': 'https://ais.usvisa-info.com/ru-kz/niv/users/sign_in'}
DEBUG:telethon.network.mtprotosender:Receiving items from the network...
WARNING:telethon.network.mtprotostate:Server sent a very old message with ID 7576806753630324737, ignoring (see FAQ for details)
DEBUG:telethon.network.mtprotosender:Receiving items from the network...
DEBUG:telethon.extensions.messagepacker:Assigned msg_id = 7576808367439024768 to PingRequest (1079bda00)
DEBUG:telethon.network.mtprotosender:Encrypting 1 message(s) in 28 bytes for sending
DEBUG:telethon.network.mtprotosender:Encrypted messages put in a queue to be sent
DEBUG:telethon.network.mtprotosender:Waiting for messages to send...
DEBUG:telethon.extensions.messagepacker:Assigned msg_id = 7576808367448088488 to MsgsAck (10799c700)
DEBUG:telethon.network.mtprotosender:Encrypting 1 message(s) in 36 bytes for sending
WARNING:telethon.network.mtprotostate:Server sent a very old message with ID 7576806753630414849, ignoring (see FAQ for details)
DEBUG:telethon.network.mtprotosender:Receiving items from the network...
DEBUG:telethon.network.mtprotosender:Encrypted messages put in a queue to be sent
DEBUG:telethon.network.mtprotosender:Waiting for messages to send...
WARNING:telethon.network.mtprotostate:Server sent a very old message with ID 7576806753630324741, ignoring (see FAQ for details)
DEBUG:telethon.network.mtprotosender:Receiving items from the network...
WARNING:telethon.network.mtprotostate:Server sent a very old message with ID 7576806849623296001, ignoring (see FAQ for details)
DEBUG:telethon.network.mtprotosender:Receiving items from the network...
WARNING:telethon.network.mtprotostate:Server sent a very old message with ID 7576806981146512385, ignoring (see FAQ for details)
DEBUG:telethon.network.mtprotosender:Receiving items from the network...
DEBUG:telethon.network.mtprotosender:Handling container
DEBUG:telethon.network.mtprotosender:Handling update UpdateShort
DEBUG:telethon.network.mtprotosender:Handling update UpdateShort
DEBUG:telethon.network.mtprotosender:Handling update Updates
DEBUG:telethon.network.mtprotosender:Handling update UpdateShort
DEBUG:telethon.network.mtprotosender:Receiving items from the network...
DEBUG:telethon.network.mtprotosender:Handling container
DEBUG:telethon.network.mtprotosender:Handling update UpdateShort
DEBUG:telethon.network.mtprotosender:Handling update UpdateShort
DEBUG:telethon.network.mtprotosender:Receiving items from the network...
DEBUG:telethon.network.mtprotosender:Handling update UpdateShort
DEBUG:telethon.network.mtprotosender:Receiving items from the network...
DEBUG:telethon.network.mtprotosender:Handling pong for message 7576808367439024768
DEBUG:telethon.network.mtprotosender:Receiving items from the network...
DEBUG:urllib3.connectionpool:http://localhost:63552 "POST /session/d5f202706c6273b80eaf4129f3b2ad3c/url HTTP/1.1" 200 0
DEBUG:selenium.webdriver.remote.remote_connection:Remote response: status=200 | data={"value":null} | headers=HTTPHeaderDict({'Content-Length': '14', 'Content-Type': 'application/json; charset=utf-8', 'cache-control': 'no-cache'})
DEBUG:selenium.webdriver.remote.remote_connection:Finished Request
DEBUG:selenium.webdriver.remote.remote_connection:POST http://localhost:63552/session/d5f202706c6273b80eaf4129f3b2ad3c/element {'using': 'css selector', 'value': '[id="user_email"]'}
DEBUG:urllib3.connectionpool:http://localhost:63552 "POST /session/d5f202706c6273b80eaf4129f3b2ad3c/element HTTP/1.1" 200 0
DEBUG:selenium.webdriver.remote.remote_connection:Remote response: status=200 | data={"value":{"element-6066-11e4-a52e-4f735466cecf":"f.E2F210C024C9460B188A5A5263A09330.d.7786E8F249037DD148B3C0911960F72E.e.20"}} | headers=HTTPHeaderDict({'Content-Length': '126', 'Content-Type': 'application/json; charset=utf-8', 'cache-control': 'no-cache'})
DEBUG:selenium.webdriver.remote.remote_connection:Finished Request
DEBUG:selenium.webdriver.remote.remote_connection:POST http://localhost:63552/session/d5f202706c6273b80eaf4129f3b2ad3c/element/f.E2F210C024C9460B188A5A5263A09330.d.7786E8F249037DD148B3C0911960F72E.e.20/value {'text': 'doner66@gmail.com', 'value': ['d', 'o', 'n', 'e', 'r', '6', '6', '@', 'g', 'm', 'a', 'i', 'l', '.', 'c', 'o', 'm']}
DEBUG:urllib3.connectionpool:http://localhost:63552 "POST /session/d5f202706c6273b80eaf4129f3b2ad3c/element/f.E2F210C024C9460B188A5A5263A09330.d.7786E8F249037DD148B3C0911960F72E.e.20/value HTTP/1.1" 200 0
DEBUG:selenium.webdriver.remote.remote_connection:Remote response: status=200 | data={"value":null} | headers=HTTPHeaderDict({'Content-Length': '14', 'Content-Type': 'application/json; charset=utf-8', 'cache-control': 'no-cache'})
DEBUG:selenium.webdriver.remote.remote_connection:Finished Request
DEBUG:selenium.webdriver.remote.remote_connection:POST http://localhost:63552/session/d5f202706c6273b80eaf4129f3b2ad3c/element {'using': 'css selector', 'value': '[id="user_password"]'}
DEBUG:urllib3.connectionpool:http://localhost:63552 "POST /session/d5f202706c6273b80eaf4129f3b2ad3c/element HTTP/1.1" 200 0
DEBUG:selenium.webdriver.remote.remote_connection:Remote response: status=200 | data={"value":{"element-6066-11e4-a52e-4f735466cecf":"f.E2F210C024C9460B188A5A5263A09330.d.7786E8F249037DD148B3C0911960F72E.e.21"}} | headers=HTTPHeaderDict({'Content-Length': '126', 'Content-Type': 'application/json; charset=utf-8', 'cache-control': 'no-cache'})
DEBUG:selenium.webdriver.remote.remote_connection:Finished Request
DEBUG:selenium.webdriver.remote.remote_connection:POST http://localhost:63552/session/d5f202706c6273b80eaf4129f3b2ad3c/element/f.E2F210C024C9460B188A5A5263A09330.d.7786E8F249037DD148B3C0911960F72E.e.21/value {'text': 'Al89086307525Zx!', 'value': ['A', 'l', '8', '9', '0', '8', '6', '3', '0', '7', '5', '2', '5', 'Z', 'x', '!']}
DEBUG:urllib3.connectionpool:http://localhost:63552 "POST /session/d5f202706c6273b80eaf4129f3b2ad3c/element/f.E2F210C024C9460B188A5A5263A09330.d.7786E8F249037DD148B3C0911960F72E.e.21/value HTTP/1.1" 200 0
DEBUG:selenium.webdriver.remote.remote_connection:Remote response: status=200 | data={"value":null} | headers=HTTPHeaderDict({'Content-Length': '14', 'Content-Type': 'application/json; charset=utf-8', 'cache-control': 'no-cache'})
DEBUG:selenium.webdriver.remote.remote_connection:Finished Request
DEBUG:selenium.webdriver.remote.remote_connection:POST http://localhost:63552/session/d5f202706c6273b80eaf4129f3b2ad3c/element {'using': 'css selector', 'value': '.icheckbox'}
DEBUG:urllib3.connectionpool:http://localhost:63552 "POST /session/d5f202706c6273b80eaf4129f3b2ad3c/element HTTP/1.1" 200 0
DEBUG:selenium.webdriver.remote.remote_connection:Remote response: status=200 | data={"value":{"element-6066-11e4-a52e-4f735466cecf":"f.E2F210C024C9460B188A5A5263A09330.d.7786E8F249037DD148B3C0911960F72E.e.29"}} | headers=HTTPHeaderDict({'Content-Length': '126', 'Content-Type': 'application/json; charset=utf-8', 'cache-control': 'no-cache'})
DEBUG:selenium.webdriver.remote.remote_connection:Finished Request
DEBUG:selenium.webdriver.remote.remote_connection:POST http://localhost:63552/session/d5f202706c6273b80eaf4129f3b2ad3c/element/f.E2F210C024C9460B188A5A5263A09330.d.7786E8F249037DD148B3C0911960F72E.e.29/click {}
DEBUG:urllib3.connectionpool:http://localhost:63552 "POST /session/d5f202706c6273b80eaf4129f3b2ad3c/element/f.E2F210C024C9460B188A5A5263A09330.d.7786E8F249037DD148B3C0911960F72E.e.29/click HTTP/1.1" 200 0
DEBUG:selenium.webdriver.remote.remote_connection:Remote response: status=200 | data={"value":null} | headers=HTTPHeaderDict({'Content-Length': '14', 'Content-Type': 'application/json; charset=utf-8', 'cache-control': 'no-cache'})
DEBUG:selenium.webdriver.remote.remote_connection:Finished Request
DEBUG:selenium.webdriver.remote.remote_connection:POST http://localhost:63552/session/d5f202706c6273b80eaf4129f3b2ad3c/element {'using': 'css selector', 'value': '[name="commit"]'}
DEBUG:urllib3.connectionpool:http://localhost:63552 "POST /session/d5f202706c6273b80eaf4129f3b2ad3c/element HTTP/1.1" 200 0
DEBUG:selenium.webdriver.remote.remote_connection:Remote response: status=200 | data={"value":{"element-6066-11e4-a52e-4f735466cecf":"f.E2F210C024C9460B188A5A5263A09330.d.7786E8F249037DD148B3C0911960F72E.e.25"}} | headers=HTTPHeaderDict({'Content-Length': '126', 'Content-Type': 'application/json; charset=utf-8', 'cache-control': 'no-cache'})
DEBUG:selenium.webdriver.remote.remote_connection:Finished Request
DEBUG:selenium.webdriver.remote.remote_connection:POST http://localhost:63552/session/d5f202706c6273b80eaf4129f3b2ad3c/element/f.E2F210C024C9460B188A5A5263A09330.d.7786E8F249037DD148B3C0911960F72E.e.25/click {}
DEBUG:urllib3.connectionpool:http://localhost:63552 "POST /session/d5f202706c6273b80eaf4129f3b2ad3c/element/f.E2F210C024C9460B188A5A5263A09330.d.7786E8F249037DD148B3C0911960F72E.e.25/click HTTP/1.1" 200 0
DEBUG:selenium.webdriver.remote.remote_connection:Remote response: status=200 | data={"value":null} | headers=HTTPHeaderDict({'Content-Length': '14', 'Content-Type': 'application/json; charset=utf-8', 'cache-control': 'no-cache'})
DEBUG:selenium.webdriver.remote.remote_connection:Finished Request
DEBUG:selenium.webdriver.remote.remote_connection:POST http://localhost:63552/session/d5f202706c6273b80eaf4129f3b2ad3c/url {'url': 'https://ais.usvisa-info.com/ru-kz/niv/schedule/71354735/payment'}
DEBUG:urllib3.connectionpool:http://localhost:63552 "POST /session/d5f202706c6273b80eaf4129f3b2ad3c/url HTTP/1.1" 200 0
DEBUG:selenium.webdriver.remote.remote_connection:Remote response: status=200 | data={"value":null} | headers=HTTPHeaderDict({'Content-Length': '14', 'Content-Type': 'application/json; charset=utf-8', 'cache-control': 'no-cache'})
DEBUG:selenium.webdriver.remote.remote_connection:Finished Request
DEBUG:selenium.webdriver.remote.remote_connection:POST http://localhost:63552/session/d5f202706c6273b80eaf4129f3b2ad3c/element {'using': 'xpath', 'value': '//*[@id="paymentOptions"]/div[2]/table/tbody/tr[1]/td[2]'}
DEBUG:urllib3.connectionpool:http://localhost:63552 "POST /session/d5f202706c6273b80eaf4129f3b2ad3c/element HTTP/1.1" 404 0
DEBUG:selenium.webdriver.remote.remote_connection:Remote response: status=404 | data={"value":{"error":"no such element","message":"no such element: Unable to locate element: {\"method\":\"xpath\",\"selector\":\"//*[@id=\"paymentOptions\"]/div[2]/table/tbody/tr[1]/td[2]\"}\n  (Session info: chrome=142.0.7444.176)","stacktrace":"0   chromedriver                        0x0000000105049698 chromedriver + 6153880\n1   chromedriver                        0x0000000105040b6a chromedriver + 6118250\n2   chromedriver                        0x0000000104ad5a5b chromedriver + 436827\n3   chromedriver                        0x0000000104b28538 chromedriver + 775480\n4   chromedriver                        0x0000000104b28791 chromedriver + 776081\n5   chromedriver                        0x0000000104b79934 chromedriver + 1108276\n6   chromedriver                        0x0000000104b76c8e chromedriver + 1096846\n7   chromedriver                        0x0000000104b1ab6f chromedriver + 719727\n8   chromedriver                        0x0000000104b1b871 chromedriver + 723057\n9   chromedriver                        0x0000000105006011 chromedriver + 5877777\n10  chromedriver                        0x000000010500a4c2 chromedriver + 5895362\n11  chromedriver                        0x0000000104fe2155 chromedriver + 5730645\n12  chromedriver                        0x000000010500af6f chromedriver + 5898095\n13  chromedriver                        0x0000000104fd1dc4 chromedriver + 5664196\n14  chromedriver                        0x000000010502db48 chromedriver + 6040392\n15  chromedriver                        0x000000010502dd0d chromedriver + 6040845\n16  chromedriver                        0x0000000105040751 chromedriver + 6117201\n17  libsystem_pthread.dylib             0x00007ff8063411d3 _pthread_start + 125\n18  libsystem_pthread.dylib             0x00007ff80633cbd3 thread_start + 15\n"}} | headers=HTTPHeaderDict({'Content-Length': '1813', 'Content-Type': 'application/json; charset=utf-8', 'cache-control': 'no-cache'})
DEBUG:selenium.webdriver.remote.remote_connection:Finished Request
INFO:telethon.network.mtprotosender:Disconnecting from 149.154.167.51:443/TcpFull...
DEBUG:telethon.network.mtprotosender:Closing current connection...
DEBUG:telethon.network.mtprotosender:Cancelling 0 pending message(s)...
INFO:telethon.network.mtprotosender:Disconnection from 149.154.167.51:443/TcpFull complete!
DEBUG:selenium.webdriver.common.selenium_manager:Selenium Manager binary found at: /Users/korobkin/Library/Python/3.9/lib/python/site-packages/selenium/webdriver/common/macos/selenium-manager
DEBUG:selenium.webdriver.common.selenium_manager:Executing process: /Users/korobkin/Library/Python/3.9/lib/python/site-packages/selenium/webdriver/common/macos/selenium-manager --browser chrome --debug --language-binding python --output json
DEBUG:selenium.webdriver.common.selenium_manager:Sending stats to Plausible: Props { browser: "chrome", browser_version: "", os: "macos", arch: "x86_64", lang: "python", selenium_version: "4.36" }
DEBUG:selenium.webdriver.common.selenium_manager:chromedriver not found in PATH
DEBUG:selenium.webdriver.common.selenium_manager:chrome detected at /Applications/Google Chrome.app/Contents/MacOS/Google Chrome
DEBUG:selenium.webdriver.common.selenium_manager:Running command: /Applications/Google\ Chrome.app/Contents/MacOS/Google\ Chrome --version
DEBUG:selenium.webdriver.common.selenium_manager:Output: "Google Chrome 142.0.7444.176 "
DEBUG:selenium.webdriver.common.selenium_manager:Detected browser: chrome 142.0.7444.176
DEBUG:selenium.webdriver.common.selenium_manager:Discovering versions from https://googlechromelabs.github.io/chrome-for-testing/known-good-versions-with-downloads.json
DEBUG:selenium.webdriver.common.selenium_manager:Required driver: chromedriver 142.0.7444.175
DEBUG:selenium.webdriver.common.selenium_manager:chromedriver 142.0.7444.175 already in the cache
DEBUG:selenium.webdriver.common.selenium_manager:Driver path: /Users/korobkin/.cache/selenium/chromedriver/mac-x64/142.0.7444.175/chromedriver
DEBUG:selenium.webdriver.common.selenium_manager:Browser path: /Applications/Google Chrome.app/Contents/MacOS/Google Chrome
DEBUG:selenium.webdriver.common.service:Started executable: `/Users/korobkin/.cache/selenium/chromedriver/mac-x64/142.0.7444.175/chromedriver` in a child process with pid: 42853 using 0 to output -3
DEBUG:selenium.webdriver.remote.remote_connection:POST http://localhost:56978/session {'capabilities': {'firstMatch': [{}], 'alwaysMatch': {'browserName': 'chrome', 'pageLoadStrategy': <PageLoadStrategy.normal: 'normal'>, 'browserVersion': None, 'goog:chromeOptions': {'extensions': [], 'binary': '/Applications/Google Chrome.app/Contents/MacOS/Google Chrome', 'args': []}}}}
DEBUG:urllib3.connectionpool:Starting new HTTP connection (1): localhost:56978
DEBUG:urllib3.connectionpool:http://localhost:56978 "POST /session HTTP/1.1" 200 0
DEBUG:selenium.webdriver.remote.remote_connection:Remote response: status=200 | data={"value":{"capabilities":{"acceptInsecureCerts":false,"browserName":"chrome","browserVersion":"142.0.7444.176","chrome":{"chromedriverVersion":"142.0.7444.175 (302067f14a4ea3f42001580e6101fa25ed343445-refs/branch-heads/7444@{#2749})","userDataDir":"/var/folders/xq/k28hhdp52nsbf92tjy5nm6940000gn/T/.org.chromium.Chromium.scoped_dir.zrOQ5u"},"fedcm:accounts":true,"goog:chromeOptions":{"debuggerAddress":"localhost:56992"},"goog:processID":42856,"networkConnectionEnabled":false,"pageLoadStrategy":"normal","platformName":"mac","proxy":{},"setWindowRect":true,"strictFileInteractability":false,"timeouts":{"implicit":0,"pageLoad":300000,"script":30000},"unhandledPromptBehavior":"dismiss and notify","webauthn:extension:credBlob":true,"webauthn:extension:largeBlob":true,"webauthn:extension:minPinLength":true,"webauthn:extension:prf":true,"webauthn:virtualAuthenticators":true},"sessionId":"afe1fa8964899676e63cb1e04a8cc734"}} | headers=HTTPHeaderDict({'Content-Length': '926', 'Content-Type': 'application/json; charset=utf-8', 'cache-control': 'no-cache'})
DEBUG:selenium.webdriver.remote.remote_connection:Finished Request
INFO:my_logger:parsing start
DEBUG:asyncio:Using selector: KqueueSelector
INFO:telethon.network.mtprotosender:Connecting to 149.154.167.51:443/TcpFull...
DEBUG:telethon.network.mtprotosender:Connection attempt 1...
DEBUG:telethon.network.mtprotosender:Connection success!
DEBUG:telethon.network.mtprotosender:Starting send loop
DEBUG:telethon.network.mtprotosender:Starting receive loop
INFO:telethon.network.mtprotosender:Connection to 149.154.167.51:443/TcpFull complete!
DEBUG:telethon.network.mtprotosender:Waiting for messages to send...
DEBUG:telethon.extensions.messagepacker:Assigned msg_id = 7578878598719872064 to InvokeWithLayerRequest (1105af3d0)
DEBUG:telethon.network.mtprotosender:Encrypting 1 message(s) in 80 bytes for sending
DEBUG:telethon.network.mtprotosender:Encrypted messages put in a queue to be sent
DEBUG:telethon.network.mtprotosender:Waiting for messages to send...
DEBUG:telethon.network.mtprotosender:Receiving items from the network...
DEBUG:telethon.network.mtprotosender:Handling bad salt for message 7578878598719872064
DEBUG:telethon.network.mtprotosender:1 message(s) will be resent
DEBUG:telethon.network.mtprotosender:Receiving items from the network...
DEBUG:telethon.extensions.messagepacker:Assigned msg_id = 7578878598839264460 to InvokeWithLayerRequest (1105af3d0)
DEBUG:telethon.network.mtprotosender:Encrypting 1 message(s) in 80 bytes for sending
DEBUG:telethon.network.mtprotosender:Encrypted messages put in a queue to be sent
DEBUG:telethon.network.mtprotosender:Waiting for messages to send...
DEBUG:telethon.extensions.messagepacker:Assigned msg_id = 7578878598841507500 to MsgsAck (1105af4f0)
DEBUG:telethon.network.mtprotosender:Encrypting 1 message(s) in 36 bytes for sending
DEBUG:telethon.network.mtprotosender:Encrypted messages put in a queue to be sent
DEBUG:telethon.network.mtprotosender:Waiting for messages to send...
DEBUG:telethon.network.mtprotosender:Handling container
DEBUG:telethon.network.mtprotosender:Handling new session created
DEBUG:telethon.network.mtprotosender:Handling acknowledge for [7578878598839264460]
DEBUG:telethon.network.mtprotosender:Receiving items from the network...
DEBUG:telethon.network.mtprotosender:Handling RPC result for message 7578878598839264460
DEBUG:telethon.network.mtprotosender:Receiving items from the network...
DEBUG:telethon.extensions.messagepacker:Assigned msg_id = 7578878599520031516 to GetUsersRequest (1105afcd0)
DEBUG:telethon.network.mtprotosender:Encrypting 1 message(s) in 32 bytes for sending
DEBUG:telethon.network.mtprotosender:Encrypted messages put in a queue to be sent
DEBUG:telethon.network.mtprotosender:Waiting for messages to send...
DEBUG:telethon.extensions.messagepacker:Assigned msg_id = 7578878599524823732 to MsgsAck (1105af460)
DEBUG:telethon.network.mtprotosender:Encrypting 1 message(s) in 60 bytes for sending
DEBUG:telethon.network.mtprotosender:Encrypted messages put in a queue to be sent
DEBUG:telethon.network.mtprotosender:Waiting for messages to send...
DEBUG:telethon.network.mtprotosender:Handling RPC result for message 7578878599520031516
DEBUG:telethon.network.mtprotosender:Receiving items from the network...
DEBUG:telethon.extensions.messagepacker:Assigned msg_id = 7578878600422868316 to GetStateRequest (1105afcd0)
DEBUG:telethon.network.mtprotosender:Encrypting 1 message(s) in 20 bytes for sending
DEBUG:telethon.network.mtprotosender:Encrypted messages put in a queue to be sent
DEBUG:telethon.network.mtprotosender:Waiting for messages to send...
DEBUG:telethon.extensions.messagepacker:Assigned msg_id = 7578878600426328248 to MsgsAck (1105af9a0)
DEBUG:telethon.network.mtprotosender:Encrypting 1 message(s) in 36 bytes for sending
DEBUG:telethon.network.mtprotosender:Encrypted messages put in a queue to be sent
DEBUG:telethon.network.mtprotosender:Waiting for messages to send...
DEBUG:telethon.network.mtprotosender:Handling RPC result for message 7578878600422868316
DEBUG:telethon.network.mtprotosender:Receiving items from the network...
DEBUG:telethon.extensions.messagepacker:Assigned msg_id = 7578878602276594348 to GetDifferenceRequest (10f348a90)
DEBUG:telethon.network.mtprotosender:Encrypting 1 message(s) in 36 bytes for sending
DEBUG:telethon.network.mtprotosender:Encrypted messages put in a queue to be sent
DEBUG:telethon.network.mtprotosender:Waiting for messages to send...
DEBUG:telethon.extensions.messagepacker:Assigned msg_id = 7578878602280106732 to MsgsAck (1105afa00)
DEBUG:telethon.network.mtprotosender:Encrypting 1 message(s) in 36 bytes for sending
DEBUG:telethon.network.mtprotosender:Encrypted messages put in a queue to be sent
DEBUG:telethon.network.mtprotosender:Waiting for messages to send...
DEBUG:telethon.network.mtprotosender:Handling RPC result for message 7578878602276594348
DEBUG:telethon.network.mtprotosender:Receiving items from the network...
DEBUG:telethon.extensions.messagepacker:Assigned msg_id = 7578878603800462908 to GetUsersRequest (1105aff70)
DEBUG:telethon.network.mtprotosender:Encrypting 1 message(s) in 32 bytes for sending
DEBUG:telethon.network.mtprotosender:Encrypted messages put in a queue to be sent
DEBUG:telethon.network.mtprotosender:Waiting for messages to send...
DEBUG:telethon.extensions.messagepacker:Assigned msg_id = 7578878603802087016 to MsgsAck (1105afaf0)
DEBUG:telethon.network.mtprotosender:Encrypting 1 message(s) in 36 bytes for sending
DEBUG:telethon.network.mtprotosender:Encrypted messages put in a queue to be sent
DEBUG:telethon.network.mtprotosender:Waiting for messages to send...
DEBUG:telethon.network.mtprotosender:Handling RPC result for message 7578878603800462908
DEBUG:telethon.network.mtprotosender:Receiving items from the network...
INFO:my_logger:login start
DEBUG:selenium.webdriver.remote.remote_connection:POST http://localhost:56978/session/afe1fa8964899676e63cb1e04a8cc734/url {'url': 'https://ais.usvisa-info.com/ru-kz/niv/users/sign_in'}
DEBUG:telethon.network.mtprotosender:Handling update UpdateShort
DEBUG:telethon.network.mtprotosender:Receiving items from the network...
DEBUG:telethon.network.mtprotosender:Handling update UpdateShort
DEBUG:telethon.network.mtprotosender:Receiving items from the network...
DEBUG:urllib3.connectionpool:http://localhost:56978 "POST /session/afe1fa8964899676e63cb1e04a8cc734/url HTTP/1.1" 200 0
DEBUG:selenium.webdriver.remote.remote_connection:Remote response: status=200 | data={"value":null} | headers=HTTPHeaderDict({'Content-Length': '14', 'Content-Type': 'application/json; charset=utf-8', 'cache-control': 'no-cache'})
DEBUG:selenium.webdriver.remote.remote_connection:Finished Request
DEBUG:selenium.webdriver.remote.remote_connection:POST http://localhost:56978/session/afe1fa8964899676e63cb1e04a8cc734/element {'using': 'css selector', 'value': '[id="user_email"]'}
DEBUG:urllib3.connectionpool:http://localhost:56978 "POST /session/afe1fa8964899676e63cb1e04a8cc734/element HTTP/1.1" 200 0
DEBUG:selenium.webdriver.remote.remote_connection:Remote response: status=200 | data={"value":{"element-6066-11e4-a52e-4f735466cecf":"f.7775F430EE389219283CF89B6FF23DCA.d.9D4D1875C1FE031C5E9E245DFE6F4D1F.e.2"}} | headers=HTTPHeaderDict({'Content-Length': '125', 'Content-Type': 'application/json; charset=utf-8', 'cache-control': 'no-cache'})
DEBUG:selenium.webdriver.remote.remote_connection:Finished Request
DEBUG:selenium.webdriver.remote.remote_connection:POST http://localhost:56978/session/afe1fa8964899676e63cb1e04a8cc734/element/f.7775F430EE389219283CF89B6FF23DCA.d.9D4D1875C1FE031C5E9E245DFE6F4D1F.e.2/value {'text': 'doner66@gmail.com', 'value': ['d', 'o', 'n', 'e', 'r', '6', '6', '@', 'g', 'm', 'a', 'i', 'l', '.', 'c', 'o', 'm']}
DEBUG:telethon.network.mtprotosender:Handling update UpdateShort
DEBUG:telethon.network.mtprotosender:Receiving items from the network...
DEBUG:telethon.network.mtprotosender:Handling update UpdateShort
DEBUG:telethon.network.mtprotosender:Receiving items from the network...
DEBUG:telethon.network.mtprotosender:Handling update UpdateShort
DEBUG:telethon.network.mtprotosender:Receiving items from the network...
DEBUG:telethon.network.mtprotosender:Handling update UpdateShort
DEBUG:telethon.network.mtprotosender:Receiving items from the network...
DEBUG:telethon.network.mtprotosender:Handling update UpdateShort
DEBUG:telethon.network.mtprotosender:Receiving items from the network...
DEBUG:urllib3.connectionpool:http://localhost:56978 "POST /session/afe1fa8964899676e63cb1e04a8cc734/element/f.7775F430EE389219283CF89B6FF23DCA.d.9D4D1875C1FE031C5E9E245DFE6F4D1F.e.2/value HTTP/1.1" 200 0
DEBUG:selenium.webdriver.remote.remote_connection:Remote response: status=200 | data={"value":null} | headers=HTTPHeaderDict({'Content-Length': '14', 'Content-Type': 'application/json; charset=utf-8', 'cache-control': 'no-cache'})
DEBUG:selenium.webdriver.remote.remote_connection:Finished Request
DEBUG:selenium.webdriver.remote.remote_connection:POST http://localhost:56978/session/afe1fa8964899676e63cb1e04a8cc734/element {'using': 'css selector', 'value': '[id="user_password"]'}
DEBUG:urllib3.connectionpool:http://localhost:56978 "POST /session/afe1fa8964899676e63cb1e04a8cc734/element HTTP/1.1" 200 0
DEBUG:selenium.webdriver.remote.remote_connection:Remote response: status=200 | data={"value":{"element-6066-11e4-a52e-4f735466cecf":"f.7775F430EE389219283CF89B6FF23DCA.d.9D4D1875C1FE031C5E9E245DFE6F4D1F.e.3"}} | headers=HTTPHeaderDict({'Content-Length': '125', 'Content-Type': 'application/json; charset=utf-8', 'cache-control': 'no-cache'})
DEBUG:selenium.webdriver.remote.remote_connection:Finished Request
DEBUG:selenium.webdriver.remote.remote_connection:POST http://localhost:56978/session/afe1fa8964899676e63cb1e04a8cc734/element/f.7775F430EE389219283CF89B6FF23DCA.d.9D4D1875C1FE031C5E9E245DFE6F4D1F.e.3/value {'text': 'Al89086307525Zx!', 'value': ['A', 'l', '8', '9', '0', '8', '6', '3', '0', '7', '5', '2', '5', 'Z', 'x', '!']}
DEBUG:urllib3.connectionpool:http://localhost:56978 "POST /session/afe1fa8964899676e63cb1e04a8cc734/element/f.7775F430EE389219283CF89B6FF23DCA.d.9D4D1875C1FE031C5E9E245DFE6F4D1F.e.3/value HTTP/1.1" 200 0
DEBUG:selenium.webdriver.remote.remote_connection:Remote response: status=200 | data={"value":null} | headers=HTTPHeaderDict({'Content-Length': '14', 'Content-Type': 'application/json; charset=utf-8', 'cache-control': 'no-cache'})
DEBUG:selenium.webdriver.remote.remote_connection:Finished Request
DEBUG:telethon.network.mtprotosender:Handling update UpdateShort
DEBUG:telethon.network.mtprotosender:Receiving items from the network...
DEBUG:selenium.webdriver.remote.remote_connection:POST http://localhost:56978/session/afe1fa8964899676e63cb1e04a8cc734/element {'using': 'css selector', 'value': '.icheckbox'}
DEBUG:urllib3.connectionpool:http://localhost:56978 "POST /session/afe1fa8964899676e63cb1e04a8cc734/element HTTP/1.1" 200 0
DEBUG:selenium.webdriver.remote.remote_connection:Remote response: status=200 | data={"value":{"element-6066-11e4-a52e-4f735466cecf":"f.7775F430EE389219283CF89B6FF23DCA.d.9D4D1875C1FE031C5E9E245DFE6F4D1F.e.10"}} | headers=HTTPHeaderDict({'Content-Length': '126', 'Content-Type': 'application/json; charset=utf-8', 'cache-control': 'no-cache'})
DEBUG:selenium.webdriver.remote.remote_connection:Finished Request
DEBUG:selenium.webdriver.remote.remote_connection:POST http://localhost:56978/session/afe1fa8964899676e63cb1e04a8cc734/element/f.7775F430EE389219283CF89B6FF23DCA.d.9D4D1875C1FE031C5E9E245DFE6F4D1F.e.10/click {}
DEBUG:urllib3.connectionpool:http://localhost:56978 "POST /session/afe1fa8964899676e63cb1e04a8cc734/element/f.7775F430EE389219283CF89B6FF23DCA.d.9D4D1875C1FE031C5E9E245DFE6F4D1F.e.10/click HTTP/1.1" 200 0
DEBUG:selenium.webdriver.remote.remote_connection:Remote response: status=200 | data={"value":null} | headers=HTTPHeaderDict({'Content-Length': '14', 'Content-Type': 'application/json; charset=utf-8', 'cache-control': 'no-cache'})
DEBUG:selenium.webdriver.remote.remote_connection:Finished Request
DEBUG:telethon.network.mtprotosender:Handling update UpdateShort
DEBUG:telethon.network.mtprotosender:Receiving items from the network...
DEBUG:selenium.webdriver.remote.remote_connection:POST http://localhost:56978/session/afe1fa8964899676e63cb1e04a8cc734/element {'using': 'css selector', 'value': '[name="commit"]'}
DEBUG:urllib3.connectionpool:http://localhost:56978 "POST /session/afe1fa8964899676e63cb1e04a8cc734/element HTTP/1.1" 200 0
DEBUG:selenium.webdriver.remote.remote_connection:Remote response: status=200 | data={"value":{"element-6066-11e4-a52e-4f735466cecf":"f.7775F430EE389219283CF89B6FF23DCA.d.9D4D1875C1FE031C5E9E245DFE6F4D1F.e.7"}} | headers=HTTPHeaderDict({'Content-Length': '125', 'Content-Type': 'application/json; charset=utf-8', 'cache-control': 'no-cache'})
DEBUG:selenium.webdriver.remote.remote_connection:Finished Request
DEBUG:selenium.webdriver.remote.remote_connection:POST http://localhost:56978/session/afe1fa8964899676e63cb1e04a8cc734/element/f.7775F430EE389219283CF89B6FF23DCA.d.9D4D1875C1FE031C5E9E245DFE6F4D1F.e.7/click {}
DEBUG:urllib3.connectionpool:http://localhost:56978 "POST /session/afe1fa8964899676e63cb1e04a8cc734/element/f.7775F430EE389219283CF89B6FF23DCA.d.9D4D1875C1FE031C5E9E245DFE6F4D1F.e.7/click HTTP/1.1" 200 0
DEBUG:selenium.webdriver.remote.remote_connection:Remote response: status=200 | data={"value":null} | headers=HTTPHeaderDict({'Content-Length': '14', 'Content-Type': 'application/json; charset=utf-8', 'cache-control': 'no-cache'})
DEBUG:selenium.webdriver.remote.remote_connection:Finished Request
DEBUG:telethon.network.mtprotosender:Handling update UpdateShort
DEBUG:telethon.network.mtprotosender:Receiving items from the network...
DEBUG:telethon.network.mtprotosender:Handling update UpdateShort
DEBUG:telethon.network.mtprotosender:Receiving items from the network...
DEBUG:selenium.webdriver.remote.remote_connection:POST http://localhost:56978/session/afe1fa8964899676e63cb1e04a8cc734/url {'url': 'https://ais.usvisa-info.com/ru-kz/niv/schedule/71354735/payment'}
DEBUG:urllib3.connectionpool:http://localhost:56978 "POST /session/afe1fa8964899676e63cb1e04a8cc734/url HTTP/1.1" 200 0
DEBUG:selenium.webdriver.remote.remote_connection:Remote response: status=200 | data={"value":null} | headers=HTTPHeaderDict({'Content-Length': '14', 'Content-Type': 'application/json; charset=utf-8', 'cache-control': 'no-cache'})
DEBUG:selenium.webdriver.remote.remote_connection:Finished Request
DEBUG:selenium.webdriver.remote.remote_connection:POST http://localhost:56978/session/afe1fa8964899676e63cb1e04a8cc734/element {'using': 'xpath', 'value': '//*[@id="paymentOptions"]/div[2]/table/tbody/tr[1]/td[2]'}
DEBUG:urllib3.connectionpool:http://localhost:56978 "POST /session/afe1fa8964899676e63cb1e04a8cc734/element HTTP/1.1" 200 0
DEBUG:selenium.webdriver.remote.remote_connection:Remote response: status=200 | data={"value":{"element-6066-11e4-a52e-4f735466cecf":"f.7775F430EE389219283CF89B6FF23DCA.d.DE61A9FA2E96AF39F402965F066E4887.e.60"}} | headers=HTTPHeaderDict({'Content-Length': '126', 'Content-Type': 'application/json; charset=utf-8', 'cache-control': 'no-cache'})
DEBUG:selenium.webdriver.remote.remote_connection:Finished Request
DEBUG:selenium.webdriver.remote.remote_connection:GET http://localhost:56978/session/afe1fa8964899676e63cb1e04a8cc734/element/f.7775F430EE389219283CF89B6FF23DCA.d.DE61A9FA2E96AF39F402965F066E4887.e.60/text {}
DEBUG:urllib3.connectionpool:http://localhost:56978 "GET /session/afe1fa8964899676e63cb1e04a8cc734/element/f.7775F430EE389219283CF89B6FF23DCA.d.DE61A9FA2E96AF39F402965F066E4887.e.60/text HTTP/1.1" 200 0
DEBUG:selenium.webdriver.remote.remote_connection:Remote response: status=200 | data={"value":"В данный момент запись невозможна."} | headers=HTTPHeaderDict({'Content-Length': '75', 'Content-Type': 'application/json; charset=utf-8', 'cache-control': 'no-cache'})
DEBUG:selenium.webdriver.remote.remote_connection:Finished Request
INFO:my_logger:Контент функции get_payment: В данный момент запись невозможна.
INFO:my_logger:Содержание функции login: None
INFO:telethon.network.mtprotosender:Disconnecting from 149.154.167.51:443/TcpFull...
DEBUG:telethon.network.mtprotosender:Closing current connection...
DEBUG:telethon.network.mtprotosender:Handling update UpdateShort
DEBUG:telethon.network.mtprotosender:Cancelling 0 pending message(s)...
INFO:telethon.network.mtprotosender:Disconnection from 149.154.167.51:443/TcpFull complete!
DEBUG:selenium.webdriver.common.selenium_manager:Selenium Manager binary found at: /Users/korobkin/Library/Python/3.9/lib/python/site-packages/selenium/webdriver/common/macos/selenium-manager
DEBUG:selenium.webdriver.common.selenium_manager:Executing process: /Users/korobkin/Library/Python/3.9/lib/python/site-packages/selenium/webdriver/common/macos/selenium-manager --browser chrome --debug --language-binding python --output json
DEBUG:selenium.webdriver.common.selenium_manager:chromedriver not found in PATH
DEBUG:selenium.webdriver.common.selenium_manager:chrome detected at /Applications/Google Chrome.app/Contents/MacOS/Google Chrome
DEBUG:selenium.webdriver.common.selenium_manager:Running command: /Applications/Google\ Chrome.app/Contents/MacOS/Google\ Chrome --version
DEBUG:selenium.webdriver.common.selenium_manager:Output: "Google Chrome 142.0.7444.176 "
DEBUG:selenium.webdriver.common.selenium_manager:Detected browser: chrome 142.0.7444.176
DEBUG:selenium.webdriver.common.selenium_manager:Required driver: chromedriver 142.0.7444.175
DEBUG:selenium.webdriver.common.selenium_manager:chromedriver 142.0.7444.175 already in the cache
DEBUG:selenium.webdriver.common.selenium_manager:Driver path: /Users/korobkin/.cache/selenium/chromedriver/mac-x64/142.0.7444.175/chromedriver
DEBUG:selenium.webdriver.common.selenium_manager:Browser path: /Applications/Google Chrome.app/Contents/MacOS/Google Chrome
DEBUG:selenium.webdriver.common.service:Started executable: `/Users/korobkin/.cache/selenium/chromedriver/mac-x64/142.0.7444.175/chromedriver` in a child process with pid: 43200 using 0 to output -3
DEBUG:selenium.webdriver.remote.remote_connection:POST http://localhost:57046/session {'capabilities': {'firstMatch': [{}], 'alwaysMatch': {'browserName': 'chrome', 'pageLoadStrategy': <PageLoadStrategy.normal: 'normal'>, 'browserVersion': None, 'goog:chromeOptions': {'extensions': [], 'binary': '/Applications/Google Chrome.app/Contents/MacOS/Google Chrome', 'args': []}}}}
DEBUG:urllib3.connectionpool:Starting new HTTP connection (1): localhost:57046
DEBUG:urllib3.connectionpool:http://localhost:57046 "POST /session HTTP/1.1" 200 0
DEBUG:selenium.webdriver.remote.remote_connection:Remote response: status=200 | data={"value":{"capabilities":{"acceptInsecureCerts":false,"browserName":"chrome","browserVersion":"142.0.7444.176","chrome":{"chromedriverVersion":"142.0.7444.175 (302067f14a4ea3f42001580e6101fa25ed343445-refs/branch-heads/7444@{#2749})","userDataDir":"/var/folders/xq/k28hhdp52nsbf92tjy5nm6940000gn/T/.org.chromium.Chromium.scoped_dir.mNaJGm"},"fedcm:accounts":true,"goog:chromeOptions":{"debuggerAddress":"localhost:57051"},"goog:processID":43201,"networkConnectionEnabled":false,"pageLoadStrategy":"normal","platformName":"mac","proxy":{},"setWindowRect":true,"strictFileInteractability":false,"timeouts":{"implicit":0,"pageLoad":300000,"script":30000},"unhandledPromptBehavior":"dismiss and notify","webauthn:extension:credBlob":true,"webauthn:extension:largeBlob":true,"webauthn:extension:minPinLength":true,"webauthn:extension:prf":true,"webauthn:virtualAuthenticators":true},"sessionId":"08b601f46165f8ac943d4deda6f80740"}} | headers=HTTPHeaderDict({'Content-Length': '926', 'Content-Type': 'application/json; charset=utf-8', 'cache-control': 'no-cache'})
DEBUG:selenium.webdriver.remote.remote_connection:Finished Request
INFO:my_logger:parsing start
DEBUG:asyncio:Using selector: KqueueSelector
INFO:telethon.network.mtprotosender:Connecting to 149.154.167.51:443/TcpFull...
DEBUG:telethon.network.mtprotosender:Connection attempt 1...
DEBUG:telethon.network.mtprotosender:Connection success!
DEBUG:telethon.network.mtprotosender:Starting send loop
DEBUG:telethon.network.mtprotosender:Starting receive loop
INFO:telethon.network.mtprotosender:Connection to 149.154.167.51:443/TcpFull complete!
DEBUG:telethon.network.mtprotosender:Waiting for messages to send...
DEBUG:telethon.extensions.messagepacker:Assigned msg_id = 7578879329075835440 to InvokeWithLayerRequest (1066a4d90)
DEBUG:telethon.network.mtprotosender:Encrypting 1 message(s) in 80 bytes for sending
DEBUG:telethon.network.mtprotosender:Encrypted messages put in a queue to be sent
DEBUG:telethon.network.mtprotosender:Waiting for messages to send...
DEBUG:telethon.network.mtprotosender:Receiving items from the network...
DEBUG:telethon.network.mtprotosender:Handling bad salt for message 7578879329075835440
DEBUG:telethon.network.mtprotosender:1 message(s) will be resent
DEBUG:telethon.network.mtprotosender:Receiving items from the network...
DEBUG:telethon.extensions.messagepacker:Assigned msg_id = 7578879329159620496 to InvokeWithLayerRequest (1066a4d90)
DEBUG:telethon.network.mtprotosender:Encrypting 1 message(s) in 80 bytes for sending
DEBUG:telethon.network.mtprotosender:Encrypted messages put in a queue to be sent
DEBUG:telethon.network.mtprotosender:Waiting for messages to send...
DEBUG:telethon.extensions.messagepacker:Assigned msg_id = 7578879329162707540 to MsgsAck (1066a4eb0)
DEBUG:telethon.network.mtprotosender:Encrypting 1 message(s) in 36 bytes for sending
DEBUG:telethon.network.mtprotosender:Encrypted messages put in a queue to be sent
DEBUG:telethon.network.mtprotosender:Waiting for messages to send...
DEBUG:telethon.network.mtprotosender:Handling container
DEBUG:telethon.network.mtprotosender:Handling new session created
DEBUG:telethon.network.mtprotosender:Handling acknowledge for [7578879329159620496]
DEBUG:telethon.network.mtprotosender:Receiving items from the network...
DEBUG:telethon.network.mtprotosender:Handling RPC result for message 7578879329159620496
DEBUG:telethon.network.mtprotosender:Receiving items from the network...
DEBUG:telethon.extensions.messagepacker:Assigned msg_id = 7578879329286351416 to GetUsersRequest (1066d3040)
DEBUG:telethon.network.mtprotosender:Encrypting 1 message(s) in 32 bytes for sending
DEBUG:telethon.network.mtprotosender:Encrypted messages put in a queue to be sent
DEBUG:telethon.network.mtprotosender:Waiting for messages to send...
DEBUG:telethon.extensions.messagepacker:Assigned msg_id = 7578879329292331908 to MsgsAck (1066a4e20)
DEBUG:telethon.network.mtprotosender:Encrypting 1 message(s) in 60 bytes for sending
DEBUG:telethon.network.mtprotosender:Encrypted messages put in a queue to be sent
DEBUG:telethon.network.mtprotosender:Waiting for messages to send...
DEBUG:telethon.network.mtprotosender:Handling RPC result for message 7578879329286351416
DEBUG:telethon.network.mtprotosender:Receiving items from the network...
DEBUG:telethon.extensions.messagepacker:Assigned msg_id = 7578879329447132320 to GetStateRequest (1066a4d90)
DEBUG:telethon.network.mtprotosender:Encrypting 1 message(s) in 20 bytes for sending
DEBUG:telethon.network.mtprotosender:Encrypted messages put in a queue to be sent
DEBUG:telethon.network.mtprotosender:Waiting for messages to send...
DEBUG:telethon.extensions.messagepacker:Assigned msg_id = 7578879329459228728 to MsgsAck (1066a4a60)
DEBUG:telethon.network.mtprotosender:Encrypting 1 message(s) in 36 bytes for sending
DEBUG:telethon.network.mtprotosender:Encrypted messages put in a queue to be sent
DEBUG:telethon.network.mtprotosender:Waiting for messages to send...
DEBUG:telethon.network.mtprotosender:Handling RPC result for message 7578879329447132320
DEBUG:telethon.network.mtprotosender:Receiving items from the network...
DEBUG:telethon.extensions.messagepacker:Assigned msg_id = 7578879329561112616 to GetDifferenceRequest (1066a4d90)
DEBUG:telethon.network.mtprotosender:Encrypting 1 message(s) in 36 bytes for sending
DEBUG:telethon.network.mtprotosender:Encrypted messages put in a queue to be sent
DEBUG:telethon.network.mtprotosender:Waiting for messages to send...
DEBUG:telethon.extensions.messagepacker:Assigned msg_id = 7578879329564168188 to MsgsAck (1066d33a0)
DEBUG:telethon.network.mtprotosender:Encrypting 1 message(s) in 36 bytes for sending
DEBUG:telethon.network.mtprotosender:Encrypted messages put in a queue to be sent
DEBUG:telethon.network.mtprotosender:Waiting for messages to send...
DEBUG:telethon.network.mtprotosender:Handling RPC result for message 7578879329561112616
DEBUG:telethon.network.mtprotosender:Receiving items from the network...
DEBUG:telethon.extensions.messagepacker:Assigned msg_id = 7578879329681648464 to GetUsersRequest (1066a4d30)
DEBUG:telethon.network.mtprotosender:Encrypting 1 message(s) in 32 bytes for sending
DEBUG:telethon.network.mtprotosender:Encrypted messages put in a queue to be sent
DEBUG:telethon.network.mtprotosender:Waiting for messages to send...
DEBUG:telethon.extensions.messagepacker:Assigned msg_id = 7578879329684412212 to MsgsAck (1066d3610)
DEBUG:telethon.network.mtprotosender:Encrypting 1 message(s) in 36 bytes for sending
DEBUG:telethon.network.mtprotosender:Encrypted messages put in a queue to be sent
DEBUG:telethon.network.mtprotosender:Waiting for messages to send...
DEBUG:telethon.network.mtprotosender:Handling RPC result for message 7578879329681648464
DEBUG:telethon.network.mtprotosender:Receiving items from the network...
INFO:my_logger:login start
DEBUG:selenium.webdriver.remote.remote_connection:POST http://localhost:57046/session/08b601f46165f8ac943d4deda6f80740/url {'url': 'https://ais.usvisa-info.com/ru-kz/niv/users/sign_in'}
DEBUG:urllib3.connectionpool:http://localhost:57046 "POST /session/08b601f46165f8ac943d4deda6f80740/url HTTP/1.1" 200 0
DEBUG:selenium.webdriver.remote.remote_connection:Remote response: status=200 | data={"value":null} | headers=HTTPHeaderDict({'Content-Length': '14', 'Content-Type': 'application/json; charset=utf-8', 'cache-control': 'no-cache'})
DEBUG:selenium.webdriver.remote.remote_connection:Finished Request
DEBUG:telethon.network.mtprotosender:Handling update UpdateShort
DEBUG:telethon.network.mtprotosender:Receiving items from the network...
DEBUG:selenium.webdriver.remote.remote_connection:POST http://localhost:57046/session/08b601f46165f8ac943d4deda6f80740/element {'using': 'css selector', 'value': '[id="user_email"]'}
DEBUG:urllib3.connectionpool:http://localhost:57046 "POST /session/08b601f46165f8ac943d4deda6f80740/element HTTP/1.1" 200 0
DEBUG:selenium.webdriver.remote.remote_connection:Remote response: status=200 | data={"value":{"element-6066-11e4-a52e-4f735466cecf":"f.E0D763E96307A8FF6A6F29AB985281B5.d.4B2AE8B23445A7C638E7E30B41B5146F.e.3"}} | headers=HTTPHeaderDict({'Content-Length': '125', 'Content-Type': 'application/json; charset=utf-8', 'cache-control': 'no-cache'})
DEBUG:selenium.webdriver.remote.remote_connection:Finished Request
DEBUG:selenium.webdriver.remote.remote_connection:POST http://localhost:57046/session/08b601f46165f8ac943d4deda6f80740/element/f.E0D763E96307A8FF6A6F29AB985281B5.d.4B2AE8B23445A7C638E7E30B41B5146F.e.3/value {'text': 'doner66@gmail.com', 'value': ['d', 'o', 'n', 'e', 'r', '6', '6', '@', 'g', 'm', 'a', 'i', 'l', '.', 'c', 'o', 'm']}
DEBUG:urllib3.connectionpool:http://localhost:57046 "POST /session/08b601f46165f8ac943d4deda6f80740/element/f.E0D763E96307A8FF6A6F29AB985281B5.d.4B2AE8B23445A7C638E7E30B41B5146F.e.3/value HTTP/1.1" 200 0
DEBUG:selenium.webdriver.remote.remote_connection:Remote response: status=200 | data={"value":null} | headers=HTTPHeaderDict({'Content-Length': '14', 'Content-Type': 'application/json; charset=utf-8', 'cache-control': 'no-cache'})
DEBUG:selenium.webdriver.remote.remote_connection:Finished Request
DEBUG:selenium.webdriver.remote.remote_connection:POST http://localhost:57046/session/08b601f46165f8ac943d4deda6f80740/element {'using': 'css selector', 'value': '[id="user_password"]'}
DEBUG:urllib3.connectionpool:http://localhost:57046 "POST /session/08b601f46165f8ac943d4deda6f80740/element HTTP/1.1" 200 0
DEBUG:selenium.webdriver.remote.remote_connection:Remote response: status=200 | data={"value":{"element-6066-11e4-a52e-4f735466cecf":"f.E0D763E96307A8FF6A6F29AB985281B5.d.4B2AE8B23445A7C638E7E30B41B5146F.e.4"}} | headers=HTTPHeaderDict({'Content-Length': '125', 'Content-Type': 'application/json; charset=utf-8', 'cache-control': 'no-cache'})
DEBUG:selenium.webdriver.remote.remote_connection:Finished Request
DEBUG:selenium.webdriver.remote.remote_connection:POST http://localhost:57046/session/08b601f46165f8ac943d4deda6f80740/element/f.E0D763E96307A8FF6A6F29AB985281B5.d.4B2AE8B23445A7C638E7E30B41B5146F.e.4/value {'text': 'Al89086307525Zx!', 'value': ['A', 'l', '8', '9', '0', '8', '6', '3', '0', '7', '5', '2', '5', 'Z', 'x', '!']}
DEBUG:urllib3.connectionpool:http://localhost:57046 "POST /session/08b601f46165f8ac943d4deda6f80740/element/f.E0D763E96307A8FF6A6F29AB985281B5.d.4B2AE8B23445A7C638E7E30B41B5146F.e.4/value HTTP/1.1" 200 0
DEBUG:selenium.webdriver.remote.remote_connection:Remote response: status=200 | data={"value":null} | headers=HTTPHeaderDict({'Content-Length': '14', 'Content-Type': 'application/json; charset=utf-8', 'cache-control': 'no-cache'})
DEBUG:selenium.webdriver.remote.remote_connection:Finished Request
DEBUG:selenium.webdriver.remote.remote_connection:POST http://localhost:57046/session/08b601f46165f8ac943d4deda6f80740/element {'using': 'css selector', 'value': '.icheckbox'}
DEBUG:urllib3.connectionpool:http://localhost:57046 "POST /session/08b601f46165f8ac943d4deda6f80740/element HTTP/1.1" 200 0
DEBUG:selenium.webdriver.remote.remote_connection:Remote response: status=200 | data={"value":{"element-6066-11e4-a52e-4f735466cecf":"f.E0D763E96307A8FF6A6F29AB985281B5.d.4B2AE8B23445A7C638E7E30B41B5146F.e.32"}} | headers=HTTPHeaderDict({'Content-Length': '126', 'Content-Type': 'application/json; charset=utf-8', 'cache-control': 'no-cache'})
DEBUG:selenium.webdriver.remote.remote_connection:Finished Request
DEBUG:selenium.webdriver.remote.remote_connection:POST http://localhost:57046/session/08b601f46165f8ac943d4deda6f80740/element/f.E0D763E96307A8FF6A6F29AB985281B5.d.4B2AE8B23445A7C638E7E30B41B5146F.e.32/click {}
DEBUG:telethon.network.mtprotosender:Handling update UpdateShort
DEBUG:telethon.network.mtprotosender:Receiving items from the network...
DEBUG:urllib3.connectionpool:http://localhost:57046 "POST /session/08b601f46165f8ac943d4deda6f80740/element/f.E0D763E96307A8FF6A6F29AB985281B5.d.4B2AE8B23445A7C638E7E30B41B5146F.e.32/click HTTP/1.1" 200 0
DEBUG:selenium.webdriver.remote.remote_connection:Remote response: status=200 | data={"value":null} | headers=HTTPHeaderDict({'Content-Length': '14', 'Content-Type': 'application/json; charset=utf-8', 'cache-control': 'no-cache'})
DEBUG:selenium.webdriver.remote.remote_connection:Finished Request
DEBUG:selenium.webdriver.remote.remote_connection:POST http://localhost:57046/session/08b601f46165f8ac943d4deda6f80740/element {'using': 'css selector', 'value': '[name="commit"]'}
DEBUG:urllib3.connectionpool:http://localhost:57046 "POST /session/08b601f46165f8ac943d4deda6f80740/element HTTP/1.1" 200 0
DEBUG:selenium.webdriver.remote.remote_connection:Remote response: status=200 | data={"value":{"element-6066-11e4-a52e-4f735466cecf":"f.E0D763E96307A8FF6A6F29AB985281B5.d.4B2AE8B23445A7C638E7E30B41B5146F.e.8"}} | headers=HTTPHeaderDict({'Content-Length': '125', 'Content-Type': 'application/json; charset=utf-8', 'cache-control': 'no-cache'})
DEBUG:selenium.webdriver.remote.remote_connection:Finished Request
DEBUG:selenium.webdriver.remote.remote_connection:POST http://localhost:57046/session/08b601f46165f8ac943d4deda6f80740/element/f.E0D763E96307A8FF6A6F29AB985281B5.d.4B2AE8B23445A7C638E7E30B41B5146F.e.8/click {}
DEBUG:urllib3.connectionpool:http://localhost:57046 "POST /session/08b601f46165f8ac943d4deda6f80740/element/f.E0D763E96307A8FF6A6F29AB985281B5.d.4B2AE8B23445A7C638E7E30B41B5146F.e.8/click HTTP/1.1" 200 0
DEBUG:selenium.webdriver.remote.remote_connection:Remote response: status=200 | data={"value":null} | headers=HTTPHeaderDict({'Content-Length': '14', 'Content-Type': 'application/json; charset=utf-8', 'cache-control': 'no-cache'})
DEBUG:selenium.webdriver.remote.remote_connection:Finished Request
DEBUG:selenium.webdriver.remote.remote_connection:POST http://localhost:57046/session/08b601f46165f8ac943d4deda6f80740/url {'url': 'https://ais.usvisa-info.com/ru-kz/niv/schedule/71354735/payment'}
DEBUG:urllib3.connectionpool:http://localhost:57046 "POST /session/08b601f46165f8ac943d4deda6f80740/url HTTP/1.1" 200 0
DEBUG:selenium.webdriver.remote.remote_connection:Remote response: status=200 | data={"value":null} | headers=HTTPHeaderDict({'Content-Length': '14', 'Content-Type': 'application/json; charset=utf-8', 'cache-control': 'no-cache'})
DEBUG:selenium.webdriver.remote.remote_connection:Finished Request
DEBUG:selenium.webdriver.remote.remote_connection:POST http://localhost:57046/session/08b601f46165f8ac943d4deda6f80740/element {'using': 'xpath', 'value': '//*[@id="paymentOptions"]/div[2]/table/tbody/tr[1]/td[2]'}
DEBUG:urllib3.connectionpool:http://localhost:57046 "POST /session/08b601f46165f8ac943d4deda6f80740/element HTTP/1.1" 200 0
DEBUG:selenium.webdriver.remote.remote_connection:Remote response: status=200 | data={"value":{"element-6066-11e4-a52e-4f735466cecf":"f.E0D763E96307A8FF6A6F29AB985281B5.d.DEE0576B223890AD0CC4948E62AC78A1.e.81"}} | headers=HTTPHeaderDict({'Content-Length': '126', 'Content-Type': 'application/json; charset=utf-8', 'cache-control': 'no-cache'})
DEBUG:selenium.webdriver.remote.remote_connection:Finished Request
DEBUG:selenium.webdriver.remote.remote_connection:GET http://localhost:57046/session/08b601f46165f8ac943d4deda6f80740/element/f.E0D763E96307A8FF6A6F29AB985281B5.d.DEE0576B223890AD0CC4948E62AC78A1.e.81/text {}
DEBUG:urllib3.connectionpool:http://localhost:57046 "GET /session/08b601f46165f8ac943d4deda6f80740/element/f.E0D763E96307A8FF6A6F29AB985281B5.d.DEE0576B223890AD0CC4948E62AC78A1.e.81/text HTTP/1.1" 200 0
DEBUG:selenium.webdriver.remote.remote_connection:Remote response: status=200 | data={"value":"В данный момент запись невозможна."} | headers=HTTPHeaderDict({'Content-Length': '75', 'Content-Type': 'application/json; charset=utf-8', 'cache-control': 'no-cache'})
DEBUG:selenium.webdriver.remote.remote_connection:Finished Request
INFO:my_logger:Контент функции get_payment: В данный момент запись невозможна.
INFO:my_logger:Содержание функции login: None
INFO:telethon.network.mtprotosender:Disconnecting from 149.154.167.51:443/TcpFull...
DEBUG:telethon.network.mtprotosender:Closing current connection...
DEBUG:telethon.network.mtprotosender:Handling update UpdateShort
DEBUG:telethon.network.mtprotosender:Cancelling 0 pending message(s)...
INFO:telethon.network.mtprotosender:Disconnection from 149.154.167.51:443/TcpFull complete!
DEBUG:selenium.webdriver.common.selenium_manager:Selenium Manager binary found at: /Users/korobkin/Library/Python/3.9/lib/python/site-packages/selenium/webdriver/common/macos/selenium-manager
DEBUG:selenium.webdriver.common.selenium_manager:Executing process: /Users/korobkin/Library/Python/3.9/lib/python/site-packages/selenium/webdriver/common/macos/selenium-manager --browser chrome --debug --language-binding python --output json
DEBUG:selenium.webdriver.common.selenium_manager:chromedriver not found in PATH
DEBUG:selenium.webdriver.common.selenium_manager:chrome detected at /Applications/Google Chrome.app/Contents/MacOS/Google Chrome
DEBUG:selenium.webdriver.common.selenium_manager:Running command: /Applications/Google\ Chrome.app/Contents/MacOS/Google\ Chrome --version
DEBUG:selenium.webdriver.common.selenium_manager:Output: "Google Chrome 142.0.7444.176 "
DEBUG:selenium.webdriver.common.selenium_manager:Detected browser: chrome 142.0.7444.176
DEBUG:selenium.webdriver.common.selenium_manager:Required driver: chromedriver 142.0.7444.175
DEBUG:selenium.webdriver.common.selenium_manager:chromedriver 142.0.7444.175 already in the cache
DEBUG:selenium.webdriver.common.selenium_manager:Driver path: /Users/korobkin/.cache/selenium/chromedriver/mac-x64/142.0.7444.175/chromedriver
DEBUG:selenium.webdriver.common.selenium_manager:Browser path: /Applications/Google Chrome.app/Contents/MacOS/Google Chrome
DEBUG:selenium.webdriver.common.service:Started executable: `/Users/korobkin/.cache/selenium/chromedriver/mac-x64/142.0.7444.175/chromedriver` in a child process with pid: 43481 using 0 to output -3
DEBUG:selenium.webdriver.remote.remote_connection:POST http://localhost:57113/session {'capabilities': {'firstMatch': [{}], 'alwaysMatch': {'browserName': 'chrome', 'pageLoadStrategy': <PageLoadStrategy.normal: 'normal'>, 'browserVersion': None, 'goog:chromeOptions': {'extensions': [], 'binary': '/Applications/Google Chrome.app/Contents/MacOS/Google Chrome', 'args': []}}}}
DEBUG:urllib3.connectionpool:Starting new HTTP connection (1): localhost:57113
DEBUG:urllib3.connectionpool:http://localhost:57113 "POST /session HTTP/1.1" 200 0
DEBUG:selenium.webdriver.remote.remote_connection:Remote response: status=200 | data={"value":{"capabilities":{"acceptInsecureCerts":false,"browserName":"chrome","browserVersion":"142.0.7444.176","chrome":{"chromedriverVersion":"142.0.7444.175 (302067f14a4ea3f42001580e6101fa25ed343445-refs/branch-heads/7444@{#2749})","userDataDir":"/var/folders/xq/k28hhdp52nsbf92tjy5nm6940000gn/T/.org.chromium.Chromium.scoped_dir.YpXJdS"},"fedcm:accounts":true,"goog:chromeOptions":{"debuggerAddress":"localhost:57120"},"goog:processID":43482,"networkConnectionEnabled":false,"pageLoadStrategy":"normal","platformName":"mac","proxy":{},"setWindowRect":true,"strictFileInteractability":false,"timeouts":{"implicit":0,"pageLoad":300000,"script":30000},"unhandledPromptBehavior":"dismiss and notify","webauthn:extension:credBlob":true,"webauthn:extension:largeBlob":true,"webauthn:extension:minPinLength":true,"webauthn:extension:prf":true,"webauthn:virtualAuthenticators":true},"sessionId":"247cc00b8f2227d4fc47ee6c5e1eda97"}} | headers=HTTPHeaderDict({'Content-Length': '926', 'Content-Type': 'application/json; charset=utf-8', 'cache-control': 'no-cache'})
DEBUG:selenium.webdriver.remote.remote_connection:Finished Request
INFO:my_logger:parsing start
DEBUG:asyncio:Using selector: KqueueSelector
INFO:telethon.network.mtprotosender:Connecting to 149.154.167.51:443/TcpFull...
DEBUG:telethon.network.mtprotosender:Connection attempt 1...
DEBUG:telethon.network.mtprotosender:Connection success!
DEBUG:telethon.network.mtprotosender:Starting send loop
DEBUG:telethon.network.mtprotosender:Starting receive loop
INFO:telethon.network.mtprotosender:Connection to 149.154.167.51:443/TcpFull complete!
DEBUG:telethon.network.mtprotosender:Waiting for messages to send...
DEBUG:telethon.extensions.messagepacker:Assigned msg_id = 7578880271112534156 to InvokeWithLayerRequest (1046c5c40)
DEBUG:telethon.network.mtprotosender:Encrypting 1 message(s) in 80 bytes for sending
DEBUG:telethon.network.mtprotosender:Encrypted messages put in a queue to be sent
DEBUG:telethon.network.mtprotosender:Waiting for messages to send...
DEBUG:telethon.network.mtprotosender:Receiving items from the network...
DEBUG:telethon.network.mtprotosender:Handling bad salt for message 7578880271112534156
DEBUG:telethon.network.mtprotosender:1 message(s) will be resent
DEBUG:telethon.network.mtprotosender:Receiving items from the network...
DEBUG:telethon.extensions.messagepacker:Assigned msg_id = 7578880271245593660 to InvokeWithLayerRequest (1046c5c40)
DEBUG:telethon.network.mtprotosender:Encrypting 1 message(s) in 80 bytes for sending
DEBUG:telethon.network.mtprotosender:Encrypted messages put in a queue to be sent
DEBUG:telethon.network.mtprotosender:Waiting for messages to send...
DEBUG:telethon.extensions.messagepacker:Assigned msg_id = 7578880271252689948 to MsgsAck (1046c5d60)
DEBUG:telethon.network.mtprotosender:Encrypting 1 message(s) in 36 bytes for sending
DEBUG:telethon.network.mtprotosender:Encrypted messages put in a queue to be sent
DEBUG:telethon.network.mtprotosender:Waiting for messages to send...
DEBUG:telethon.network.mtprotosender:Handling container
DEBUG:telethon.network.mtprotosender:Handling new session created
DEBUG:telethon.network.mtprotosender:Handling acknowledge for [7578880271245593660]
DEBUG:telethon.network.mtprotosender:Receiving items from the network...
DEBUG:telethon.network.mtprotosender:Handling RPC result for message 7578880271245593660
DEBUG:telethon.network.mtprotosender:Receiving items from the network...
DEBUG:telethon.extensions.messagepacker:Assigned msg_id = 7578880271636761300 to GetUsersRequest (1046c5c40)
DEBUG:telethon.network.mtprotosender:Encrypting 1 message(s) in 32 bytes for sending
DEBUG:telethon.network.mtprotosender:Encrypted messages put in a queue to be sent
DEBUG:telethon.network.mtprotosender:Waiting for messages to send...
DEBUG:telethon.extensions.messagepacker:Assigned msg_id = 7578880271638929956 to MsgsAck (1046c5cd0)
DEBUG:telethon.network.mtprotosender:Encrypting 1 message(s) in 60 bytes for sending
DEBUG:telethon.network.mtprotosender:Encrypted messages put in a queue to be sent
DEBUG:telethon.network.mtprotosender:Waiting for messages to send...
DEBUG:telethon.network.mtprotosender:Handling RPC result for message 7578880271636761300
DEBUG:telethon.network.mtprotosender:Receiving items from the network...
DEBUG:telethon.extensions.messagepacker:Assigned msg_id = 7578880272483633272 to GetStateRequest (1046c5c40)
DEBUG:telethon.network.mtprotosender:Encrypting 1 message(s) in 20 bytes for sending
DEBUG:telethon.network.mtprotosender:Encrypted messages put in a queue to be sent
DEBUG:telethon.network.mtprotosender:Waiting for messages to send...
DEBUG:telethon.extensions.messagepacker:Assigned msg_id = 7578880272486305468 to MsgsAck (103549190)
DEBUG:telethon.network.mtprotosender:Encrypting 1 message(s) in 36 bytes for sending
DEBUG:telethon.network.mtprotosender:Encrypted messages put in a queue to be sent
DEBUG:telethon.network.mtprotosender:Waiting for messages to send...
DEBUG:telethon.network.mtprotosender:Handling RPC result for message 7578880272483633272
DEBUG:telethon.network.mtprotosender:Receiving items from the network...
DEBUG:telethon.extensions.messagepacker:Assigned msg_id = 7578880272918052904 to GetDifferenceRequest (1046c5c40)
DEBUG:telethon.network.mtprotosender:Encrypting 1 message(s) in 36 bytes for sending
DEBUG:telethon.network.mtprotosender:Encrypted messages put in a queue to be sent
DEBUG:telethon.network.mtprotosender:Waiting for messages to send...
DEBUG:telethon.extensions.messagepacker:Assigned msg_id = 7578880272921317332 to MsgsAck (1046c5c70)
DEBUG:telethon.network.mtprotosender:Encrypting 1 message(s) in 36 bytes for sending
DEBUG:telethon.network.mtprotosender:Encrypted messages put in a queue to be sent
DEBUG:telethon.network.mtprotosender:Waiting for messages to send...
DEBUG:telethon.network.mtprotosender:Handling RPC result for message 7578880272918052904
DEBUG:telethon.network.mtprotosender:Receiving items from the network...
DEBUG:telethon.extensions.messagepacker:Assigned msg_id = 7578880273258284800 to GetUsersRequest (1046c5be0)
DEBUG:telethon.network.mtprotosender:Encrypting 1 message(s) in 32 bytes for sending
DEBUG:telethon.network.mtprotosender:Encrypted messages put in a queue to be sent
DEBUG:telethon.network.mtprotosender:Waiting for messages to send...
DEBUG:telethon.extensions.messagepacker:Assigned msg_id = 7578880273260884516 to MsgsAck (1046ee520)
DEBUG:telethon.network.mtprotosender:Encrypting 1 message(s) in 36 bytes for sending
DEBUG:telethon.network.mtprotosender:Encrypted messages put in a queue to be sent
DEBUG:telethon.network.mtprotosender:Waiting for messages to send...
DEBUG:telethon.network.mtprotosender:Handling RPC result for message 7578880273258284800
DEBUG:telethon.network.mtprotosender:Receiving items from the network...
INFO:my_logger:login start
DEBUG:selenium.webdriver.remote.remote_connection:POST http://localhost:57113/session/247cc00b8f2227d4fc47ee6c5e1eda97/url {'url': 'https://ais.usvisa-info.com/ru-kz/niv/users/sign_in'}
DEBUG:urllib3.connectionpool:http://localhost:57113 "POST /session/247cc00b8f2227d4fc47ee6c5e1eda97/url HTTP/1.1" 200 0
DEBUG:selenium.webdriver.remote.remote_connection:Remote response: status=200 | data={"value":null} | headers=HTTPHeaderDict({'Content-Length': '14', 'Content-Type': 'application/json; charset=utf-8', 'cache-control': 'no-cache'})
DEBUG:selenium.webdriver.remote.remote_connection:Finished Request
DEBUG:selenium.webdriver.remote.remote_connection:POST http://localhost:57113/session/247cc00b8f2227d4fc47ee6c5e1eda97/element {'using': 'css selector', 'value': '[id="user_email"]'}
DEBUG:urllib3.connectionpool:http://localhost:57113 "POST /session/247cc00b8f2227d4fc47ee6c5e1eda97/element HTTP/1.1" 200 0
DEBUG:selenium.webdriver.remote.remote_connection:Remote response: status=200 | data={"value":{"element-6066-11e4-a52e-4f735466cecf":"f.0165AF48952B1B5AA0F8FC9E2FB5731A.d.382FBA3C5EAFDDB9AE1F7BD9BA329EFE.e.3"}} | headers=HTTPHeaderDict({'Content-Length': '125', 'Content-Type': 'application/json; charset=utf-8', 'cache-control': 'no-cache'})
DEBUG:selenium.webdriver.remote.remote_connection:Finished Request
DEBUG:selenium.webdriver.remote.remote_connection:POST http://localhost:57113/session/247cc00b8f2227d4fc47ee6c5e1eda97/element/f.0165AF48952B1B5AA0F8FC9E2FB5731A.d.382FBA3C5EAFDDB9AE1F7BD9BA329EFE.e.3/value {'text': 'doner66@gmail.com', 'value': ['d', 'o', 'n', 'e', 'r', '6', '6', '@', 'g', 'm', 'a', 'i', 'l', '.', 'c', 'o', 'm']}
DEBUG:urllib3.connectionpool:http://localhost:57113 "POST /session/247cc00b8f2227d4fc47ee6c5e1eda97/element/f.0165AF48952B1B5AA0F8FC9E2FB5731A.d.382FBA3C5EAFDDB9AE1F7BD9BA329EFE.e.3/value HTTP/1.1" 200 0
DEBUG:selenium.webdriver.remote.remote_connection:Remote response: status=200 | data={"value":null} | headers=HTTPHeaderDict({'Content-Length': '14', 'Content-Type': 'application/json; charset=utf-8', 'cache-control': 'no-cache'})
DEBUG:selenium.webdriver.remote.remote_connection:Finished Request
DEBUG:selenium.webdriver.remote.remote_connection:POST http://localhost:57113/session/247cc00b8f2227d4fc47ee6c5e1eda97/element {'using': 'css selector', 'value': '[id="user_password"]'}
DEBUG:urllib3.connectionpool:http://localhost:57113 "POST /session/247cc00b8f2227d4fc47ee6c5e1eda97/element HTTP/1.1" 200 0
DEBUG:selenium.webdriver.remote.remote_connection:Remote response: status=200 | data={"value":{"element-6066-11e4-a52e-4f735466cecf":"f.0165AF48952B1B5AA0F8FC9E2FB5731A.d.382FBA3C5EAFDDB9AE1F7BD9BA329EFE.e.4"}} | headers=HTTPHeaderDict({'Content-Length': '125', 'Content-Type': 'application/json; charset=utf-8', 'cache-control': 'no-cache'})
DEBUG:selenium.webdriver.remote.remote_connection:Finished Request
DEBUG:selenium.webdriver.remote.remote_connection:POST http://localhost:57113/session/247cc00b8f2227d4fc47ee6c5e1eda97/element/f.0165AF48952B1B5AA0F8FC9E2FB5731A.d.382FBA3C5EAFDDB9AE1F7BD9BA329EFE.e.4/value {'text': 'Al89086307525Zx!', 'value': ['A', 'l', '8', '9', '0', '8', '6', '3', '0', '7', '5', '2', '5', 'Z', 'x', '!']}
DEBUG:urllib3.connectionpool:http://localhost:57113 "POST /session/247cc00b8f2227d4fc47ee6c5e1eda97/element/f.0165AF48952B1B5AA0F8FC9E2FB5731A.d.382FBA3C5EAFDDB9AE1F7BD9BA329EFE.e.4/value HTTP/1.1" 200 0
DEBUG:selenium.webdriver.remote.remote_connection:Remote response: status=200 | data={"value":null} | headers=HTTPHeaderDict({'Content-Length': '14', 'Content-Type': 'application/json; charset=utf-8', 'cache-control': 'no-cache'})
DEBUG:selenium.webdriver.remote.remote_connection:Finished Request
DEBUG:selenium.webdriver.remote.remote_connection:POST http://localhost:57113/session/247cc00b8f2227d4fc47ee6c5e1eda97/element {'using': 'css selector', 'value': '.icheckbox'}
DEBUG:urllib3.connectionpool:http://localhost:57113 "POST /session/247cc00b8f2227d4fc47ee6c5e1eda97/element HTTP/1.1" 200 0
DEBUG:selenium.webdriver.remote.remote_connection:Remote response: status=200 | data={"value":{"element-6066-11e4-a52e-4f735466cecf":"f.0165AF48952B1B5AA0F8FC9E2FB5731A.d.382FBA3C5EAFDDB9AE1F7BD9BA329EFE.e.36"}} | headers=HTTPHeaderDict({'Content-Length': '126', 'Content-Type': 'application/json; charset=utf-8', 'cache-control': 'no-cache'})
DEBUG:selenium.webdriver.remote.remote_connection:Finished Request
DEBUG:selenium.webdriver.remote.remote_connection:POST http://localhost:57113/session/247cc00b8f2227d4fc47ee6c5e1eda97/element/f.0165AF48952B1B5AA0F8FC9E2FB5731A.d.382FBA3C5EAFDDB9AE1F7BD9BA329EFE.e.36/click {}
DEBUG:urllib3.connectionpool:http://localhost:57113 "POST /session/247cc00b8f2227d4fc47ee6c5e1eda97/element/f.0165AF48952B1B5AA0F8FC9E2FB5731A.d.382FBA3C5EAFDDB9AE1F7BD9BA329EFE.e.36/click HTTP/1.1" 200 0
DEBUG:selenium.webdriver.remote.remote_connection:Remote response: status=200 | data={"value":null} | headers=HTTPHeaderDict({'Content-Length': '14', 'Content-Type': 'application/json; charset=utf-8', 'cache-control': 'no-cache'})
DEBUG:selenium.webdriver.remote.remote_connection:Finished Request
DEBUG:selenium.webdriver.remote.remote_connection:POST http://localhost:57113/session/247cc00b8f2227d4fc47ee6c5e1eda97/element {'using': 'css selector', 'value': '[name="commit"]'}
DEBUG:urllib3.connectionpool:http://localhost:57113 "POST /session/247cc00b8f2227d4fc47ee6c5e1eda97/element HTTP/1.1" 200 0
DEBUG:selenium.webdriver.remote.remote_connection:Remote response: status=200 | data={"value":{"element-6066-11e4-a52e-4f735466cecf":"f.0165AF48952B1B5AA0F8FC9E2FB5731A.d.382FBA3C5EAFDDB9AE1F7BD9BA329EFE.e.8"}} | headers=HTTPHeaderDict({'Content-Length': '125', 'Content-Type': 'application/json; charset=utf-8', 'cache-control': 'no-cache'})
DEBUG:selenium.webdriver.remote.remote_connection:Finished Request
DEBUG:selenium.webdriver.remote.remote_connection:POST http://localhost:57113/session/247cc00b8f2227d4fc47ee6c5e1eda97/element/f.0165AF48952B1B5AA0F8FC9E2FB5731A.d.382FBA3C5EAFDDB9AE1F7BD9BA329EFE.e.8/click {}
DEBUG:urllib3.connectionpool:http://localhost:57113 "POST /session/247cc00b8f2227d4fc47ee6c5e1eda97/element/f.0165AF48952B1B5AA0F8FC9E2FB5731A.d.382FBA3C5EAFDDB9AE1F7BD9BA329EFE.e.8/click HTTP/1.1" 200 0
DEBUG:selenium.webdriver.remote.remote_connection:Remote response: status=200 | data={"value":null} | headers=HTTPHeaderDict({'Content-Length': '14', 'Content-Type': 'application/json; charset=utf-8', 'cache-control': 'no-cache'})
DEBUG:selenium.webdriver.remote.remote_connection:Finished Request
DEBUG:selenium.webdriver.remote.remote_connection:POST http://localhost:57113/session/247cc00b8f2227d4fc47ee6c5e1eda97/url {'url': 'https://ais.usvisa-info.com/ru-kz/niv/schedule/71354735/payment'}
DEBUG:urllib3.connectionpool:http://localhost:57113 "POST /session/247cc00b8f2227d4fc47ee6c5e1eda97/url HTTP/1.1" 200 0
DEBUG:selenium.webdriver.remote.remote_connection:Remote response: status=200 | data={"value":null} | headers=HTTPHeaderDict({'Content-Length': '14', 'Content-Type': 'application/json; charset=utf-8', 'cache-control': 'no-cache'})
DEBUG:selenium.webdriver.remote.remote_connection:Finished Request
DEBUG:telethon.network.mtprotosender:Handling update UpdateShort
DEBUG:telethon.network.mtprotosender:Receiving items from the network...
DEBUG:selenium.webdriver.remote.remote_connection:POST http://localhost:57113/session/247cc00b8f2227d4fc47ee6c5e1eda97/element {'using': 'xpath', 'value': '//*[@id="paymentOptions"]/div[2]/table/tbody/tr[1]/td[2]'}
DEBUG:urllib3.connectionpool:http://localhost:57113 "POST /session/247cc00b8f2227d4fc47ee6c5e1eda97/element HTTP/1.1" 200 0
DEBUG:selenium.webdriver.remote.remote_connection:Remote response: status=200 | data={"value":{"element-6066-11e4-a52e-4f735466cecf":"f.0165AF48952B1B5AA0F8FC9E2FB5731A.d.0497BF3B1810DA89158EB3B45C720702.e.86"}} | headers=HTTPHeaderDict({'Content-Length': '126', 'Content-Type': 'application/json; charset=utf-8', 'cache-control': 'no-cache'})
DEBUG:selenium.webdriver.remote.remote_connection:Finished Request
DEBUG:selenium.webdriver.remote.remote_connection:GET http://localhost:57113/session/247cc00b8f2227d4fc47ee6c5e1eda97/element/f.0165AF48952B1B5AA0F8FC9E2FB5731A.d.0497BF3B1810DA89158EB3B45C720702.e.86/text {}
DEBUG:urllib3.connectionpool:http://localhost:57113 "GET /session/247cc00b8f2227d4fc47ee6c5e1eda97/element/f.0165AF48952B1B5AA0F8FC9E2FB5731A.d.0497BF3B1810DA89158EB3B45C720702.e.86/text HTTP/1.1" 200 0
DEBUG:selenium.webdriver.remote.remote_connection:Remote response: status=200 | data={"value":"В данный момент запись невозможна."} | headers=HTTPHeaderDict({'Content-Length': '75', 'Content-Type': 'application/json; charset=utf-8', 'cache-control': 'no-cache'})
DEBUG:selenium.webdriver.remote.remote_connection:Finished Request
INFO:my_logger:Контент функции get_payment: В данный момент запись невозможна.
DEBUG:selenium.webdriver.remote.remote_connection:DELETE http://localhost:57113/session/247cc00b8f2227d4fc47ee6c5e1eda97/window {}
DEBUG:urllib3.connectionpool:http://localhost:57113 "DELETE /session/247cc00b8f2227d4fc47ee6c5e1eda97/window HTTP/1.1" 200 0
DEBUG:selenium.webdriver.remote.remote_connection:Remote response: status=200 | data={"value":[]} | headers=HTTPHeaderDict({'Content-Length': '12', 'Content-Type': 'application/json; charset=utf-8', 'cache-control': 'no-cache'})
DEBUG:selenium.webdriver.remote.remote_connection:Finished Request
INFO:my_logger:Содержание функции login: None
INFO:my_logger:login start
WARNING:telethon.network.mtprotostate:Server sent a very old message with ID 7578880344413336577, ignoring (see FAQ for details)
DEBUG:selenium.webdriver.remote.remote_connection:POST http://localhost:57113/session/247cc00b8f2227d4fc47ee6c5e1eda97/url {'url': 'https://ais.usvisa-info.com/ru-kz/niv/users/sign_in'}
DEBUG:telethon.network.mtprotosender:Receiving items from the network...
DEBUG:urllib3.connectionpool:http://localhost:57113 "POST /session/247cc00b8f2227d4fc47ee6c5e1eda97/url HTTP/1.1" 404 0
DEBUG:selenium.webdriver.remote.remote_connection:Remote response: status=404 | data={"value":{"error":"invalid session id","message":"invalid session id","stacktrace":"0   chromedriver                        0x0000000106465698 chromedriver + 6153880\n1   chromedriver                        0x000000010645cb6a chromedriver + 6118250\n2   chromedriver                        0x0000000105ef1878 chromedriver + 436344\n3   chromedriver                        0x0000000105f35d1b chromedriver + 716059\n4   chromedriver                        0x0000000105f6a886 chromedriver + 931974\n5   chromedriver                        0x0000000105f64fe4 chromedriver + 909284\n6   chromedriver                        0x0000000105f64397 chromedriver + 906135\n7   chromedriver                        0x0000000105eb8d0f chromedriver + 204047\n8   chromedriver                        0x0000000106422011 chromedriver + 5877777\n9   chromedriver                        0x00000001064264c2 chromedriver + 5895362\n10  chromedriver                        0x00000001063fe155 chromedriver + 5730645\n11  chromedriver                        0x0000000106426f6f chromedriver + 5898095\n12  chromedriver                        0x00000001063eddc4 chromedriver + 5664196\n13  chromedriver                        0x0000000105eb6924 chromedriver + 194852\n14  dyld                                0x00007ff80c856418 start + 1896\n"}} | headers=HTTPHeaderDict({'Content-Length': '1315', 'Content-Type': 'application/json; charset=utf-8', 'cache-control': 'no-cache'})
WARNING:telethon.network.mtprotostate:Server sent a very old message with ID 7578880354901244929, ignoring (see FAQ for details)
DEBUG:selenium.webdriver.remote.remote_connection:Finished Request
DEBUG:telethon.network.mtprotosender:Receiving items from the network...
DEBUG:telethon.extensions.messagepacker:Assigned msg_id = 7578882900021143500 to PingRequest (1046ee2e0)
DEBUG:telethon.network.mtprotosender:Encrypting 1 message(s) in 28 bytes for sending
DEBUG:telethon.network.mtprotosender:Encrypted messages put in a queue to be sent
DEBUG:telethon.network.mtprotosender:Waiting for messages to send...
DEBUG:telethon.extensions.messagepacker:Assigned msg_id = 7578882900024811332 to MsgsAck (1046ee6d0)
DEBUG:telethon.network.mtprotosender:Encrypting 1 message(s) in 44 bytes for sending
WARNING:telethon.network.mtprotostate:Server sent a very old message with ID 7578880400621545473, ignoring (see FAQ for details)
DEBUG:telethon.network.mtprotosender:Receiving items from the network...
DEBUG:telethon.network.mtprotosender:Encrypted messages put in a queue to be sent
DEBUG:telethon.network.mtprotosender:Waiting for messages to send...
WARNING:telethon.network.mtprotostate:Server sent a very old message with ID 7578880424676273153, ignoring (see FAQ for details)
DEBUG:telethon.network.mtprotosender:Receiving items from the network...
INFO:telethon.network.mtprotosender:Disconnecting from 149.154.167.51:443/TcpFull...
DEBUG:telethon.network.mtprotosender:Closing current connection...
WARNING:telethon.network.mtprotostate:Server sent a very old message with ID 7578880432284442625, ignoring (see FAQ for details)
DEBUG:telethon.network.mtprotosender:Cancelling 1 pending message(s)...
INFO:telethon.network.mtprotosender:Disconnection from 149.154.167.51:443/TcpFull complete!
DEBUG:selenium.webdriver.common.selenium_manager:Selenium Manager binary found at: /Users/korobkin/Library/Python/3.9/lib/python/site-packages/selenium/webdriver/common/macos/selenium-manager
DEBUG:selenium.webdriver.common.selenium_manager:Executing process: /Users/korobkin/Library/Python/3.9/lib/python/site-packages/selenium/webdriver/common/macos/selenium-manager --browser chrome --debug --language-binding python --output json
DEBUG:selenium.webdriver.common.selenium_manager:chromedriver not found in PATH
DEBUG:selenium.webdriver.common.selenium_manager:chrome detected at /Applications/Google Chrome.app/Contents/MacOS/Google Chrome
DEBUG:selenium.webdriver.common.selenium_manager:Running command: /Applications/Google\ Chrome.app/Contents/MacOS/Google\ Chrome --version
DEBUG:selenium.webdriver.common.selenium_manager:Output: "Google Chrome 142.0.7444.176 "
DEBUG:selenium.webdriver.common.selenium_manager:Detected browser: chrome 142.0.7444.176
DEBUG:selenium.webdriver.common.selenium_manager:Required driver: chromedriver 142.0.7444.175
DEBUG:selenium.webdriver.common.selenium_manager:chromedriver 142.0.7444.175 already in the cache
DEBUG:selenium.webdriver.common.selenium_manager:Driver path: /Users/korobkin/.cache/selenium/chromedriver/mac-x64/142.0.7444.175/chromedriver
DEBUG:selenium.webdriver.common.selenium_manager:Browser path: /Applications/Google Chrome.app/Contents/MacOS/Google Chrome
DEBUG:selenium.webdriver.common.service:Started executable: `/Users/korobkin/.cache/selenium/chromedriver/mac-x64/142.0.7444.175/chromedriver` in a child process with pid: 45459 using 0 to output -3
DEBUG:selenium.webdriver.remote.remote_connection:POST http://localhost:57549/session {'capabilities': {'firstMatch': [{}], 'alwaysMatch': {'browserName': 'chrome', 'pageLoadStrategy': <PageLoadStrategy.normal: 'normal'>, 'browserVersion': None, 'goog:chromeOptions': {'extensions': [], 'binary': '/Applications/Google Chrome.app/Contents/MacOS/Google Chrome', 'args': []}}}}
DEBUG:urllib3.connectionpool:Starting new HTTP connection (1): localhost:57549
DEBUG:urllib3.connectionpool:http://localhost:57549 "POST /session HTTP/1.1" 200 0
DEBUG:selenium.webdriver.remote.remote_connection:Remote response: status=200 | data={"value":{"capabilities":{"acceptInsecureCerts":false,"browserName":"chrome","browserVersion":"142.0.7444.176","chrome":{"chromedriverVersion":"142.0.7444.175 (302067f14a4ea3f42001580e6101fa25ed343445-refs/branch-heads/7444@{#2749})","userDataDir":"/var/folders/xq/k28hhdp52nsbf92tjy5nm6940000gn/T/.org.chromium.Chromium.scoped_dir.IGlh91"},"fedcm:accounts":true,"goog:chromeOptions":{"debuggerAddress":"localhost:57560"},"goog:processID":45460,"networkConnectionEnabled":false,"pageLoadStrategy":"normal","platformName":"mac","proxy":{},"setWindowRect":true,"strictFileInteractability":false,"timeouts":{"implicit":0,"pageLoad":300000,"script":30000},"unhandledPromptBehavior":"dismiss and notify","webauthn:extension:credBlob":true,"webauthn:extension:largeBlob":true,"webauthn:extension:minPinLength":true,"webauthn:extension:prf":true,"webauthn:virtualAuthenticators":true},"sessionId":"2eb8d645d07ce069170b084f77aa1fc4"}} | headers=HTTPHeaderDict({'Content-Length': '926', 'Content-Type': 'application/json; charset=utf-8', 'cache-control': 'no-cache'})
DEBUG:selenium.webdriver.remote.remote_connection:Finished Request
INFO:my_logger:parsing start
DEBUG:asyncio:Using selector: KqueueSelector
INFO:telethon.network.mtprotosender:Connecting to 149.154.167.51:443/TcpFull...
DEBUG:telethon.network.mtprotosender:Connection attempt 1...
DEBUG:telethon.network.mtprotosender:Connection success!
DEBUG:telethon.network.mtprotosender:Starting send loop
DEBUG:telethon.network.mtprotosender:Starting receive loop
INFO:telethon.network.mtprotosender:Connection to 149.154.167.51:443/TcpFull complete!
DEBUG:telethon.network.mtprotosender:Waiting for messages to send...
DEBUG:telethon.extensions.messagepacker:Assigned msg_id = 7578893254073641928 to InvokeWithLayerRequest (112405c40)
DEBUG:telethon.network.mtprotosender:Encrypting 1 message(s) in 80 bytes for sending
DEBUG:telethon.network.mtprotosender:Encrypted messages put in a queue to be sent
DEBUG:telethon.network.mtprotosender:Waiting for messages to send...
DEBUG:telethon.network.mtprotosender:Receiving items from the network...
DEBUG:telethon.network.mtprotosender:Handling bad salt for message 7578893254073641928
DEBUG:telethon.network.mtprotosender:1 message(s) will be resent
DEBUG:telethon.network.mtprotosender:Receiving items from the network...
DEBUG:telethon.extensions.messagepacker:Assigned msg_id = 7578893254189238696 to InvokeWithLayerRequest (112405c40)
DEBUG:telethon.network.mtprotosender:Encrypting 1 message(s) in 80 bytes for sending
DEBUG:telethon.network.mtprotosender:Encrypted messages put in a queue to be sent
DEBUG:telethon.network.mtprotosender:Waiting for messages to send...
DEBUG:telethon.extensions.messagepacker:Assigned msg_id = 7578893254195426136 to MsgsAck (112405d60)
DEBUG:telethon.network.mtprotosender:Encrypting 1 message(s) in 36 bytes for sending
DEBUG:telethon.network.mtprotosender:Encrypted messages put in a queue to be sent
DEBUG:telethon.network.mtprotosender:Waiting for messages to send...
DEBUG:telethon.network.mtprotosender:Handling container
DEBUG:telethon.network.mtprotosender:Handling new session created
DEBUG:telethon.network.mtprotosender:Handling acknowledge for [7578893254189238696]
DEBUG:telethon.network.mtprotosender:Receiving items from the network...
DEBUG:telethon.network.mtprotosender:Handling RPC result for message 7578893254189238696
DEBUG:telethon.network.mtprotosender:Receiving items from the network...
DEBUG:telethon.extensions.messagepacker:Assigned msg_id = 7578893254346169620 to GetUsersRequest (112405c40)
DEBUG:telethon.network.mtprotosender:Encrypting 1 message(s) in 32 bytes for sending
DEBUG:telethon.network.mtprotosender:Encrypted messages put in a queue to be sent
DEBUG:telethon.network.mtprotosender:Waiting for messages to send...
DEBUG:telethon.extensions.messagepacker:Assigned msg_id = 7578893254350390584 to MsgsAck (112405cd0)
DEBUG:telethon.network.mtprotosender:Encrypting 1 message(s) in 60 bytes for sending
DEBUG:telethon.network.mtprotosender:Encrypted messages put in a queue to be sent
DEBUG:telethon.network.mtprotosender:Waiting for messages to send...
DEBUG:telethon.network.mtprotosender:Handling RPC result for message 7578893254346169620
DEBUG:telethon.network.mtprotosender:Receiving items from the network...
DEBUG:telethon.extensions.messagepacker:Assigned msg_id = 7578893254479618220 to GetStateRequest (112405c40)
DEBUG:telethon.network.mtprotosender:Encrypting 1 message(s) in 20 bytes for sending
DEBUG:telethon.network.mtprotosender:Encrypted messages put in a queue to be sent
DEBUG:telethon.network.mtprotosender:Waiting for messages to send...
DEBUG:telethon.extensions.messagepacker:Assigned msg_id = 7578893254485909612 to MsgsAck (1112891c0)
DEBUG:telethon.network.mtprotosender:Encrypting 1 message(s) in 36 bytes for sending
DEBUG:telethon.network.mtprotosender:Encrypted messages put in a queue to be sent
DEBUG:telethon.network.mtprotosender:Waiting for messages to send...
DEBUG:telethon.network.mtprotosender:Handling RPC result for message 7578893254479618220
DEBUG:telethon.network.mtprotosender:Receiving items from the network...
DEBUG:telethon.extensions.messagepacker:Assigned msg_id = 7578893254614398152 to GetDifferenceRequest (112405c40)
DEBUG:telethon.network.mtprotosender:Encrypting 1 message(s) in 36 bytes for sending
DEBUG:telethon.network.mtprotosender:Encrypted messages put in a queue to be sent
DEBUG:telethon.network.mtprotosender:Waiting for messages to send...
DEBUG:telethon.extensions.messagepacker:Assigned msg_id = 7578893254622718008 to MsgsAck (112405c70)
DEBUG:telethon.network.mtprotosender:Encrypting 1 message(s) in 36 bytes for sending
DEBUG:telethon.network.mtprotosender:Encrypted messages put in a queue to be sent
DEBUG:telethon.network.mtprotosender:Waiting for messages to send...
DEBUG:telethon.network.mtprotosender:Handling RPC result for message 7578893254614398152
DEBUG:telethon.network.mtprotosender:Receiving items from the network...
DEBUG:telethon.extensions.messagepacker:Assigned msg_id = 7578893254760041388 to GetUsersRequest (112405be0)
DEBUG:telethon.network.mtprotosender:Encrypting 1 message(s) in 32 bytes for sending
DEBUG:telethon.network.mtprotosender:Encrypted messages put in a queue to be sent
DEBUG:telethon.network.mtprotosender:Waiting for messages to send...
DEBUG:telethon.extensions.messagepacker:Assigned msg_id = 7578893254764082104 to MsgsAck (11242e4c0)
DEBUG:telethon.network.mtprotosender:Encrypting 1 message(s) in 36 bytes for sending
DEBUG:telethon.network.mtprotosender:Encrypted messages put in a queue to be sent
DEBUG:telethon.network.mtprotosender:Waiting for messages to send...
DEBUG:telethon.network.mtprotosender:Handling RPC result for message 7578893254760041388
DEBUG:telethon.network.mtprotosender:Receiving items from the network...
INFO:my_logger:login start
DEBUG:selenium.webdriver.remote.remote_connection:POST http://localhost:57549/session/2eb8d645d07ce069170b084f77aa1fc4/url {'url': 'https://ais.usvisa-info.com/ru-kz/niv/users/sign_in'}
DEBUG:urllib3.connectionpool:http://localhost:57549 "POST /session/2eb8d645d07ce069170b084f77aa1fc4/url HTTP/1.1" 200 0
DEBUG:selenium.webdriver.remote.remote_connection:Remote response: status=200 | data={"value":null} | headers=HTTPHeaderDict({'Content-Length': '14', 'Content-Type': 'application/json; charset=utf-8', 'cache-control': 'no-cache'})
DEBUG:selenium.webdriver.remote.remote_connection:Finished Request
DEBUG:selenium.webdriver.remote.remote_connection:POST http://localhost:57549/session/2eb8d645d07ce069170b084f77aa1fc4/element {'using': 'css selector', 'value': '[id="user_email"]'}
DEBUG:urllib3.connectionpool:http://localhost:57549 "POST /session/2eb8d645d07ce069170b084f77aa1fc4/element HTTP/1.1" 200 0
DEBUG:selenium.webdriver.remote.remote_connection:Remote response: status=200 | data={"value":{"element-6066-11e4-a52e-4f735466cecf":"f.4A21C222EB6E7FA2C6945FD5A6BF8D43.d.B45097D15FE97A58ADB666A0F5E8CD28.e.3"}} | headers=HTTPHeaderDict({'Content-Length': '125', 'Content-Type': 'application/json; charset=utf-8', 'cache-control': 'no-cache'})
DEBUG:selenium.webdriver.remote.remote_connection:Finished Request
DEBUG:selenium.webdriver.remote.remote_connection:POST http://localhost:57549/session/2eb8d645d07ce069170b084f77aa1fc4/element/f.4A21C222EB6E7FA2C6945FD5A6BF8D43.d.B45097D15FE97A58ADB666A0F5E8CD28.e.3/value {'text': 'doner66@gmail.com', 'value': ['d', 'o', 'n', 'e', 'r', '6', '6', '@', 'g', 'm', 'a', 'i', 'l', '.', 'c', 'o', 'm']}
DEBUG:urllib3.connectionpool:http://localhost:57549 "POST /session/2eb8d645d07ce069170b084f77aa1fc4/element/f.4A21C222EB6E7FA2C6945FD5A6BF8D43.d.B45097D15FE97A58ADB666A0F5E8CD28.e.3/value HTTP/1.1" 200 0
DEBUG:selenium.webdriver.remote.remote_connection:Remote response: status=200 | data={"value":null} | headers=HTTPHeaderDict({'Content-Length': '14', 'Content-Type': 'application/json; charset=utf-8', 'cache-control': 'no-cache'})
DEBUG:selenium.webdriver.remote.remote_connection:Finished Request
DEBUG:selenium.webdriver.remote.remote_connection:POST http://localhost:57549/session/2eb8d645d07ce069170b084f77aa1fc4/element {'using': 'css selector', 'value': '[id="user_password"]'}
DEBUG:urllib3.connectionpool:http://localhost:57549 "POST /session/2eb8d645d07ce069170b084f77aa1fc4/element HTTP/1.1" 200 0
DEBUG:selenium.webdriver.remote.remote_connection:Remote response: status=200 | data={"value":{"element-6066-11e4-a52e-4f735466cecf":"f.4A21C222EB6E7FA2C6945FD5A6BF8D43.d.B45097D15FE97A58ADB666A0F5E8CD28.e.4"}} | headers=HTTPHeaderDict({'Content-Length': '125', 'Content-Type': 'application/json; charset=utf-8', 'cache-control': 'no-cache'})
DEBUG:selenium.webdriver.remote.remote_connection:Finished Request
DEBUG:selenium.webdriver.remote.remote_connection:POST http://localhost:57549/session/2eb8d645d07ce069170b084f77aa1fc4/element/f.4A21C222EB6E7FA2C6945FD5A6BF8D43.d.B45097D15FE97A58ADB666A0F5E8CD28.e.4/value {'text': 'Al89086307525Zx!', 'value': ['A', 'l', '8', '9', '0', '8', '6', '3', '0', '7', '5', '2', '5', 'Z', 'x', '!']}
DEBUG:urllib3.connectionpool:http://localhost:57549 "POST /session/2eb8d645d07ce069170b084f77aa1fc4/element/f.4A21C222EB6E7FA2C6945FD5A6BF8D43.d.B45097D15FE97A58ADB666A0F5E8CD28.e.4/value HTTP/1.1" 200 0
DEBUG:selenium.webdriver.remote.remote_connection:Remote response: status=200 | data={"value":null} | headers=HTTPHeaderDict({'Content-Length': '14', 'Content-Type': 'application/json; charset=utf-8', 'cache-control': 'no-cache'})
DEBUG:selenium.webdriver.remote.remote_connection:Finished Request
DEBUG:selenium.webdriver.remote.remote_connection:POST http://localhost:57549/session/2eb8d645d07ce069170b084f77aa1fc4/element {'using': 'css selector', 'value': '.icheckbox'}
DEBUG:urllib3.connectionpool:http://localhost:57549 "POST /session/2eb8d645d07ce069170b084f77aa1fc4/element HTTP/1.1" 200 0
DEBUG:selenium.webdriver.remote.remote_connection:Remote response: status=200 | data={"value":{"element-6066-11e4-a52e-4f735466cecf":"f.4A21C222EB6E7FA2C6945FD5A6BF8D43.d.B45097D15FE97A58ADB666A0F5E8CD28.e.36"}} | headers=HTTPHeaderDict({'Content-Length': '126', 'Content-Type': 'application/json; charset=utf-8', 'cache-control': 'no-cache'})
DEBUG:selenium.webdriver.remote.remote_connection:Finished Request
DEBUG:selenium.webdriver.remote.remote_connection:POST http://localhost:57549/session/2eb8d645d07ce069170b084f77aa1fc4/element/f.4A21C222EB6E7FA2C6945FD5A6BF8D43.d.B45097D15FE97A58ADB666A0F5E8CD28.e.36/click {}
DEBUG:urllib3.connectionpool:http://localhost:57549 "POST /session/2eb8d645d07ce069170b084f77aa1fc4/element/f.4A21C222EB6E7FA2C6945FD5A6BF8D43.d.B45097D15FE97A58ADB666A0F5E8CD28.e.36/click HTTP/1.1" 200 0
DEBUG:selenium.webdriver.remote.remote_connection:Remote response: status=200 | data={"value":null} | headers=HTTPHeaderDict({'Content-Length': '14', 'Content-Type': 'application/json; charset=utf-8', 'cache-control': 'no-cache'})
DEBUG:selenium.webdriver.remote.remote_connection:Finished Request
DEBUG:selenium.webdriver.remote.remote_connection:POST http://localhost:57549/session/2eb8d645d07ce069170b084f77aa1fc4/element {'using': 'css selector', 'value': '[name="commit"]'}
DEBUG:urllib3.connectionpool:http://localhost:57549 "POST /session/2eb8d645d07ce069170b084f77aa1fc4/element HTTP/1.1" 200 0
DEBUG:selenium.webdriver.remote.remote_connection:Remote response: status=200 | data={"value":{"element-6066-11e4-a52e-4f735466cecf":"f.4A21C222EB6E7FA2C6945FD5A6BF8D43.d.B45097D15FE97A58ADB666A0F5E8CD28.e.8"}} | headers=HTTPHeaderDict({'Content-Length': '125', 'Content-Type': 'application/json; charset=utf-8', 'cache-control': 'no-cache'})
DEBUG:selenium.webdriver.remote.remote_connection:Finished Request
DEBUG:selenium.webdriver.remote.remote_connection:POST http://localhost:57549/session/2eb8d645d07ce069170b084f77aa1fc4/element/f.4A21C222EB6E7FA2C6945FD5A6BF8D43.d.B45097D15FE97A58ADB666A0F5E8CD28.e.8/click {}
DEBUG:urllib3.connectionpool:http://localhost:57549 "POST /session/2eb8d645d07ce069170b084f77aa1fc4/element/f.4A21C222EB6E7FA2C6945FD5A6BF8D43.d.B45097D15FE97A58ADB666A0F5E8CD28.e.8/click HTTP/1.1" 200 0
DEBUG:selenium.webdriver.remote.remote_connection:Remote response: status=200 | data={"value":null} | headers=HTTPHeaderDict({'Content-Length': '14', 'Content-Type': 'application/json; charset=utf-8', 'cache-control': 'no-cache'})
DEBUG:selenium.webdriver.remote.remote_connection:Finished Request
DEBUG:telethon.network.mtprotosender:Handling update UpdateShort
DEBUG:telethon.network.mtprotosender:Receiving items from the network...
DEBUG:selenium.webdriver.remote.remote_connection:POST http://localhost:57549/session/2eb8d645d07ce069170b084f77aa1fc4/url {'url': 'https://ais.usvisa-info.com/ru-kz/niv/schedule/71354735/payment'}
DEBUG:telethon.network.mtprotosender:Handling update UpdateShort
DEBUG:telethon.network.mtprotosender:Receiving items from the network...
DEBUG:telethon.network.mtprotosender:Handling update UpdateShort
DEBUG:telethon.network.mtprotosender:Receiving items from the network...
DEBUG:urllib3.connectionpool:http://localhost:57549 "POST /session/2eb8d645d07ce069170b084f77aa1fc4/url HTTP/1.1" 200 0
DEBUG:selenium.webdriver.remote.remote_connection:Remote response: status=200 | data={"value":null} | headers=HTTPHeaderDict({'Content-Length': '14', 'Content-Type': 'application/json; charset=utf-8', 'cache-control': 'no-cache'})
DEBUG:selenium.webdriver.remote.remote_connection:Finished Request
DEBUG:telethon.network.mtprotosender:Handling update UpdateShort
DEBUG:telethon.network.mtprotosender:Receiving items from the network...
DEBUG:telethon.network.mtprotosender:Handling update UpdateShort
DEBUG:telethon.network.mtprotosender:Receiving items from the network...
DEBUG:telethon.network.mtprotosender:Handling update UpdateShort
DEBUG:telethon.network.mtprotosender:Receiving items from the network...
DEBUG:selenium.webdriver.remote.remote_connection:POST http://localhost:57549/session/2eb8d645d07ce069170b084f77aa1fc4/element {'using': 'xpath', 'value': '//*[@id="paymentOptions"]/div[2]/table/tbody/tr[1]/td[2]'}
DEBUG:urllib3.connectionpool:http://localhost:57549 "POST /session/2eb8d645d07ce069170b084f77aa1fc4/element HTTP/1.1" 200 0
DEBUG:selenium.webdriver.remote.remote_connection:Remote response: status=200 | data={"value":{"element-6066-11e4-a52e-4f735466cecf":"f.4A21C222EB6E7FA2C6945FD5A6BF8D43.d.7936857BFB24D69FA2ED21940918F5DA.e.88"}} | headers=HTTPHeaderDict({'Content-Length': '126', 'Content-Type': 'application/json; charset=utf-8', 'cache-control': 'no-cache'})
DEBUG:selenium.webdriver.remote.remote_connection:Finished Request
DEBUG:selenium.webdriver.remote.remote_connection:GET http://localhost:57549/session/2eb8d645d07ce069170b084f77aa1fc4/element/f.4A21C222EB6E7FA2C6945FD5A6BF8D43.d.7936857BFB24D69FA2ED21940918F5DA.e.88/text {}
DEBUG:urllib3.connectionpool:http://localhost:57549 "GET /session/2eb8d645d07ce069170b084f77aa1fc4/element/f.4A21C222EB6E7FA2C6945FD5A6BF8D43.d.7936857BFB24D69FA2ED21940918F5DA.e.88/text HTTP/1.1" 200 0
DEBUG:selenium.webdriver.remote.remote_connection:Remote response: status=200 | data={"value":"В данный момент запись невозможна."} | headers=HTTPHeaderDict({'Content-Length': '75', 'Content-Type': 'application/json; charset=utf-8', 'cache-control': 'no-cache'})
DEBUG:selenium.webdriver.remote.remote_connection:Finished Request
INFO:my_logger:Контент функции get_payment: В данный момент запись невозможна.
DEBUG:selenium.webdriver.remote.remote_connection:DELETE http://localhost:57549/session/2eb8d645d07ce069170b084f77aa1fc4/window {}
DEBUG:urllib3.connectionpool:http://localhost:57549 "DELETE /session/2eb8d645d07ce069170b084f77aa1fc4/window HTTP/1.1" 200 0
DEBUG:selenium.webdriver.remote.remote_connection:Remote response: status=200 | data={"value":[]} | headers=HTTPHeaderDict({'Content-Length': '12', 'Content-Type': 'application/json; charset=utf-8', 'cache-control': 'no-cache'})
DEBUG:selenium.webdriver.remote.remote_connection:Finished Request
INFO:my_logger:Содержание функции login: None
INFO:my_logger:login start
WARNING:telethon.network.mtprotostate:Server sent a very old message with ID 7578893327115452417, ignoring (see FAQ for details)
DEBUG:selenium.webdriver.remote.remote_connection:POST http://localhost:57549/session/2eb8d645d07ce069170b084f77aa1fc4/url {'url': 'https://ais.usvisa-info.com/ru-kz/niv/users/sign_in'}
DEBUG:telethon.network.mtprotosender:Receiving items from the network...
DEBUG:urllib3.connectionpool:http://localhost:57549 "POST /session/2eb8d645d07ce069170b084f77aa1fc4/url HTTP/1.1" 404 0
DEBUG:selenium.webdriver.remote.remote_connection:Remote response: status=404 | data={"value":{"error":"invalid session id","message":"invalid session id","stacktrace":"0   chromedriver                        0x000000010cb1b698 chromedriver + 6153880\n1   chromedriver                        0x000000010cb12b6a chromedriver + 6118250\n2   chromedriver                        0x000000010c5a7878 chromedriver + 436344\n3   chromedriver                        0x000000010c5ebd1b chromedriver + 716059\n4   chromedriver                        0x000000010c620886 chromedriver + 931974\n5   chromedriver                        0x000000010c61afe4 chromedriver + 909284\n6   chromedriver                        0x000000010c61a397 chromedriver + 906135\n7   chromedriver                        0x000000010c56ed0f chromedriver + 204047\n8   chromedriver                        0x000000010cad8011 chromedriver + 5877777\n9   chromedriver                        0x000000010cadc4c2 chromedriver + 5895362\n10  chromedriver                        0x000000010cab4155 chromedriver + 5730645\n11  chromedriver                        0x000000010cadcf6f chromedriver + 5898095\n12  chromedriver                        0x000000010caa3dc4 chromedriver + 5664196\n13  chromedriver                        0x000000010c56c924 chromedriver + 194852\n14  dyld                                0x00007ff80c856418 start + 1896\n"}} | headers=HTTPHeaderDict({'Content-Length': '1315', 'Content-Type': 'application/json; charset=utf-8', 'cache-control': 'no-cache'})
DEBUG:selenium.webdriver.remote.remote_connection:Finished Request
WARNING:telethon.network.mtprotostate:Server sent a very old message with ID 7578893337124825089, ignoring (see FAQ for details)
DEBUG:telethon.network.mtprotosender:Receiving items from the network...
DEBUG:telethon.extensions.messagepacker:Assigned msg_id = 7578895904006591076 to PingRequest (11242e6a0)
DEBUG:telethon.network.mtprotosender:Encrypting 1 message(s) in 28 bytes for sending
DEBUG:telethon.network.mtprotosender:Encrypted messages put in a queue to be sent
DEBUG:telethon.network.mtprotosender:Waiting for messages to send...
DEBUG:telethon.extensions.messagepacker:Assigned msg_id = 7578895904014543768 to MsgsAck (11242ea90)
DEBUG:telethon.network.mtprotosender:Encrypting 1 message(s) in 84 bytes for sending
WARNING:telethon.network.mtprotostate:Server sent a very old message with ID 7578893337316962305, ignoring (see FAQ for details)
DEBUG:telethon.network.mtprotosender:Receiving items from the network...
DEBUG:telethon.network.mtprotosender:Encrypted messages put in a queue to be sent
DEBUG:telethon.network.mtprotosender:Waiting for messages to send...
WARNING:telethon.network.mtprotostate:Server sent a very old message with ID 7578893369699666945, ignoring (see FAQ for details)
DEBUG:telethon.network.mtprotosender:Receiving items from the network...
INFO:telethon.network.mtprotosender:Disconnecting from 149.154.167.51:443/TcpFull...
DEBUG:telethon.network.mtprotosender:Closing current connection...
WARNING:telethon.network.mtprotostate:Server sent a very old message with ID 7578893379625641985, ignoring (see FAQ for details)
DEBUG:telethon.network.mtprotosender:Cancelling 1 pending message(s)...
INFO:telethon.network.mtprotosender:Disconnection from 149.154.167.51:443/TcpFull complete!
DEBUG:selenium.webdriver.common.selenium_manager:Selenium Manager binary found at: /Users/korobkin/Library/Python/3.9/lib/python/site-packages/selenium/webdriver/common/macos/selenium-manager
DEBUG:selenium.webdriver.common.selenium_manager:Executing process: /Users/korobkin/Library/Python/3.9/lib/python/site-packages/selenium/webdriver/common/macos/selenium-manager --browser chrome --debug --language-binding python --output json
DEBUG:selenium.webdriver.common.selenium_manager:Sending stats to Plausible: Props { browser: "chrome", browser_version: "", os: "macos", arch: "x86_64", lang: "python", selenium_version: "4.36" }
DEBUG:selenium.webdriver.common.selenium_manager:chromedriver not found in PATH
DEBUG:selenium.webdriver.common.selenium_manager:chrome detected at /Applications/Google Chrome.app/Contents/MacOS/Google Chrome
DEBUG:selenium.webdriver.common.selenium_manager:Running command: /Applications/Google\ Chrome.app/Contents/MacOS/Google\ Chrome --version
DEBUG:selenium.webdriver.common.selenium_manager:Output: "Google Chrome 142.0.7444.176 "
DEBUG:selenium.webdriver.common.selenium_manager:Detected browser: chrome 142.0.7444.176
DEBUG:selenium.webdriver.common.selenium_manager:Discovering versions from https://googlechromelabs.github.io/chrome-for-testing/known-good-versions-with-downloads.json
DEBUG:selenium.webdriver.common.selenium_manager:Required driver: chromedriver 142.0.7444.175
DEBUG:selenium.webdriver.common.selenium_manager:chromedriver 142.0.7444.175 already in the cache
DEBUG:selenium.webdriver.common.selenium_manager:Driver path: /Users/korobkin/.cache/selenium/chromedriver/mac-x64/142.0.7444.175/chromedriver
DEBUG:selenium.webdriver.common.selenium_manager:Browser path: /Applications/Google Chrome.app/Contents/MacOS/Google Chrome
DEBUG:selenium.webdriver.common.service:Started executable: `/Users/korobkin/.cache/selenium/chromedriver/mac-x64/142.0.7444.175/chromedriver` in a child process with pid: 46380 using 0 to output -3
DEBUG:selenium.webdriver.remote.remote_connection:POST http://localhost:57733/session {'capabilities': {'firstMatch': [{}], 'alwaysMatch': {'browserName': 'chrome', 'pageLoadStrategy': <PageLoadStrategy.normal: 'normal'>, 'browserVersion': None, 'goog:chromeOptions': {'extensions': [], 'binary': '/Applications/Google Chrome.app/Contents/MacOS/Google Chrome', 'args': []}}}}
DEBUG:urllib3.connectionpool:Starting new HTTP connection (1): localhost:57733
DEBUG:urllib3.connectionpool:http://localhost:57733 "POST /session HTTP/1.1" 200 0
DEBUG:selenium.webdriver.remote.remote_connection:Remote response: status=200 | data={"value":{"capabilities":{"acceptInsecureCerts":false,"browserName":"chrome","browserVersion":"142.0.7444.176","chrome":{"chromedriverVersion":"142.0.7444.175 (302067f14a4ea3f42001580e6101fa25ed343445-refs/branch-heads/7444@{#2749})","userDataDir":"/var/folders/xq/k28hhdp52nsbf92tjy5nm6940000gn/T/.org.chromium.Chromium.scoped_dir.DVqMjM"},"fedcm:accounts":true,"goog:chromeOptions":{"debuggerAddress":"localhost:57750"},"goog:processID":46381,"networkConnectionEnabled":false,"pageLoadStrategy":"normal","platformName":"mac","proxy":{},"setWindowRect":true,"strictFileInteractability":false,"timeouts":{"implicit":0,"pageLoad":300000,"script":30000},"unhandledPromptBehavior":"dismiss and notify","webauthn:extension:credBlob":true,"webauthn:extension:largeBlob":true,"webauthn:extension:minPinLength":true,"webauthn:extension:prf":true,"webauthn:virtualAuthenticators":true},"sessionId":"64c0b026e55464ceeb57d6fb3523d814"}} | headers=HTTPHeaderDict({'Content-Length': '926', 'Content-Type': 'application/json; charset=utf-8', 'cache-control': 'no-cache'})
DEBUG:selenium.webdriver.remote.remote_connection:Finished Request
INFO:my_logger:parsing start
DEBUG:asyncio:Using selector: KqueueSelector
INFO:telethon.network.mtprotosender:Connecting to 149.154.167.51:443/TcpFull...
DEBUG:telethon.network.mtprotosender:Connection attempt 1...
DEBUG:telethon.network.mtprotosender:Connection success!
DEBUG:telethon.network.mtprotosender:Starting send loop
DEBUG:telethon.network.mtprotosender:Starting receive loop
INFO:telethon.network.mtprotosender:Connection to 149.154.167.51:443/TcpFull complete!
DEBUG:telethon.network.mtprotosender:Waiting for messages to send...
DEBUG:telethon.extensions.messagepacker:Assigned msg_id = 7578897835522574004 to InvokeWithLayerRequest (105c28ca0)
DEBUG:telethon.network.mtprotosender:Encrypting 1 message(s) in 80 bytes for sending
DEBUG:telethon.network.mtprotosender:Encrypted messages put in a queue to be sent
DEBUG:telethon.network.mtprotosender:Waiting for messages to send...
DEBUG:telethon.network.mtprotosender:Receiving items from the network...
DEBUG:telethon.network.mtprotosender:Handling bad salt for message 7578897835522574004
DEBUG:telethon.network.mtprotosender:1 message(s) will be resent
DEBUG:telethon.network.mtprotosender:Receiving items from the network...
DEBUG:telethon.extensions.messagepacker:Assigned msg_id = 7578897835595362244 to InvokeWithLayerRequest (105c28ca0)
DEBUG:telethon.network.mtprotosender:Encrypting 1 message(s) in 80 bytes for sending
DEBUG:telethon.network.mtprotosender:Encrypted messages put in a queue to be sent
DEBUG:telethon.network.mtprotosender:Waiting for messages to send...
DEBUG:telethon.extensions.messagepacker:Assigned msg_id = 7578897835597602424 to MsgsAck (105c28dc0)
DEBUG:telethon.network.mtprotosender:Encrypting 1 message(s) in 36 bytes for sending
DEBUG:telethon.network.mtprotosender:Encrypted messages put in a queue to be sent
DEBUG:telethon.network.mtprotosender:Waiting for messages to send...
DEBUG:telethon.network.mtprotosender:Handling container
DEBUG:telethon.network.mtprotosender:Handling new session created
DEBUG:telethon.network.mtprotosender:Handling acknowledge for [7578897835595362244]
DEBUG:telethon.network.mtprotosender:Receiving items from the network...
DEBUG:telethon.network.mtprotosender:Handling RPC result for message 7578897835595362244
DEBUG:telethon.network.mtprotosender:Receiving items from the network...
DEBUG:telethon.extensions.messagepacker:Assigned msg_id = 7578897835755042612 to GetUsersRequest (105c28cd0)
DEBUG:telethon.network.mtprotosender:Encrypting 1 message(s) in 32 bytes for sending
DEBUG:telethon.network.mtprotosender:Encrypted messages put in a queue to be sent
DEBUG:telethon.network.mtprotosender:Waiting for messages to send...
DEBUG:telethon.extensions.messagepacker:Assigned msg_id = 7578897835757418212 to MsgsAck (105c28d30)
DEBUG:telethon.network.mtprotosender:Encrypting 1 message(s) in 60 bytes for sending
DEBUG:telethon.network.mtprotosender:Encrypted messages put in a queue to be sent
DEBUG:telethon.network.mtprotosender:Waiting for messages to send...
DEBUG:telethon.network.mtprotosender:Handling RPC result for message 7578897835755042612
DEBUG:telethon.network.mtprotosender:Receiving items from the network...
DEBUG:telethon.extensions.messagepacker:Assigned msg_id = 7578897835945098460 to GetStateRequest (105c28cd0)
DEBUG:telethon.network.mtprotosender:Encrypting 1 message(s) in 20 bytes for sending
DEBUG:telethon.network.mtprotosender:Encrypted messages put in a queue to be sent
DEBUG:telethon.network.mtprotosender:Waiting for messages to send...
DEBUG:telethon.extensions.messagepacker:Assigned msg_id = 7578897835959990084 to MsgsAck (105c28970)
DEBUG:telethon.network.mtprotosender:Encrypting 1 message(s) in 36 bytes for sending
DEBUG:telethon.network.mtprotosender:Encrypted messages put in a queue to be sent
DEBUG:telethon.network.mtprotosender:Waiting for messages to send...
DEBUG:telethon.network.mtprotosender:Handling RPC result for message 7578897835945098460
DEBUG:telethon.network.mtprotosender:Receiving items from the network...
DEBUG:telethon.extensions.messagepacker:Assigned msg_id = 7578897836078050196 to GetDifferenceRequest (105c28cd0)
DEBUG:telethon.network.mtprotosender:Encrypting 1 message(s) in 36 bytes for sending
DEBUG:telethon.network.mtprotosender:Encrypted messages put in a queue to be sent
DEBUG:telethon.network.mtprotosender:Waiting for messages to send...
DEBUG:telethon.extensions.messagepacker:Assigned msg_id = 7578897836085499344 to MsgsAck (105c28eb0)
DEBUG:telethon.network.mtprotosender:Encrypting 1 message(s) in 36 bytes for sending
DEBUG:telethon.network.mtprotosender:Encrypted messages put in a queue to be sent
DEBUG:telethon.network.mtprotosender:Waiting for messages to send...
DEBUG:telethon.network.mtprotosender:Handling RPC result for message 7578897836078050196
DEBUG:telethon.network.mtprotosender:Receiving items from the network...
DEBUG:telethon.extensions.messagepacker:Assigned msg_id = 7578897836214998780 to GetUsersRequest (105c28c40)
DEBUG:telethon.network.mtprotosender:Encrypting 1 message(s) in 32 bytes for sending
DEBUG:telethon.network.mtprotosender:Encrypted messages put in a queue to be sent
DEBUG:telethon.network.mtprotosender:Waiting for messages to send...
DEBUG:telethon.extensions.messagepacker:Assigned msg_id = 7578897836220597804 to MsgsAck (105c50520)
DEBUG:telethon.network.mtprotosender:Encrypting 1 message(s) in 36 bytes for sending
DEBUG:telethon.network.mtprotosender:Encrypted messages put in a queue to be sent
DEBUG:telethon.network.mtprotosender:Waiting for messages to send...
DEBUG:telethon.network.mtprotosender:Handling RPC result for message 7578897836214998780
DEBUG:telethon.network.mtprotosender:Receiving items from the network...
INFO:my_logger:login start
DEBUG:selenium.webdriver.remote.remote_connection:POST http://localhost:57733/session/64c0b026e55464ceeb57d6fb3523d814/url {'url': 'https://ais.usvisa-info.com/ru-kz/niv/users/sign_in'}
DEBUG:urllib3.connectionpool:http://localhost:57733 "POST /session/64c0b026e55464ceeb57d6fb3523d814/url HTTP/1.1" 200 0
DEBUG:selenium.webdriver.remote.remote_connection:Remote response: status=200 | data={"value":null} | headers=HTTPHeaderDict({'Content-Length': '14', 'Content-Type': 'application/json; charset=utf-8', 'cache-control': 'no-cache'})
DEBUG:selenium.webdriver.remote.remote_connection:Finished Request
DEBUG:telethon.network.mtprotosender:Handling update UpdateShort
DEBUG:telethon.network.mtprotosender:Receiving items from the network...
DEBUG:selenium.webdriver.remote.remote_connection:POST http://localhost:57733/session/64c0b026e55464ceeb57d6fb3523d814/element {'using': 'css selector', 'value': '[id="user_email"]'}
DEBUG:urllib3.connectionpool:http://localhost:57733 "POST /session/64c0b026e55464ceeb57d6fb3523d814/element HTTP/1.1" 200 0
DEBUG:selenium.webdriver.remote.remote_connection:Remote response: status=200 | data={"value":{"element-6066-11e4-a52e-4f735466cecf":"f.B560E7AE1602F37949FCD7063BA67B86.d.549DE7CDA33D3A2F4F60C5395E84C691.e.4"}} | headers=HTTPHeaderDict({'Content-Length': '125', 'Content-Type': 'application/json; charset=utf-8', 'cache-control': 'no-cache'})
DEBUG:selenium.webdriver.remote.remote_connection:Finished Request
DEBUG:selenium.webdriver.remote.remote_connection:POST http://localhost:57733/session/64c0b026e55464ceeb57d6fb3523d814/element/f.B560E7AE1602F37949FCD7063BA67B86.d.549DE7CDA33D3A2F4F60C5395E84C691.e.4/value {'text': 'doner66@gmail.com', 'value': ['d', 'o', 'n', 'e', 'r', '6', '6', '@', 'g', 'm', 'a', 'i', 'l', '.', 'c', 'o', 'm']}
DEBUG:urllib3.connectionpool:http://localhost:57733 "POST /session/64c0b026e55464ceeb57d6fb3523d814/element/f.B560E7AE1602F37949FCD7063BA67B86.d.549DE7CDA33D3A2F4F60C5395E84C691.e.4/value HTTP/1.1" 200 0
DEBUG:selenium.webdriver.remote.remote_connection:Remote response: status=200 | data={"value":null} | headers=HTTPHeaderDict({'Content-Length': '14', 'Content-Type': 'application/json; charset=utf-8', 'cache-control': 'no-cache'})
DEBUG:selenium.webdriver.remote.remote_connection:Finished Request
DEBUG:telethon.network.mtprotosender:Handling update UpdateShort
DEBUG:telethon.network.mtprotosender:Receiving items from the network...
DEBUG:selenium.webdriver.remote.remote_connection:POST http://localhost:57733/session/64c0b026e55464ceeb57d6fb3523d814/element {'using': 'css selector', 'value': '[id="user_password"]'}
DEBUG:urllib3.connectionpool:http://localhost:57733 "POST /session/64c0b026e55464ceeb57d6fb3523d814/element HTTP/1.1" 200 0
DEBUG:selenium.webdriver.remote.remote_connection:Remote response: status=200 | data={"value":{"element-6066-11e4-a52e-4f735466cecf":"f.B560E7AE1602F37949FCD7063BA67B86.d.549DE7CDA33D3A2F4F60C5395E84C691.e.5"}} | headers=HTTPHeaderDict({'Content-Length': '125', 'Content-Type': 'application/json; charset=utf-8', 'cache-control': 'no-cache'})
DEBUG:selenium.webdriver.remote.remote_connection:Finished Request
DEBUG:selenium.webdriver.remote.remote_connection:POST http://localhost:57733/session/64c0b026e55464ceeb57d6fb3523d814/element/f.B560E7AE1602F37949FCD7063BA67B86.d.549DE7CDA33D3A2F4F60C5395E84C691.e.5/value {'text': 'Al89086307525Zx!', 'value': ['A', 'l', '8', '9', '0', '8', '6', '3', '0', '7', '5', '2', '5', 'Z', 'x', '!']}
DEBUG:urllib3.connectionpool:http://localhost:57733 "POST /session/64c0b026e55464ceeb57d6fb3523d814/element/f.B560E7AE1602F37949FCD7063BA67B86.d.549DE7CDA33D3A2F4F60C5395E84C691.e.5/value HTTP/1.1" 200 0
DEBUG:selenium.webdriver.remote.remote_connection:Remote response: status=200 | data={"value":null} | headers=HTTPHeaderDict({'Content-Length': '14', 'Content-Type': 'application/json; charset=utf-8', 'cache-control': 'no-cache'})
DEBUG:selenium.webdriver.remote.remote_connection:Finished Request
DEBUG:selenium.webdriver.remote.remote_connection:POST http://localhost:57733/session/64c0b026e55464ceeb57d6fb3523d814/element {'using': 'css selector', 'value': '.icheckbox'}
DEBUG:urllib3.connectionpool:http://localhost:57733 "POST /session/64c0b026e55464ceeb57d6fb3523d814/element HTTP/1.1" 200 0
DEBUG:selenium.webdriver.remote.remote_connection:Remote response: status=200 | data={"value":{"element-6066-11e4-a52e-4f735466cecf":"f.B560E7AE1602F37949FCD7063BA67B86.d.549DE7CDA33D3A2F4F60C5395E84C691.e.33"}} | headers=HTTPHeaderDict({'Content-Length': '126', 'Content-Type': 'application/json; charset=utf-8', 'cache-control': 'no-cache'})
DEBUG:selenium.webdriver.remote.remote_connection:Finished Request
DEBUG:selenium.webdriver.remote.remote_connection:POST http://localhost:57733/session/64c0b026e55464ceeb57d6fb3523d814/element/f.B560E7AE1602F37949FCD7063BA67B86.d.549DE7CDA33D3A2F4F60C5395E84C691.e.33/click {}
DEBUG:urllib3.connectionpool:http://localhost:57733 "POST /session/64c0b026e55464ceeb57d6fb3523d814/element/f.B560E7AE1602F37949FCD7063BA67B86.d.549DE7CDA33D3A2F4F60C5395E84C691.e.33/click HTTP/1.1" 200 0
DEBUG:selenium.webdriver.remote.remote_connection:Remote response: status=200 | data={"value":null} | headers=HTTPHeaderDict({'Content-Length': '14', 'Content-Type': 'application/json; charset=utf-8', 'cache-control': 'no-cache'})
DEBUG:selenium.webdriver.remote.remote_connection:Finished Request
DEBUG:selenium.webdriver.remote.remote_connection:POST http://localhost:57733/session/64c0b026e55464ceeb57d6fb3523d814/element {'using': 'css selector', 'value': '[name="commit"]'}
DEBUG:urllib3.connectionpool:http://localhost:57733 "POST /session/64c0b026e55464ceeb57d6fb3523d814/element HTTP/1.1" 200 0
DEBUG:selenium.webdriver.remote.remote_connection:Remote response: status=200 | data={"value":{"element-6066-11e4-a52e-4f735466cecf":"f.B560E7AE1602F37949FCD7063BA67B86.d.549DE7CDA33D3A2F4F60C5395E84C691.e.9"}} | headers=HTTPHeaderDict({'Content-Length': '125', 'Content-Type': 'application/json; charset=utf-8', 'cache-control': 'no-cache'})
DEBUG:selenium.webdriver.remote.remote_connection:Finished Request
DEBUG:selenium.webdriver.remote.remote_connection:POST http://localhost:57733/session/64c0b026e55464ceeb57d6fb3523d814/element/f.B560E7AE1602F37949FCD7063BA67B86.d.549DE7CDA33D3A2F4F60C5395E84C691.e.9/click {}
DEBUG:urllib3.connectionpool:http://localhost:57733 "POST /session/64c0b026e55464ceeb57d6fb3523d814/element/f.B560E7AE1602F37949FCD7063BA67B86.d.549DE7CDA33D3A2F4F60C5395E84C691.e.9/click HTTP/1.1" 200 0
DEBUG:selenium.webdriver.remote.remote_connection:Remote response: status=200 | data={"value":null} | headers=HTTPHeaderDict({'Content-Length': '14', 'Content-Type': 'application/json; charset=utf-8', 'cache-control': 'no-cache'})
DEBUG:selenium.webdriver.remote.remote_connection:Finished Request
DEBUG:telethon.network.mtprotosender:Handling container
DEBUG:telethon.network.mtprotosender:Handling update UpdateShort
DEBUG:telethon.network.mtprotosender:Handling update UpdateShort
DEBUG:telethon.network.mtprotosender:Receiving items from the network...
DEBUG:selenium.webdriver.remote.remote_connection:POST http://localhost:57733/session/64c0b026e55464ceeb57d6fb3523d814/url {'url': 'https://ais.usvisa-info.com/ru-kz/niv/schedule/71354735/payment'}
DEBUG:urllib3.connectionpool:http://localhost:57733 "POST /session/64c0b026e55464ceeb57d6fb3523d814/url HTTP/1.1" 200 0
DEBUG:selenium.webdriver.remote.remote_connection:Remote response: status=200 | data={"value":null} | headers=HTTPHeaderDict({'Content-Length': '14', 'Content-Type': 'application/json; charset=utf-8', 'cache-control': 'no-cache'})
DEBUG:selenium.webdriver.remote.remote_connection:Finished Request
DEBUG:telethon.network.mtprotosender:Handling container
DEBUG:telethon.network.mtprotosender:Handling update UpdateShort
DEBUG:telethon.network.mtprotosender:Handling update UpdateShort
DEBUG:telethon.network.mtprotosender:Receiving items from the network...
DEBUG:telethon.network.mtprotosender:Handling update UpdateShort
DEBUG:telethon.network.mtprotosender:Receiving items from the network...
DEBUG:selenium.webdriver.remote.remote_connection:POST http://localhost:57733/session/64c0b026e55464ceeb57d6fb3523d814/element {'using': 'xpath', 'value': '//*[@id="paymentOptions"]/div[2]/table/tbody/tr[1]/td[2]'}
DEBUG:urllib3.connectionpool:http://localhost:57733 "POST /session/64c0b026e55464ceeb57d6fb3523d814/element HTTP/1.1" 200 0
DEBUG:selenium.webdriver.remote.remote_connection:Remote response: status=200 | data={"value":{"element-6066-11e4-a52e-4f735466cecf":"f.B560E7AE1602F37949FCD7063BA67B86.d.5E8B1532B2DDFECFAF1425BF2ACDE531.e.39"}} | headers=HTTPHeaderDict({'Content-Length': '126', 'Content-Type': 'application/json; charset=utf-8', 'cache-control': 'no-cache'})
DEBUG:selenium.webdriver.remote.remote_connection:Finished Request
DEBUG:selenium.webdriver.remote.remote_connection:GET http://localhost:57733/session/64c0b026e55464ceeb57d6fb3523d814/element/f.B560E7AE1602F37949FCD7063BA67B86.d.5E8B1532B2DDFECFAF1425BF2ACDE531.e.39/text {}
DEBUG:urllib3.connectionpool:http://localhost:57733 "GET /session/64c0b026e55464ceeb57d6fb3523d814/element/f.B560E7AE1602F37949FCD7063BA67B86.d.5E8B1532B2DDFECFAF1425BF2ACDE531.e.39/text HTTP/1.1" 200 0
DEBUG:selenium.webdriver.remote.remote_connection:Remote response: status=200 | data={"value":"В данный момент запись невозможна."} | headers=HTTPHeaderDict({'Content-Length': '75', 'Content-Type': 'application/json; charset=utf-8', 'cache-control': 'no-cache'})
DEBUG:selenium.webdriver.remote.remote_connection:Finished Request
INFO:my_logger:Контент функции get_payment: В данный момент запись невозможна.
DEBUG:selenium.webdriver.remote.remote_connection:DELETE http://localhost:57733/session/64c0b026e55464ceeb57d6fb3523d814/window {}
DEBUG:urllib3.connectionpool:http://localhost:57733 "DELETE /session/64c0b026e55464ceeb57d6fb3523d814/window HTTP/1.1" 200 0
DEBUG:selenium.webdriver.remote.remote_connection:Remote response: status=200 | data={"value":[]} | headers=HTTPHeaderDict({'Content-Length': '12', 'Content-Type': 'application/json; charset=utf-8', 'cache-control': 'no-cache'})
DEBUG:selenium.webdriver.remote.remote_connection:Finished Request
INFO:my_logger:Содержание функции login: None
INFO:my_logger:login start
WARNING:telethon.network.mtprotostate:Server sent a very old message with ID 7578897950547100673, ignoring (see FAQ for details)
DEBUG:selenium.webdriver.remote.remote_connection:POST http://localhost:57733/session/64c0b026e55464ceeb57d6fb3523d814/url {'url': 'https://ais.usvisa-info.com/ru-kz/niv/users/sign_in'}
DEBUG:telethon.network.mtprotosender:Receiving items from the network...
DEBUG:urllib3.connectionpool:http://localhost:57733 "POST /session/64c0b026e55464ceeb57d6fb3523d814/url HTTP/1.1" 404 0
DEBUG:selenium.webdriver.remote.remote_connection:Remote response: status=404 | data={"value":{"error":"invalid session id","message":"invalid session id","stacktrace":"0   chromedriver                        0x0000000105f7a698 chromedriver + 6153880\n1   chromedriver                        0x0000000105f71b6a chromedriver + 6118250\n2   chromedriver                        0x0000000105a06878 chromedriver + 436344\n3   chromedriver                        0x0000000105a4ad1b chromedriver + 716059\n4   chromedriver                        0x0000000105a7f886 chromedriver + 931974\n5   chromedriver                        0x0000000105a79fe4 chromedriver + 909284\n6   chromedriver                        0x0000000105a79397 chromedriver + 906135\n7   chromedriver                        0x00000001059cdd0f chromedriver + 204047\n8   chromedriver                        0x0000000105f37011 chromedriver + 5877777\n9   chromedriver                        0x0000000105f3b4c2 chromedriver + 5895362\n10  chromedriver                        0x0000000105f13155 chromedriver + 5730645\n11  chromedriver                        0x0000000105f3bf6f chromedriver + 5898095\n12  chromedriver                        0x0000000105f02dc4 chromedriver + 5664196\n13  chromedriver                        0x00000001059cb924 chromedriver + 194852\n14  dyld                                0x00007ff80c856418 start + 1896\n"}} | headers=HTTPHeaderDict({'Content-Length': '1315', 'Content-Type': 'application/json; charset=utf-8', 'cache-control': 'no-cache'})
DEBUG:selenium.webdriver.remote.remote_connection:Finished Request
WARNING:telethon.network.mtprotostate:Server sent a very old message with ID 7578897985553750017, ignoring (see FAQ for details)
DEBUG:telethon.network.mtprotosender:Receiving items from the network...
DEBUG:telethon.extensions.messagepacker:Assigned msg_id = 7578900488252476356 to PingRequest (105c685b0)
DEBUG:telethon.network.mtprotosender:Encrypting 1 message(s) in 28 bytes for sending
DEBUG:telethon.network.mtprotosender:Encrypted messages put in a queue to be sent
DEBUG:telethon.network.mtprotosender:Waiting for messages to send...
DEBUG:telethon.extensions.messagepacker:Assigned msg_id = 7578900488254304552 to MsgsAck (10399ef40)
DEBUG:telethon.network.mtprotosender:Encrypting 1 message(s) in 108 bytes for sending
WARNING:telethon.network.mtprotostate:Server sent a very old message with ID 7578897995957882881, ignoring (see FAQ for details)
DEBUG:telethon.network.mtprotosender:Receiving items from the network...
DEBUG:telethon.network.mtprotosender:Encrypted messages put in a queue to be sent
DEBUG:telethon.network.mtprotosender:Waiting for messages to send...
WARNING:telethon.network.mtprotostate:Server sent a very old message with ID 7578898038495073281, ignoring (see FAQ for details)
DEBUG:telethon.network.mtprotosender:Receiving items from the network...
INFO:telethon.network.mtprotosender:Disconnecting from 149.154.167.51:443/TcpFull...
DEBUG:telethon.network.mtprotosender:Closing current connection...
WARNING:telethon.network.mtprotostate:Server sent a very old message with ID 7578898043122451457, ignoring (see FAQ for details)
DEBUG:telethon.network.mtprotosender:Cancelling 1 pending message(s)...
INFO:telethon.network.mtprotosender:Disconnection from 149.154.167.51:443/TcpFull complete!
